-- Sample (generated/fictional) volleyball database 
-- Copyright (C) 2020, Björn Þór Jónsson

-- Disclaimer:
-- Data is artificially and randomly generated, partially from a set of existing lists, and in no way represents reality.
-- The database and its contents may also intentionally be poorly designed, incomplete and missing.
-- The contents of this database are only intended for educational purposes in the field of database retrieval.


DROP TABLE IF EXISTS Sets;
DROP TABLE IF EXISTS Matches;
DROP TABLE IF EXISTS TeamsInDivisions;
DROP TABLE IF EXISTS Divisions;
DROP TABLE IF EXISTS Teams;
DROP TABLE IF EXISTS Clubs;
DROP TABLE IF EXISTS Genders;
DROP TABLE IF EXISTS Places;

-- Tables

CREATE TABLE Places (
  ID INTEGER, 
  name VARCHAR NOT NULL,
  population INTEGER NOT NULL,
  PRIMARY KEY (ID),
  UNIQUE (name)
);

CREATE TABLE Clubs (
  ID INTEGER,
  name VARCHAR NOT NULL,
  placeID INTEGER,
  founded INTEGER NOT NULL,
  PRIMARY KEY (ID),
  FOREIGN KEY (placeID) REFERENCES Places (ID)
);

CREATE TABLE Genders (
  ID INTEGER,
  gender CHAR(1) NOT NULL,
  description VARCHAR NOT NULL,
  PRIMARY KEY (ID),
  UNIQUE (gender)
);

CREATE TABLE Teams (
  ID INTEGER,
  clubID INTEGER NOT NULL,
  ordinal CHAR(1) NOT NULL,
  genderID INTEGER NOT NULL,
  PRIMARY KEY (ID),
  UNIQUE (clubID, ordinal, genderID),
  FOREIGN KEY (genderID) REFERENCES Genders (ID),
  FOREIGN KEY (clubID) REFERENCES Clubs (ID)
);

CREATE TABLE Divisions (
  ID INTEGER,
  name VARCHAR NOT NULL,
  genderID INTEGER NOT NULL,
  PRIMARY KEY (ID),
  UNIQUE (name, genderID),
  FOREIGN KEY (genderID) REFERENCES Genders (ID)
);

CREATE TABLE TeamsInDivisions (
  teamID INTEGER,
  divisionID INTEGER,
  PRIMARY KEY (teamID, divisionID),
  FOREIGN KEY (teamID) REFERENCES Teams (ID),
  FOREIGN KEY (divisionID) REFERENCES Divisions (ID)
);

CREATE TABLE Matches (
  ID INTEGER,
  divisionID INTEGER NOT NULL,
  hometeamID INTEGER NOT NULL,
  awayteamID INTEGER NOT NULL,
  homesets INTEGER,
  awaysets INTEGER,
  PRIMARY KEY (ID),
  FOREIGN KEY (hometeamID, divisionID) REFERENCES TeamsInDivisions (teamID, divisionID),
  FOREIGN KEY (awayteamID, divisionID) REFERENCES TeamsInDivisions (teamID, divisionID)
);

CREATE TABLE Sets (
  matchID INTEGER,
  setnumber INTEGER,
  homepoints INTEGER NOT NULL,
  awaypoints INTEGER NOT NULL,
  PRIMARY KEY (matchID, setnumber),
  FOREIGN KEY (matchID) REFERENCES Matches (ID)
);

\set CLIENT_ENCODING 'UTF8'
\set AUTOCOMMIT off

-- Data
INSERT INTO Genders VALUES (0, 'F', 'Female');
INSERT INTO Genders VALUES (1, 'M', 'Male');
INSERT INTO Genders VALUES (2, 'X', 'miXed');
INSERT INTO Places VALUES (1, 'Aabenraa', 16153);
INSERT INTO Places VALUES (2, 'Aabybro', 5859);
INSERT INTO Places VALUES (3, 'Aalborg', 113417);
INSERT INTO Places VALUES (4, 'Aalestrup', 2775);
INSERT INTO Places VALUES (5, 'Aarhus', 269022);
INSERT INTO Places VALUES (6, 'Aars', 8246);
INSERT INTO Places VALUES (7, 'Aarup', 3157);
INSERT INTO Places VALUES (8, 'Arden', 2510);
INSERT INTO Places VALUES (9, 'Arslev', 3823);
INSERT INTO Places VALUES (10, 'Asnes', 2934);
INSERT INTO Places VALUES (11, 'Assens', 6231);
INSERT INTO Places VALUES (12, 'Assentoft', 3457);
INSERT INTO Places VALUES (13, 'Augustenborg', 3245);
INSERT INTO Places VALUES (14, 'Aulum', 3228);
INSERT INTO Places VALUES (15, 'Auning', 3008);
INSERT INTO Places VALUES (16, 'Beder-Malling', 8387);
INSERT INTO Places VALUES (17, 'Bellinge', 4661);
INSERT INTO Places VALUES (18, 'Billund', 6313);
INSERT INTO Places VALUES (19, 'Birkerod', 20578);
INSERT INTO Places VALUES (20, 'Bjerringbro', 7551);
INSERT INTO Places VALUES (21, 'Bjeverskov', 2995);
INSERT INTO Places VALUES (22, 'Bogense', 3815);
INSERT INTO Places VALUES (23, 'Borkop', 5435);
INSERT INTO Places VALUES (24, 'Borup', 4628);
INSERT INTO Places VALUES (25, 'Bramming', 7118);
INSERT INTO Places VALUES (26, 'Brande', 7207);
INSERT INTO Places VALUES (27, 'Bredstrup', 3635);
INSERT INTO Places VALUES (28, 'Brejning', 3016);
INSERT INTO Places VALUES (29, 'Broager', 3320);
INSERT INTO Places VALUES (30, 'Bronderslev', 12541);
INSERT INTO Places VALUES (31, 'Brorup', 4583);
INSERT INTO Places VALUES (32, 'Brovst', 2733);
INSERT INTO Places VALUES (33, 'Christiansfeld', 2935);
INSERT INTO Places VALUES (34, 'Kobenhavn', 1295686);
INSERT INTO Places VALUES (35, 'Dianalund', 4017);
INSERT INTO Places VALUES (36, 'Dragor', 12132);
INSERT INTO Places VALUES (37, 'Dronninglund', 3427);
INSERT INTO Places VALUES (38, 'Ebeltoft', 7430);
INSERT INTO Places VALUES (39, 'Ejby', 3142);
INSERT INTO Places VALUES (40, 'Esbjerg', 72261);
INSERT INTO Places VALUES (41, 'Faaborg', 7097);
INSERT INTO Places VALUES (42, 'Farso', 3410);
INSERT INTO Places VALUES (43, 'Farum', 19967);
INSERT INTO Places VALUES (44, 'Faxe', 4017);
INSERT INTO Places VALUES (45, 'Faxe Ladeplads', 2867);
INSERT INTO Places VALUES (46, 'Fensmark', 4977);
INSERT INTO Places VALUES (47, 'Fjerritslev', 3398);
INSERT INTO Places VALUES (48, 'Forlev', 2528);
INSERT INTO Places VALUES (49, 'Fredensborg', 8519);
INSERT INTO Places VALUES (50, 'Fredericia', 40461);
INSERT INTO Places VALUES (51, 'Frederiksberg', 3473);
INSERT INTO Places VALUES (52, 'Frederikshavn', 23501);
INSERT INTO Places VALUES (53, 'Frederikssund', 16186);
INSERT INTO Places VALUES (54, 'Frederiksverk', 12368);
INSERT INTO Places VALUES (55, 'Frejlev', 2779);
INSERT INTO Places VALUES (56, 'Galten-Skovby', 8268);
INSERT INTO Places VALUES (57, 'Ganlose', 2895);
INSERT INTO Places VALUES (58, 'Gilleleje', 6633);
INSERT INTO Places VALUES (59, 'Gistrup', 3579);
INSERT INTO Places VALUES (60, 'Give', 4603);
INSERT INTO Places VALUES (61, 'Glamsbjerg', 3239);
INSERT INTO Places VALUES (62, 'Gram', 2562);
INSERT INTO Places VALUES (63, 'Grasten', 4220);
INSERT INTO Places VALUES (64, 'Grenaa', 14856);
INSERT INTO Places VALUES (65, 'Grested', 3627);
INSERT INTO Places VALUES (66, 'Grindsted', 9719);
INSERT INTO Places VALUES (67, 'Guderup', 2531);
INSERT INTO Places VALUES (68, 'Gundsomagle', 2584);
INSERT INTO Places VALUES (69, 'Haderslev', 21955);
INSERT INTO Places VALUES (70, 'Hadsten', 8093);
INSERT INTO Places VALUES (71, 'Hadsund', 4857);
INSERT INTO Places VALUES (72, 'Hammel', 7005);
INSERT INTO Places VALUES (73, 'Haarlev', 3759);
INSERT INTO Places VALUES (74, 'Harlev', 2588);
INSERT INTO Places VALUES (75, 'Haslev', 11748);
INSERT INTO Places VALUES (76, 'Havdrup', 4188);
INSERT INTO Places VALUES (77, 'Hedehusene-Flong', 11943);
INSERT INTO Places VALUES (78, 'Hedensted-Losning', 11789);
INSERT INTO Places VALUES (79, 'Hellebek-Alsgarde', 5530);
INSERT INTO Places VALUES (80, 'Helsinge', 8199);
INSERT INTO Places VALUES (81, 'Helsingor', 47123);
INSERT INTO Places VALUES (82, 'Herning', 49229);
INSERT INTO Places VALUES (83, 'Hillerod', 32278);
INSERT INTO Places VALUES (84, 'Hinnerup', 7681);
INSERT INTO Places VALUES (85, 'Hirtshals', 5880);
INSERT INTO Places VALUES (86, 'Hjallerup', 3823);
INSERT INTO Places VALUES (87, 'Hjorring', 25764);
INSERT INTO Places VALUES (88, 'Hjortshoj', 3562);
INSERT INTO Places VALUES (89, 'Hobro', 11917);
INSERT INTO Places VALUES (90, 'Hojslev Stationsby', 2820);
INSERT INTO Places VALUES (91, 'Holbek', 28134);
INSERT INTO Places VALUES (92, 'Holstebro', 35867);
INSERT INTO Places VALUES (93, 'Holsted', 3111);
INSERT INTO Places VALUES (94, 'Hong', 4257);
INSERT INTO Places VALUES (95, 'Hornbek', 5257);
INSERT INTO Places VALUES (96, 'Horning', 7750);
INSERT INTO Places VALUES (97, 'Hornslet', 5604);
INSERT INTO Places VALUES (98, 'Horsens', 58480);
INSERT INTO Places VALUES (99, 'Horsholm', 47294);
INSERT INTO Places VALUES (100, 'Horuphav', 2625);
INSERT INTO Places VALUES (101, 'Horve', 2514);
INSERT INTO Places VALUES (102, 'Humlebek', 9587);
INSERT INTO Places VALUES (103, 'Hundested', 8588);
INSERT INTO Places VALUES (104, 'Hurup', 2745);
INSERT INTO Places VALUES (105, 'Hvide Sande', 3045);
INSERT INTO Places VALUES (106, 'Ikast', 15462);
INSERT INTO Places VALUES (107, 'Jegerspris', 4226);
INSERT INTO Places VALUES (108, 'Jelling', 3443);
INSERT INTO Places VALUES (109, 'Juelsminde', 3985);
INSERT INTO Places VALUES (110, 'Jyderup', 4323);
INSERT INTO Places VALUES (111, 'Jyllinge', 10207);
INSERT INTO Places VALUES (112, 'Kalundborg', 16490);
INSERT INTO Places VALUES (113, 'Kas', 2558);
INSERT INTO Places VALUES (114, 'Kerteminde', 5903);
INSERT INTO Places VALUES (115, 'Kibek', 2624);
INSERT INTO Places VALUES (116, 'Kirke Hvalso', 4086);
INSERT INTO Places VALUES (117, 'Kjellerup', 5095);
INSERT INTO Places VALUES (118, 'Klarup', 4714);
INSERT INTO Places VALUES (119, 'Koge', 36864);
INSERT INTO Places VALUES (120, 'Kolding', 60300);
INSERT INTO Places VALUES (121, 'Korsor', 14702);
INSERT INTO Places VALUES (122, 'Langa', 2877);
INSERT INTO Places VALUES (123, 'Langeskov', 4057);
INSERT INTO Places VALUES (124, 'Lemvig', 6936);
INSERT INTO Places VALUES (125, 'Lillerod', 16793);
INSERT INTO Places VALUES (126, 'Liseleje', 2556);
INSERT INTO Places VALUES (127, 'Logstor', 4104);
INSERT INTO Places VALUES (128, 'Logten-Skodstrup', 7894);
INSERT INTO Places VALUES (129, 'Logumkloster', 3598);
INSERT INTO Places VALUES (130, 'Lunderskov', 3074);
INSERT INTO Places VALUES (131, 'Lynge-Uggelose', 4036);
INSERT INTO Places VALUES (132, 'Lystrup', 10436);
INSERT INTO Places VALUES (133, 'Mariager', 2490);
INSERT INTO Places VALUES (134, 'Maribo', 5735);
INSERT INTO Places VALUES (135, 'Marslet', 4905);
INSERT INTO Places VALUES (136, 'Middelfart', 15202);
INSERT INTO Places VALUES (137, 'Munkebo', 5599);
INSERT INTO Places VALUES (138, 'Nakskov', 12758);
INSERT INTO Places VALUES (139, 'Nestved', 43234);
INSERT INTO Places VALUES (140, 'Nexo', 3654);
INSERT INTO Places VALUES (141, 'Nibe', 5233);
INSERT INTO Places VALUES (142, 'Niva', 8024);
INSERT INTO Places VALUES (143, 'Nordborg', 5970);
INSERT INTO Places VALUES (144, 'Nordby', 2707);
INSERT INTO Places VALUES (145, 'Norre Aby', 2954);
INSERT INTO Places VALUES (146, 'Norresundby', 22600);
INSERT INTO Places VALUES (147, 'Nyborg', 17192);
INSERT INTO Places VALUES (148, 'Nykobing F', 16904);
INSERT INTO Places VALUES (149, 'Nykobing M', 9135);
INSERT INTO Places VALUES (150, 'Nykobing S', 5229);
INSERT INTO Places VALUES (151, 'Nyrad', 2514);
INSERT INTO Places VALUES (152, 'Odder', 11872);
INSERT INTO Places VALUES (153, 'Odense', 176683);
INSERT INTO Places VALUES (154, 'Oksbol', 2858);
INSERT INTO Places VALUES (155, 'Olgod', 3892);
INSERT INTO Places VALUES (156, 'Otterup', 5132);
INSERT INTO Places VALUES (157, 'Padborg', 4389);
INSERT INTO Places VALUES (158, 'Pandrup', 2929);
INSERT INTO Places VALUES (159, 'Presto', 3864);
INSERT INTO Places VALUES (160, 'Randers', 62563);
INSERT INTO Places VALUES (161, 'Ribe', 8251);
INSERT INTO Places VALUES (162, 'Ringe', 5851);
INSERT INTO Places VALUES (163, 'Ringkobing', 9985);
INSERT INTO Places VALUES (164, 'Ringsted', 22490);
INSERT INTO Places VALUES (165, 'Rodding', 2735);
INSERT INTO Places VALUES (166, 'Rodekro', 6088);
INSERT INTO Places VALUES (167, 'Ronde', 2925);
INSERT INTO Places VALUES (168, 'Ronne', 13723);
INSERT INTO Places VALUES (169, 'Roskilde', 50393);
INSERT INTO Places VALUES (170, 'Rudkobing', 4586);
INSERT INTO Places VALUES (171, 'Ry', 6082);
INSERT INTO Places VALUES (172, 'Sabro', 2964);
INSERT INTO Places VALUES (173, 'Sakskobing', 4545);
INSERT INTO Places VALUES (174, 'Sankt Klemens', 2959);
INSERT INTO Places VALUES (175, 'Seby', 8841);
INSERT INTO Places VALUES (176, 'Silkeborg', 44333);
INSERT INTO Places VALUES (177, 'Sindal', 3069);
INSERT INTO Places VALUES (178, 'Skagen', 8088);
INSERT INTO Places VALUES (179, 'Skanderborg', 18849);
INSERT INTO Places VALUES (180, 'Skelskor', 6491);
INSERT INTO Places VALUES (181, 'Skerbek', 3121);
INSERT INTO Places VALUES (182, 'Skevinge', 2631);
INSERT INTO Places VALUES (183, 'Skibby', 3191);
INSERT INTO Places VALUES (184, 'Skive', 20683);
INSERT INTO Places VALUES (185, 'Skjern', 7876);
INSERT INTO Places VALUES (186, 'Skorping', 2958);
INSERT INTO Places VALUES (187, 'Slagelse', 33433);
INSERT INTO Places VALUES (188, 'Slangerup', 6864);
INSERT INTO Places VALUES (189, 'Smorumnedre', 19780);
INSERT INTO Places VALUES (190, 'Soften', 2757);
INSERT INTO Places VALUES (191, 'Solbjerg', 3765);
INSERT INTO Places VALUES (192, 'Solrod Strand', 15941);
INSERT INTO Places VALUES (193, 'Sonderborg', 27826);
INSERT INTO Places VALUES (194, 'Sonderso', 3189);
INSERT INTO Places VALUES (195, 'Soro', 7927);
INSERT INTO Places VALUES (196, 'Starup', 2517);
INSERT INTO Places VALUES (197, 'Stege', 3813);
INSERT INTO Places VALUES (198, 'Stenlose', 21635);
INSERT INTO Places VALUES (199, 'Stoholm', 2531);
INSERT INTO Places VALUES (200, 'Store Heddinge', 3420);
INSERT INTO Places VALUES (201, 'Storvorde', 3331);
INSERT INTO Places VALUES (202, 'Stovring', 7516);
INSERT INTO Places VALUES (203, 'Strib', 4526);
INSERT INTO Places VALUES (204, 'Stroby Egede', 4201);
INSERT INTO Places VALUES (205, 'Struer', 10375);
INSERT INTO Places VALUES (206, 'Sundby', 2843);
INSERT INTO Places VALUES (207, 'Sunds', 4106);
INSERT INTO Places VALUES (208, 'Svejbek', 4148);
INSERT INTO Places VALUES (209, 'Svendborg', 27281);
INSERT INTO Places VALUES (210, 'Svenstrup', 7257);
INSERT INTO Places VALUES (211, 'Svinninge', 2873);
INSERT INTO Places VALUES (212, 'Svogerslev', 4379);
INSERT INTO Places VALUES (213, 'Taastrup', 34154);
INSERT INTO Places VALUES (214, 'Tarm', 3980);
INSERT INTO Places VALUES (215, 'Taulov', 3371);
INSERT INTO Places VALUES (216, 'Thisted', 13363);
INSERT INTO Places VALUES (217, 'Thuro', 3232);
INSERT INTO Places VALUES (218, 'Tinglev', 2803);
INSERT INTO Places VALUES (219, 'Tjereborg', 2711);
INSERT INTO Places VALUES (220, 'Toftlund', 3283);
INSERT INTO Places VALUES (221, 'Tollose', 3759);
INSERT INTO Places VALUES (222, 'Tonder', 7693);
INSERT INTO Places VALUES (223, 'Torring', 2750);
INSERT INTO Places VALUES (224, 'Trige', 2878);
INSERT INTO Places VALUES (225, 'Tune', 5250);
INSERT INTO Places VALUES (226, 'Ullerslev', 2788);
INSERT INTO Places VALUES (227, 'Vamdrup', 4970);
INSERT INTO Places VALUES (228, 'Varde', 13951);
INSERT INTO Places VALUES (229, 'Vejen', 9707);
INSERT INTO Places VALUES (230, 'Vejle', 55876);
INSERT INTO Places VALUES (231, 'Verlose', 13127);
INSERT INTO Places VALUES (232, 'Vestbjerg', 2810);
INSERT INTO Places VALUES (233, 'Vester Hassing', 2554);
INSERT INTO Places VALUES (234, 'Viborg', 40371);
INSERT INTO Places VALUES (235, 'Viby Sj', 4659);
INSERT INTO Places VALUES (236, 'Videbek', 4241);
INSERT INTO Places VALUES (237, 'Vildbjerg', 4050);
INSERT INTO Places VALUES (238, 'Vinderup', 3164);
INSERT INTO Places VALUES (239, 'Virklund', 3429);
INSERT INTO Places VALUES (240, 'Vissenbjerg', 3193);
INSERT INTO Places VALUES (241, 'Vodskov', 4292);
INSERT INTO Places VALUES (242, 'Vojens', 7627);
INSERT INTO Places VALUES (243, 'Vordingborg', 12014);
INSERT INTO Divisions VALUES (0, 'Superliga', 0);
INSERT INTO Divisions VALUES (1, 'Superliga', 1);
INSERT INTO Divisions VALUES (2, 'Superliga', 2);
INSERT INTO Clubs VALUES (0, 'AaB Aalborg', 3, 1961);
INSERT INTO Teams VALUES (0, 0, 'A', 0);
INSERT INTO TeamsInDivisions VALUES (0, 0);
INSERT INTO Teams VALUES (1, 0, 'B', 0);
INSERT INTO Teams VALUES (2, 0, 'C', 0);
INSERT INTO Teams VALUES (3, 0, 'D', 0);
INSERT INTO Teams VALUES (4, 0, 'A', 1);
INSERT INTO TeamsInDivisions VALUES (4, 1);
INSERT INTO Teams VALUES (5, 0, 'B', 1);
INSERT INTO TeamsInDivisions VALUES (5, 1);
INSERT INTO Teams VALUES (6, 0, 'C', 1);
INSERT INTO TeamsInDivisions VALUES (6, 1);
INSERT INTO Teams VALUES (7, 0, 'A', 2);
INSERT INTO TeamsInDivisions VALUES (7, 2);
INSERT INTO Teams VALUES (8, 0, 'B', 2);
INSERT INTO TeamsInDivisions VALUES (8, 2);
INSERT INTO TeamsInDivisions VALUES (8, 0);
INSERT INTO Clubs VALUES (1, 'AC Horsens', 98, 2019);
INSERT INTO Teams VALUES (9, 1, 'A', 0);
INSERT INTO TeamsInDivisions VALUES (9, 0);
INSERT INTO Teams VALUES (10, 1, 'A', 1);
INSERT INTO TeamsInDivisions VALUES (10, 1);
INSERT INTO Teams VALUES (11, 1, 'B', 1);
INSERT INTO TeamsInDivisions VALUES (11, 1);
INSERT INTO Teams VALUES (12, 1, 'A', 2);
INSERT INTO TeamsInDivisions VALUES (12, 2);
INSERT INTO Teams VALUES (13, 1, 'B', 2);
INSERT INTO TeamsInDivisions VALUES (13, 2);
INSERT INTO TeamsInDivisions VALUES (13, 0);
INSERT INTO Teams VALUES (14, 1, 'C', 2);
INSERT INTO TeamsInDivisions VALUES (14, 2);
INSERT INTO TeamsInDivisions VALUES (14, 0);
INSERT INTO Clubs VALUES (2, 'Brondby IF', 34, 1983);
INSERT INTO Teams VALUES (15, 2, 'A', 1);
INSERT INTO TeamsInDivisions VALUES (15, 1);
INSERT INTO Teams VALUES (16, 2, 'B', 1);
INSERT INTO Teams VALUES (17, 2, 'C', 1);
INSERT INTO Teams VALUES (18, 2, 'A', 2);
INSERT INTO TeamsInDivisions VALUES (18, 2);
INSERT INTO Teams VALUES (19, 2, 'B', 2);
INSERT INTO TeamsInDivisions VALUES (19, 2);
INSERT INTO Teams VALUES (20, 2, 'C', 2);
INSERT INTO TeamsInDivisions VALUES (20, 2);
INSERT INTO Clubs VALUES (3, 'Esbjerg fB', 40, 2011);
INSERT INTO Teams VALUES (21, 3, 'A', 0);
INSERT INTO TeamsInDivisions VALUES (21, 0);
INSERT INTO Teams VALUES (22, 3, 'A', 2);
INSERT INTO TeamsInDivisions VALUES (22, 2);
INSERT INTO Clubs VALUES (4, 'FC Kobenhavn', 34, 1973);
INSERT INTO Teams VALUES (23, 4, 'A', 0);
INSERT INTO TeamsInDivisions VALUES (23, 0);
INSERT INTO Teams VALUES (24, 4, 'B', 0);
INSERT INTO Teams VALUES (25, 4, 'C', 0);
INSERT INTO TeamsInDivisions VALUES (25, 0);
INSERT INTO TeamsInDivisions VALUES (25, 1);
INSERT INTO Teams VALUES (26, 4, 'D', 0);
INSERT INTO Teams VALUES (27, 4, 'A', 1);
INSERT INTO TeamsInDivisions VALUES (27, 1);
INSERT INTO Teams VALUES (28, 4, 'B', 1);
INSERT INTO TeamsInDivisions VALUES (28, 1);
INSERT INTO Teams VALUES (29, 4, 'C', 1);
INSERT INTO Clubs VALUES (5, 'FC Midtjylland', 82, 1964);
INSERT INTO Teams VALUES (30, 5, 'A', 0);
INSERT INTO TeamsInDivisions VALUES (30, 0);
INSERT INTO Teams VALUES (31, 5, 'B', 0);
INSERT INTO TeamsInDivisions VALUES (31, 0);
INSERT INTO Teams VALUES (32, 5, 'C', 0);
INSERT INTO Teams VALUES (33, 5, 'A', 2);
INSERT INTO TeamsInDivisions VALUES (33, 2);
INSERT INTO Teams VALUES (34, 5, 'B', 2);
INSERT INTO Teams VALUES (35, 5, 'C', 2);
INSERT INTO TeamsInDivisions VALUES (35, 2);
INSERT INTO TeamsInDivisions VALUES (35, 1);
INSERT INTO Clubs VALUES (6, 'FC Nordsjelland', 43, 1922);
INSERT INTO Teams VALUES (36, 6, 'A', 2);
INSERT INTO TeamsInDivisions VALUES (36, 2);
INSERT INTO Teams VALUES (37, 6, 'B', 2);
INSERT INTO Clubs VALUES (7, 'Lyngby BK', 34, 1975);
INSERT INTO Teams VALUES (38, 7, 'A', 1);
INSERT INTO TeamsInDivisions VALUES (38, 1);
INSERT INTO Teams VALUES (39, 7, 'A', 2);
INSERT INTO TeamsInDivisions VALUES (39, 2);
INSERT INTO Clubs VALUES (8, 'OB Odense', 153, 1945);
INSERT INTO Teams VALUES (40, 8, 'A', 0);
INSERT INTO TeamsInDivisions VALUES (40, 0);
INSERT INTO Teams VALUES (41, 8, 'A', 1);
INSERT INTO TeamsInDivisions VALUES (41, 1);
INSERT INTO Teams VALUES (42, 8, 'B', 1);
INSERT INTO Teams VALUES (43, 8, 'C', 1);
INSERT INTO Clubs VALUES (9, 'Randers FC', 160, 1980);
INSERT INTO Teams VALUES (44, 9, 'A', 0);
INSERT INTO TeamsInDivisions VALUES (44, 0);
INSERT INTO Teams VALUES (45, 9, 'A', 1);
INSERT INTO TeamsInDivisions VALUES (45, 1);
INSERT INTO Teams VALUES (46, 9, 'B', 1);
INSERT INTO TeamsInDivisions VALUES (46, 1);
INSERT INTO Teams VALUES (47, 9, 'A', 2);
INSERT INTO TeamsInDivisions VALUES (47, 2);
INSERT INTO Teams VALUES (48, 9, 'B', 2);
INSERT INTO TeamsInDivisions VALUES (48, 2);
INSERT INTO Teams VALUES (49, 9, 'C', 2);
INSERT INTO Clubs VALUES (10, 'Silkeborg IF', 176, 1992);
INSERT INTO Teams VALUES (50, 10, 'A', 0);
INSERT INTO TeamsInDivisions VALUES (50, 0);
INSERT INTO Teams VALUES (51, 10, 'B', 0);
INSERT INTO TeamsInDivisions VALUES (51, 0);
INSERT INTO TeamsInDivisions VALUES (51, 1);
INSERT INTO Teams VALUES (52, 10, 'C', 0);
INSERT INTO Teams VALUES (53, 10, 'D', 0);
INSERT INTO Teams VALUES (54, 10, 'A', 1);
INSERT INTO TeamsInDivisions VALUES (54, 1);
INSERT INTO Teams VALUES (55, 10, 'B', 1);
INSERT INTO TeamsInDivisions VALUES (55, 1);
INSERT INTO Teams VALUES (56, 10, 'C', 1);
INSERT INTO TeamsInDivisions VALUES (56, 1);
INSERT INTO Teams VALUES (57, 10, 'A', 2);
INSERT INTO TeamsInDivisions VALUES (57, 2);
INSERT INTO Teams VALUES (58, 10, 'B', 2);
INSERT INTO TeamsInDivisions VALUES (58, 2);
INSERT INTO Clubs VALUES (11, 'SonderjyskE', 69, 1982);
INSERT INTO Teams VALUES (59, 11, 'A', 1);
INSERT INTO TeamsInDivisions VALUES (59, 1);
INSERT INTO Teams VALUES (60, 11, 'B', 1);
INSERT INTO TeamsInDivisions VALUES (60, 1);
INSERT INTO Teams VALUES (61, 11, 'C', 1);
INSERT INTO Teams VALUES (62, 11, 'A', 2);
INSERT INTO TeamsInDivisions VALUES (62, 2);
INSERT INTO Divisions VALUES (3, '1st Division', 0);
INSERT INTO Divisions VALUES (4, '1st Division', 1);
INSERT INTO Divisions VALUES (5, '1st Division', 2);
INSERT INTO Clubs VALUES (12, 'AGF Aarhus', 5, 1966);
INSERT INTO Teams VALUES (63, 12, 'A', 1);
INSERT INTO TeamsInDivisions VALUES (63, 4);
INSERT INTO Teams VALUES (64, 12, 'B', 1);
INSERT INTO TeamsInDivisions VALUES (64, 1);
INSERT INTO TeamsInDivisions VALUES (64, 3);
INSERT INTO Teams VALUES (65, 12, 'C', 1);
INSERT INTO Teams VALUES (66, 12, 'A', 2);
INSERT INTO TeamsInDivisions VALUES (66, 5);
INSERT INTO Teams VALUES (67, 12, 'B', 2);
INSERT INTO TeamsInDivisions VALUES (67, 2);
INSERT INTO Teams VALUES (68, 12, 'C', 2);
INSERT INTO TeamsInDivisions VALUES (68, 5);
INSERT INTO Clubs VALUES (13, 'AB Copenhagen', 34, 1931);
INSERT INTO Teams VALUES (69, 13, 'A', 0);
INSERT INTO TeamsInDivisions VALUES (69, 3);
INSERT INTO Teams VALUES (70, 13, 'B', 0);
INSERT INTO TeamsInDivisions VALUES (70, 3);
INSERT INTO Teams VALUES (71, 13, 'C', 0);
INSERT INTO TeamsInDivisions VALUES (71, 0);
INSERT INTO Teams VALUES (72, 13, 'A', 2);
INSERT INTO TeamsInDivisions VALUES (72, 5);
INSERT INTO Teams VALUES (73, 13, 'B', 2);
INSERT INTO TeamsInDivisions VALUES (73, 2);
INSERT INTO Teams VALUES (74, 13, 'C', 2);
INSERT INTO Clubs VALUES (14, 'Bronshoj BK', 34, 1988);
INSERT INTO Teams VALUES (75, 14, 'A', 0);
INSERT INTO TeamsInDivisions VALUES (75, 3);
INSERT INTO Teams VALUES (76, 14, 'A', 1);
INSERT INTO TeamsInDivisions VALUES (76, 4);
INSERT INTO Teams VALUES (77, 14, 'B', 1);
INSERT INTO TeamsInDivisions VALUES (77, 4);
INSERT INTO TeamsInDivisions VALUES (77, 5);
INSERT INTO Teams VALUES (78, 14, 'A', 2);
INSERT INTO TeamsInDivisions VALUES (78, 5);
INSERT INTO Teams VALUES (79, 14, 'B', 2);
INSERT INTO TeamsInDivisions VALUES (79, 5);
INSERT INTO Clubs VALUES (15, 'FC Fredericia', 50, 1919);
INSERT INTO Teams VALUES (80, 15, 'A', 0);
INSERT INTO TeamsInDivisions VALUES (80, 3);
INSERT INTO Teams VALUES (81, 15, 'B', 0);
INSERT INTO TeamsInDivisions VALUES (81, 3);
INSERT INTO Teams VALUES (82, 15, 'C', 0);
INSERT INTO TeamsInDivisions VALUES (82, 3);
INSERT INTO Teams VALUES (83, 15, 'A', 1);
INSERT INTO TeamsInDivisions VALUES (83, 4);
INSERT INTO Clubs VALUES (16, 'FC Fyn', NULL, 1942);
INSERT INTO Teams VALUES (84, 16, 'A', 0);
INSERT INTO TeamsInDivisions VALUES (84, 3);
INSERT INTO Teams VALUES (85, 16, 'B', 0);
INSERT INTO Teams VALUES (86, 16, 'C', 0);
INSERT INTO Teams VALUES (87, 16, 'A', 2);
INSERT INTO TeamsInDivisions VALUES (87, 5);
INSERT INTO Clubs VALUES (17, 'FC Hjorring', 87, 1935);
INSERT INTO Teams VALUES (88, 17, 'A', 0);
INSERT INTO TeamsInDivisions VALUES (88, 3);
INSERT INTO Clubs VALUES (18, 'FC Roskilde', 169, 1980);
INSERT INTO Teams VALUES (89, 18, 'A', 0);
INSERT INTO TeamsInDivisions VALUES (89, 3);
INSERT INTO Teams VALUES (90, 18, 'B', 0);
INSERT INTO Teams VALUES (91, 18, 'C', 0);
INSERT INTO TeamsInDivisions VALUES (91, 3);
INSERT INTO TeamsInDivisions VALUES (91, 4);
INSERT INTO Teams VALUES (92, 18, 'D', 0);
INSERT INTO TeamsInDivisions VALUES (92, 0);
INSERT INTO Teams VALUES (93, 18, 'A', 1);
INSERT INTO TeamsInDivisions VALUES (93, 4);
INSERT INTO Teams VALUES (94, 18, 'B', 1);
INSERT INTO TeamsInDivisions VALUES (94, 1);
INSERT INTO Teams VALUES (95, 18, 'A', 2);
INSERT INTO TeamsInDivisions VALUES (95, 5);
INSERT INTO Clubs VALUES (19, 'FC Vestsjelland', NULL, 1963);
INSERT INTO Teams VALUES (96, 19, 'A', 0);
INSERT INTO TeamsInDivisions VALUES (96, 3);
INSERT INTO Teams VALUES (97, 19, 'B', 0);
INSERT INTO Teams VALUES (98, 19, 'C', 0);
INSERT INTO TeamsInDivisions VALUES (98, 0);
INSERT INTO Teams VALUES (99, 19, 'D', 0);
INSERT INTO Teams VALUES (100, 19, 'A', 2);
INSERT INTO TeamsInDivisions VALUES (100, 5);
INSERT INTO Teams VALUES (101, 19, 'B', 2);
INSERT INTO TeamsInDivisions VALUES (101, 5);
INSERT INTO Teams VALUES (102, 19, 'C', 2);
INSERT INTO Clubs VALUES (20, 'HB Koge', 119, 1902);
INSERT INTO Teams VALUES (103, 20, 'A', 1);
INSERT INTO TeamsInDivisions VALUES (103, 4);
INSERT INTO Teams VALUES (104, 20, 'B', 1);
INSERT INTO Teams VALUES (105, 20, 'C', 1);
INSERT INTO Clubs VALUES (21, 'Hobro IK', 89, 1915);
INSERT INTO Teams VALUES (106, 21, 'A', 0);
INSERT INTO TeamsInDivisions VALUES (106, 3);
INSERT INTO Teams VALUES (107, 21, 'B', 0);
INSERT INTO Teams VALUES (108, 21, 'C', 0);
INSERT INTO TeamsInDivisions VALUES (108, 0);
INSERT INTO Teams VALUES (109, 21, 'D', 0);
INSERT INTO Teams VALUES (110, 21, 'A', 1);
INSERT INTO TeamsInDivisions VALUES (110, 4);
INSERT INTO Clubs VALUES (22, 'Hvidovre IF', NULL, 2006);
INSERT INTO Teams VALUES (111, 22, 'A', 1);
INSERT INTO TeamsInDivisions VALUES (111, 4);
INSERT INTO Teams VALUES (112, 22, 'B', 1);
INSERT INTO TeamsInDivisions VALUES (112, 4);
INSERT INTO Teams VALUES (113, 22, 'C', 1);
INSERT INTO TeamsInDivisions VALUES (113, 4);
INSERT INTO Teams VALUES (114, 22, 'D', 1);
INSERT INTO TeamsInDivisions VALUES (114, 1);
INSERT INTO TeamsInDivisions VALUES (114, 5);
INSERT INTO Teams VALUES (115, 22, 'A', 2);
INSERT INTO TeamsInDivisions VALUES (115, 5);
INSERT INTO Teams VALUES (116, 22, 'B', 2);
INSERT INTO TeamsInDivisions VALUES (116, 5);
INSERT INTO Teams VALUES (117, 22, 'C', 2);
INSERT INTO Clubs VALUES (23, 'Kolding FC', 120, 1969);
INSERT INTO Teams VALUES (118, 23, 'A', 0);
INSERT INTO TeamsInDivisions VALUES (118, 3);
INSERT INTO Teams VALUES (119, 23, 'B', 0);
INSERT INTO TeamsInDivisions VALUES (119, 3);
INSERT INTO Teams VALUES (120, 23, 'C', 0);
INSERT INTO Teams VALUES (121, 23, 'D', 0);
INSERT INTO TeamsInDivisions VALUES (121, 3);
INSERT INTO Teams VALUES (122, 23, 'A', 1);
INSERT INTO TeamsInDivisions VALUES (122, 4);
INSERT INTO Teams VALUES (123, 23, 'B', 1);
INSERT INTO Teams VALUES (124, 23, 'C', 1);
INSERT INTO Teams VALUES (125, 23, 'D', 1);
INSERT INTO Teams VALUES (126, 23, 'A', 2);
INSERT INTO TeamsInDivisions VALUES (126, 5);
INSERT INTO Teams VALUES (127, 23, 'B', 2);
INSERT INTO TeamsInDivisions VALUES (127, 2);
INSERT INTO Teams VALUES (128, 23, 'C', 2);
INSERT INTO TeamsInDivisions VALUES (128, 5);
INSERT INTO Clubs VALUES (24, 'Nestved BK', 139, 2015);
INSERT INTO Teams VALUES (129, 24, 'A', 0);
INSERT INTO TeamsInDivisions VALUES (129, 3);
INSERT INTO Teams VALUES (130, 24, 'B', 0);
INSERT INTO TeamsInDivisions VALUES (130, 0);
INSERT INTO Teams VALUES (131, 24, 'A', 1);
INSERT INTO TeamsInDivisions VALUES (131, 4);
INSERT INTO Teams VALUES (132, 24, 'B', 1);
INSERT INTO TeamsInDivisions VALUES (132, 4);
INSERT INTO TeamsInDivisions VALUES (132, 1);
INSERT INTO Teams VALUES (133, 24, 'C', 1);
INSERT INTO Teams VALUES (134, 24, 'D', 1);
INSERT INTO Clubs VALUES (25, 'Skive IK', 184, 1941);
INSERT INTO Teams VALUES (135, 25, 'A', 0);
INSERT INTO TeamsInDivisions VALUES (135, 3);
INSERT INTO Teams VALUES (136, 25, 'B', 0);
INSERT INTO TeamsInDivisions VALUES (136, 0);
INSERT INTO Teams VALUES (137, 25, 'A', 1);
INSERT INTO TeamsInDivisions VALUES (137, 4);
INSERT INTO Clubs VALUES (26, 'Vejle BK', 230, 1924);
INSERT INTO Clubs VALUES (27, 'Viborg FF', 234, 1925);
INSERT INTO Teams VALUES (138, 27, 'A', 0);
INSERT INTO TeamsInDivisions VALUES (138, 3);
INSERT INTO Teams VALUES (139, 27, 'A', 1);
INSERT INTO TeamsInDivisions VALUES (139, 4);
INSERT INTO Teams VALUES (140, 27, 'B', 1);
INSERT INTO Teams VALUES (141, 27, 'C', 1);
INSERT INTO Teams VALUES (142, 27, 'D', 1);
INSERT INTO Teams VALUES (143, 27, 'A', 2);
INSERT INTO TeamsInDivisions VALUES (143, 5);
INSERT INTO Teams VALUES (144, 27, 'B', 2);
INSERT INTO TeamsInDivisions VALUES (144, 5);
INSERT INTO Teams VALUES (145, 27, 'C', 2);
INSERT INTO TeamsInDivisions VALUES (145, 5);
INSERT INTO Divisions VALUES (6, '2nd Division East', 0);
INSERT INTO Divisions VALUES (7, '2nd Division East', 1);
INSERT INTO Divisions VALUES (8, '2nd Division East', 2);
INSERT INTO Clubs VALUES (28, 'Aarhus Fremad', 5, 1908);
INSERT INTO Teams VALUES (146, 28, 'A', 0);
INSERT INTO TeamsInDivisions VALUES (146, 6);
INSERT INTO Teams VALUES (147, 28, 'B', 0);
INSERT INTO TeamsInDivisions VALUES (147, 3);
INSERT INTO TeamsInDivisions VALUES (147, 1);
INSERT INTO Teams VALUES (148, 28, 'A', 1);
INSERT INTO TeamsInDivisions VALUES (148, 7);
INSERT INTO Teams VALUES (149, 28, 'A', 2);
INSERT INTO TeamsInDivisions VALUES (149, 8);
INSERT INTO Teams VALUES (150, 28, 'B', 2);
INSERT INTO Teams VALUES (151, 28, 'C', 2);
INSERT INTO TeamsInDivisions VALUES (151, 2);
INSERT INTO TeamsInDivisions VALUES (151, 3);
INSERT INTO Clubs VALUES (29, 'B 1908', NULL, 1908);
INSERT INTO Teams VALUES (152, 29, 'A', 0);
INSERT INTO TeamsInDivisions VALUES (152, 6);
INSERT INTO Teams VALUES (153, 29, 'A', 1);
INSERT INTO TeamsInDivisions VALUES (153, 7);
INSERT INTO Teams VALUES (154, 29, 'B', 1);
INSERT INTO Teams VALUES (155, 29, 'A', 2);
INSERT INTO TeamsInDivisions VALUES (155, 8);
INSERT INTO Teams VALUES (156, 29, 'B', 2);
INSERT INTO TeamsInDivisions VALUES (156, 8);
INSERT INTO Teams VALUES (157, 29, 'C', 2);
INSERT INTO TeamsInDivisions VALUES (157, 2);
INSERT INTO Teams VALUES (158, 29, 'D', 2);
INSERT INTO Clubs VALUES (30, 'Blokhus FC', NULL, 1931);
INSERT INTO Teams VALUES (159, 30, 'A', 0);
INSERT INTO TeamsInDivisions VALUES (159, 6);
INSERT INTO Teams VALUES (160, 30, 'B', 0);
INSERT INTO TeamsInDivisions VALUES (160, 6);
INSERT INTO Teams VALUES (161, 30, 'C', 0);
INSERT INTO Teams VALUES (162, 30, 'D', 0);
INSERT INTO TeamsInDivisions VALUES (162, 3);
INSERT INTO Teams VALUES (163, 30, 'A', 1);
INSERT INTO TeamsInDivisions VALUES (163, 7);
INSERT INTO Teams VALUES (164, 30, 'B', 1);
INSERT INTO Teams VALUES (165, 30, 'A', 2);
INSERT INTO TeamsInDivisions VALUES (165, 8);
INSERT INTO Clubs VALUES (31, 'Brabrand IF', 5, 2007);
INSERT INTO Teams VALUES (166, 31, 'A', 0);
INSERT INTO TeamsInDivisions VALUES (166, 6);
INSERT INTO Teams VALUES (167, 31, 'A', 1);
INSERT INTO TeamsInDivisions VALUES (167, 7);
INSERT INTO Teams VALUES (168, 31, 'B', 1);
INSERT INTO Teams VALUES (169, 31, 'C', 1);
INSERT INTO TeamsInDivisions VALUES (169, 1);
INSERT INTO Teams VALUES (170, 31, 'D', 1);
INSERT INTO Teams VALUES (171, 31, 'A', 2);
INSERT INTO TeamsInDivisions VALUES (171, 8);
INSERT INTO Teams VALUES (172, 31, 'B', 2);
INSERT INTO TeamsInDivisions VALUES (172, 2);
INSERT INTO TeamsInDivisions VALUES (172, 4);
INSERT INTO Teams VALUES (173, 31, 'C', 2);
INSERT INTO Teams VALUES (174, 31, 'D', 2);
INSERT INTO TeamsInDivisions VALUES (174, 5);
INSERT INTO Clubs VALUES (32, 'FC Djursland', NULL, 1951);
INSERT INTO Teams VALUES (175, 32, 'A', 0);
INSERT INTO TeamsInDivisions VALUES (175, 6);
INSERT INTO Teams VALUES (176, 32, 'A', 1);
INSERT INTO TeamsInDivisions VALUES (176, 7);
INSERT INTO Teams VALUES (177, 32, 'B', 1);
INSERT INTO TeamsInDivisions VALUES (177, 4);
INSERT INTO TeamsInDivisions VALUES (177, 6);
INSERT INTO Teams VALUES (178, 32, 'C', 1);
INSERT INTO Teams VALUES (179, 32, 'D', 1);
INSERT INTO Clubs VALUES (33, 'FC Svendborg', 209, 1940);
INSERT INTO Teams VALUES (180, 33, 'A', 0);
INSERT INTO TeamsInDivisions VALUES (180, 6);
INSERT INTO Teams VALUES (181, 33, 'B', 0);
INSERT INTO Teams VALUES (182, 33, 'C', 0);
INSERT INTO Teams VALUES (183, 33, 'D', 0);
INSERT INTO TeamsInDivisions VALUES (183, 3);
INSERT INTO TeamsInDivisions VALUES (183, 8);
INSERT INTO Teams VALUES (184, 33, 'A', 1);
INSERT INTO TeamsInDivisions VALUES (184, 7);
INSERT INTO Teams VALUES (185, 33, 'B', 1);
INSERT INTO TeamsInDivisions VALUES (185, 7);
INSERT INTO Teams VALUES (186, 33, 'C', 1);
INSERT INTO TeamsInDivisions VALUES (186, 4);
INSERT INTO TeamsInDivisions VALUES (186, 3);
INSERT INTO Teams VALUES (187, 33, 'A', 2);
INSERT INTO TeamsInDivisions VALUES (187, 8);
INSERT INTO Teams VALUES (188, 33, 'B', 2);
INSERT INTO TeamsInDivisions VALUES (188, 2);
INSERT INTO Clubs VALUES (34, 'Holstebro BK', 92, 1948);
INSERT INTO Teams VALUES (189, 34, 'A', 0);
INSERT INTO TeamsInDivisions VALUES (189, 6);
INSERT INTO Teams VALUES (190, 34, 'A', 1);
INSERT INTO TeamsInDivisions VALUES (190, 7);
INSERT INTO Teams VALUES (191, 34, 'A', 2);
INSERT INTO TeamsInDivisions VALUES (191, 8);
INSERT INTO Teams VALUES (192, 34, 'B', 2);
INSERT INTO TeamsInDivisions VALUES (192, 8);
INSERT INTO Teams VALUES (193, 34, 'C', 2);
INSERT INTO TeamsInDivisions VALUES (193, 8);
INSERT INTO Teams VALUES (194, 34, 'D', 2);
INSERT INTO TeamsInDivisions VALUES (194, 8);
INSERT INTO Clubs VALUES (35, 'Lindholm IF', NULL, 2002);
INSERT INTO Teams VALUES (195, 35, 'A', 0);
INSERT INTO TeamsInDivisions VALUES (195, 6);
INSERT INTO Teams VALUES (196, 35, 'B', 0);
INSERT INTO Teams VALUES (197, 35, 'A', 2);
INSERT INTO TeamsInDivisions VALUES (197, 8);
INSERT INTO Clubs VALUES (36, 'Middelfart G&BK', 136, 1998);
INSERT INTO Teams VALUES (198, 36, 'A', 0);
INSERT INTO TeamsInDivisions VALUES (198, 6);
INSERT INTO Teams VALUES (199, 36, 'B', 0);
INSERT INTO Teams VALUES (200, 36, 'C', 0);
INSERT INTO TeamsInDivisions VALUES (200, 6);
INSERT INTO Teams VALUES (201, 36, 'D', 0);
INSERT INTO TeamsInDivisions VALUES (201, 0);
INSERT INTO Teams VALUES (202, 36, 'A', 1);
INSERT INTO TeamsInDivisions VALUES (202, 7);
INSERT INTO Teams VALUES (203, 36, 'B', 1);
INSERT INTO Teams VALUES (204, 36, 'C', 1);
INSERT INTO TeamsInDivisions VALUES (204, 4);
INSERT INTO Teams VALUES (205, 36, 'A', 2);
INSERT INTO TeamsInDivisions VALUES (205, 8);
INSERT INTO Teams VALUES (206, 36, 'B', 2);
INSERT INTO TeamsInDivisions VALUES (206, 2);
INSERT INTO TeamsInDivisions VALUES (206, 3);
INSERT INTO Teams VALUES (207, 36, 'C', 2);
INSERT INTO Teams VALUES (208, 36, 'D', 2);
INSERT INTO Clubs VALUES (37, 'Nesby BK', NULL, 1979);
INSERT INTO Teams VALUES (209, 37, 'A', 0);
INSERT INTO TeamsInDivisions VALUES (209, 6);
INSERT INTO Teams VALUES (210, 37, 'B', 0);
INSERT INTO TeamsInDivisions VALUES (210, 6);
INSERT INTO Teams VALUES (211, 37, 'C', 0);
INSERT INTO TeamsInDivisions VALUES (211, 0);
INSERT INTO Teams VALUES (212, 37, 'A', 1);
INSERT INTO TeamsInDivisions VALUES (212, 7);
INSERT INTO Teams VALUES (213, 37, 'B', 1);
INSERT INTO TeamsInDivisions VALUES (213, 7);
INSERT INTO Teams VALUES (214, 37, 'C', 1);
INSERT INTO TeamsInDivisions VALUES (214, 4);
INSERT INTO Teams VALUES (215, 37, 'D', 1);
INSERT INTO Teams VALUES (216, 37, 'A', 2);
INSERT INTO TeamsInDivisions VALUES (216, 8);
INSERT INTO Clubs VALUES (38, 'Otterup B&I', 156, 1991);
INSERT INTO Teams VALUES (217, 38, 'A', 1);
INSERT INTO TeamsInDivisions VALUES (217, 7);
INSERT INTO Teams VALUES (218, 38, 'B', 1);
INSERT INTO TeamsInDivisions VALUES (218, 7);
INSERT INTO TeamsInDivisions VALUES (218, 4);
INSERT INTO Teams VALUES (219, 38, 'C', 1);
INSERT INTO Clubs VALUES (39, 'Rishoj BK', NULL, 1985);
INSERT INTO Teams VALUES (220, 39, 'A', 0);
INSERT INTO TeamsInDivisions VALUES (220, 6);
INSERT INTO Teams VALUES (221, 39, 'B', 0);
INSERT INTO Teams VALUES (222, 39, 'C', 0);
INSERT INTO TeamsInDivisions VALUES (222, 3);
INSERT INTO Teams VALUES (223, 39, 'A', 1);
INSERT INTO TeamsInDivisions VALUES (223, 7);
INSERT INTO Teams VALUES (224, 39, 'B', 1);
INSERT INTO TeamsInDivisions VALUES (224, 4);
INSERT INTO TeamsInDivisions VALUES (224, 8);
INSERT INTO Teams VALUES (225, 39, 'A', 2);
INSERT INTO TeamsInDivisions VALUES (225, 8);
INSERT INTO Teams VALUES (226, 39, 'B', 2);
INSERT INTO Teams VALUES (227, 39, 'C', 2);
INSERT INTO Teams VALUES (228, 39, 'D', 2);
INSERT INTO Clubs VALUES (40, 'Skovbakken IK', NULL, 1918);
INSERT INTO Teams VALUES (229, 40, 'A', 1);
INSERT INTO TeamsInDivisions VALUES (229, 7);
INSERT INTO Teams VALUES (230, 40, 'A', 2);
INSERT INTO Clubs VALUES (41, 'Thisted FC', 216, 1991);
INSERT INTO Teams VALUES (231, 41, 'A', 0);
INSERT INTO TeamsInDivisions VALUES (231, 6);
INSERT INTO Teams VALUES (232, 41, 'A', 1);
INSERT INTO TeamsInDivisions VALUES (232, 7);
INSERT INTO Teams VALUES (233, 41, 'B', 1);
INSERT INTO TeamsInDivisions VALUES (233, 1);
INSERT INTO Teams VALUES (234, 41, 'C', 1);
INSERT INTO Teams VALUES (235, 41, 'A', 2);
INSERT INTO TeamsInDivisions VALUES (235, 8);
INSERT INTO Clubs VALUES (42, 'Tjorring IF', NULL, 1968);
INSERT INTO Teams VALUES (236, 42, 'A', 0);
INSERT INTO TeamsInDivisions VALUES (236, 6);
INSERT INTO Teams VALUES (237, 42, 'B', 0);
INSERT INTO TeamsInDivisions VALUES (237, 3);
INSERT INTO Teams VALUES (238, 42, 'A', 1);
INSERT INTO TeamsInDivisions VALUES (238, 7);
INSERT INTO Teams VALUES (239, 42, 'B', 1);
INSERT INTO Teams VALUES (240, 42, 'C', 1);
INSERT INTO Teams VALUES (241, 42, 'D', 1);
INSERT INTO Teams VALUES (242, 42, 'A', 2);
INSERT INTO TeamsInDivisions VALUES (242, 8);
INSERT INTO Teams VALUES (243, 42, 'B', 2);
INSERT INTO Teams VALUES (244, 42, 'C', 2);
INSERT INTO TeamsInDivisions VALUES (244, 8);
INSERT INTO Clubs VALUES (43, 'Varde IF', 228, 1968);
INSERT INTO Teams VALUES (245, 43, 'A', 0);
INSERT INTO TeamsInDivisions VALUES (245, 6);
INSERT INTO Teams VALUES (246, 43, 'B', 0);
INSERT INTO TeamsInDivisions VALUES (246, 0);
INSERT INTO Teams VALUES (247, 43, 'C', 0);
INSERT INTO TeamsInDivisions VALUES (247, 3);
INSERT INTO Teams VALUES (248, 43, 'D', 0);
INSERT INTO TeamsInDivisions VALUES (248, 6);
INSERT INTO Teams VALUES (249, 43, 'A', 1);
INSERT INTO TeamsInDivisions VALUES (249, 7);
INSERT INTO Teams VALUES (250, 43, 'B', 1);
INSERT INTO TeamsInDivisions VALUES (250, 1);
INSERT INTO TeamsInDivisions VALUES (250, 8);
INSERT INTO Teams VALUES (251, 43, 'A', 2);
INSERT INTO TeamsInDivisions VALUES (251, 8);
INSERT INTO Teams VALUES (252, 43, 'B', 2);
INSERT INTO TeamsInDivisions VALUES (252, 5);
INSERT INTO Divisions VALUES (9, '2nd Division West', 0);
INSERT INTO Divisions VALUES (10, '2nd Division West', 1);
INSERT INTO Divisions VALUES (11, '2nd Division West', 2);
INSERT INTO Clubs VALUES (44, 'Allerod FK', NULL, 1975);
INSERT INTO Teams VALUES (253, 44, 'A', 0);
INSERT INTO TeamsInDivisions VALUES (253, 9);
INSERT INTO Teams VALUES (254, 44, 'B', 0);
INSERT INTO TeamsInDivisions VALUES (254, 6);
INSERT INTO TeamsInDivisions VALUES (254, 11);
INSERT INTO Teams VALUES (255, 44, 'A', 1);
INSERT INTO TeamsInDivisions VALUES (255, 10);
INSERT INTO Teams VALUES (256, 44, 'B', 1);
INSERT INTO Teams VALUES (257, 44, 'C', 1);
INSERT INTO TeamsInDivisions VALUES (257, 1);
INSERT INTO TeamsInDivisions VALUES (257, 6);
INSERT INTO Teams VALUES (258, 44, 'D', 1);
INSERT INTO TeamsInDivisions VALUES (258, 4);
INSERT INTO TeamsInDivisions VALUES (258, 10);
INSERT INTO Teams VALUES (259, 44, 'A', 2);
INSERT INTO TeamsInDivisions VALUES (259, 11);
INSERT INTO Teams VALUES (260, 44, 'B', 2);
INSERT INTO TeamsInDivisions VALUES (260, 2);
INSERT INTO Teams VALUES (261, 44, 'C', 2);
INSERT INTO TeamsInDivisions VALUES (261, 8);
INSERT INTO TeamsInDivisions VALUES (261, 0);
INSERT INTO Clubs VALUES (45, 'B.93', 34, 1993);
INSERT INTO Teams VALUES (262, 45, 'A', 1);
INSERT INTO TeamsInDivisions VALUES (262, 10);
INSERT INTO Teams VALUES (263, 45, 'B', 1);
INSERT INTO TeamsInDivisions VALUES (263, 1);
INSERT INTO TeamsInDivisions VALUES (263, 0);
INSERT INTO Teams VALUES (264, 45, 'C', 1);
INSERT INTO Teams VALUES (265, 45, 'D', 1);
INSERT INTO Teams VALUES (266, 45, 'A', 2);
INSERT INTO TeamsInDivisions VALUES (266, 11);
INSERT INTO Teams VALUES (267, 45, 'B', 2);
INSERT INTO Clubs VALUES (46, 'BGA', NULL, 1946);
INSERT INTO Teams VALUES (268, 46, 'A', 0);
INSERT INTO TeamsInDivisions VALUES (268, 9);
INSERT INTO Teams VALUES (269, 46, 'A', 1);
INSERT INTO TeamsInDivisions VALUES (269, 10);
INSERT INTO Teams VALUES (270, 46, 'B', 1);
INSERT INTO Teams VALUES (271, 46, 'C', 1);
INSERT INTO TeamsInDivisions VALUES (271, 4);
INSERT INTO Teams VALUES (272, 46, 'A', 2);
INSERT INTO TeamsInDivisions VALUES (272, 11);
INSERT INTO Teams VALUES (273, 46, 'B', 2);
INSERT INTO Teams VALUES (274, 46, 'C', 2);
INSERT INTO TeamsInDivisions VALUES (274, 2);
INSERT INTO Clubs VALUES (47, 'BK Avarta', NULL, 1941);
INSERT INTO Teams VALUES (275, 47, 'A', 0);
INSERT INTO TeamsInDivisions VALUES (275, 9);
INSERT INTO Teams VALUES (276, 47, 'B', 0);
INSERT INTO TeamsInDivisions VALUES (276, 6);
INSERT INTO Teams VALUES (277, 47, 'A', 2);
INSERT INTO TeamsInDivisions VALUES (277, 11);
INSERT INTO Teams VALUES (278, 47, 'B', 2);
INSERT INTO TeamsInDivisions VALUES (278, 11);
INSERT INTO TeamsInDivisions VALUES (278, 10);
INSERT INTO Teams VALUES (279, 47, 'C', 2);
INSERT INTO TeamsInDivisions VALUES (279, 6);
INSERT INTO Teams VALUES (280, 47, 'D', 2);
INSERT INTO Clubs VALUES (48, 'BK Skjold', NULL, 1986);
INSERT INTO Teams VALUES (281, 48, 'A', 0);
INSERT INTO TeamsInDivisions VALUES (281, 9);
INSERT INTO Teams VALUES (282, 48, 'A', 1);
INSERT INTO TeamsInDivisions VALUES (282, 10);
INSERT INTO Teams VALUES (283, 48, 'A', 2);
INSERT INTO TeamsInDivisions VALUES (283, 11);
INSERT INTO Clubs VALUES (49, 'BK Sollerod-Vedbek', 34, 1961);
INSERT INTO Teams VALUES (284, 49, 'A', 0);
INSERT INTO TeamsInDivisions VALUES (284, 9);
INSERT INTO Teams VALUES (285, 49, 'B', 0);
INSERT INTO TeamsInDivisions VALUES (285, 3);
INSERT INTO Teams VALUES (286, 49, 'C', 0);
INSERT INTO TeamsInDivisions VALUES (286, 0);
INSERT INTO Teams VALUES (287, 49, 'A', 1);
INSERT INTO TeamsInDivisions VALUES (287, 10);
INSERT INTO Teams VALUES (288, 49, 'A', 2);
INSERT INTO TeamsInDivisions VALUES (288, 11);
INSERT INTO Teams VALUES (289, 49, 'B', 2);
INSERT INTO Clubs VALUES (50, 'BSF', NULL, 1940);
INSERT INTO Teams VALUES (290, 50, 'A', 0);
INSERT INTO TeamsInDivisions VALUES (290, 9);
INSERT INTO Teams VALUES (291, 50, 'B', 0);
INSERT INTO Teams VALUES (292, 50, 'A', 1);
INSERT INTO TeamsInDivisions VALUES (292, 10);
INSERT INTO Teams VALUES (293, 50, 'B', 1);
INSERT INTO TeamsInDivisions VALUES (293, 7);
INSERT INTO Teams VALUES (294, 50, 'C', 1);
INSERT INTO TeamsInDivisions VALUES (294, 7);
INSERT INTO TeamsInDivisions VALUES (294, 6);
INSERT INTO Teams VALUES (295, 50, 'D', 1);
INSERT INTO Clubs VALUES (51, 'Elite 3000', 81, 3000);
INSERT INTO Clubs VALUES (52, 'Frederikssund IK', 53, 1941);
INSERT INTO Teams VALUES (296, 52, 'A', 0);
INSERT INTO TeamsInDivisions VALUES (296, 9);
INSERT INTO Teams VALUES (297, 52, 'B', 0);
INSERT INTO TeamsInDivisions VALUES (297, 6);
INSERT INTO Teams VALUES (298, 52, 'C', 0);
INSERT INTO TeamsInDivisions VALUES (298, 9);
INSERT INTO Teams VALUES (299, 52, 'A', 1);
INSERT INTO TeamsInDivisions VALUES (299, 10);
INSERT INTO Teams VALUES (300, 52, 'B', 1);
INSERT INTO TeamsInDivisions VALUES (300, 4);
INSERT INTO Teams VALUES (301, 52, 'A', 2);
INSERT INTO Teams VALUES (302, 52, 'B', 2);
INSERT INTO Teams VALUES (303, 52, 'C', 2);
INSERT INTO TeamsInDivisions VALUES (303, 11);
INSERT INTO Clubs VALUES (53, 'Greve Fodbold', 34, 1923);
INSERT INTO Teams VALUES (304, 53, 'A', 0);
INSERT INTO TeamsInDivisions VALUES (304, 9);
INSERT INTO Teams VALUES (305, 53, 'B', 0);
INSERT INTO TeamsInDivisions VALUES (305, 0);
INSERT INTO Teams VALUES (306, 53, 'C', 0);
INSERT INTO TeamsInDivisions VALUES (306, 9);
INSERT INTO TeamsInDivisions VALUES (306, 4);
INSERT INTO Teams VALUES (307, 53, 'D', 0);
INSERT INTO TeamsInDivisions VALUES (307, 3);
INSERT INTO Teams VALUES (308, 53, 'A', 1);
INSERT INTO TeamsInDivisions VALUES (308, 10);
INSERT INTO Teams VALUES (309, 53, 'A', 2);
INSERT INTO TeamsInDivisions VALUES (309, 11);
INSERT INTO Teams VALUES (310, 53, 'B', 2);
INSERT INTO Teams VALUES (311, 53, 'C', 2);
INSERT INTO Teams VALUES (312, 53, 'D', 2);
INSERT INTO TeamsInDivisions VALUES (312, 8);
INSERT INTO TeamsInDivisions VALUES (312, 3);
INSERT INTO Clubs VALUES (54, 'Herlev IF', 34, 1983);
INSERT INTO Teams VALUES (313, 54, 'A', 0);
INSERT INTO TeamsInDivisions VALUES (313, 9);
INSERT INTO Teams VALUES (314, 54, 'A', 1);
INSERT INTO TeamsInDivisions VALUES (314, 10);
INSERT INTO Teams VALUES (315, 54, 'B', 1);
INSERT INTO TeamsInDivisions VALUES (315, 7);
INSERT INTO Teams VALUES (316, 54, 'C', 1);
INSERT INTO TeamsInDivisions VALUES (316, 10);
INSERT INTO Teams VALUES (317, 54, 'A', 2);
INSERT INTO TeamsInDivisions VALUES (317, 11);
INSERT INTO Teams VALUES (318, 54, 'B', 2);
INSERT INTO TeamsInDivisions VALUES (318, 8);
INSERT INTO TeamsInDivisions VALUES (318, 7);
INSERT INTO Clubs VALUES (55, 'HIK Hellerup', 34, 1945);
INSERT INTO Teams VALUES (319, 55, 'A', 0);
INSERT INTO TeamsInDivisions VALUES (319, 9);
INSERT INTO Teams VALUES (320, 55, 'A', 1);
INSERT INTO TeamsInDivisions VALUES (320, 10);
INSERT INTO Teams VALUES (321, 55, 'B', 1);
INSERT INTO TeamsInDivisions VALUES (321, 1);
INSERT INTO Teams VALUES (322, 55, 'C', 1);
INSERT INTO TeamsInDivisions VALUES (322, 7);
INSERT INTO Teams VALUES (323, 55, 'D', 1);
INSERT INTO Teams VALUES (324, 55, 'A', 2);
INSERT INTO TeamsInDivisions VALUES (324, 11);
INSERT INTO Teams VALUES (325, 55, 'B', 2);
INSERT INTO TeamsInDivisions VALUES (325, 11);
INSERT INTO TeamsInDivisions VALUES (325, 7);
INSERT INTO Teams VALUES (326, 55, 'C', 2);
INSERT INTO TeamsInDivisions VALUES (326, 2);
INSERT INTO Clubs VALUES (56, 'Lolland-Falster Alliancen', 148, 1918);
INSERT INTO Teams VALUES (327, 56, 'A', 0);
INSERT INTO TeamsInDivisions VALUES (327, 9);
INSERT INTO Teams VALUES (328, 56, 'B', 0);
INSERT INTO TeamsInDivisions VALUES (328, 6);
INSERT INTO TeamsInDivisions VALUES (328, 9);
INSERT INTO Teams VALUES (329, 56, 'A', 1);
INSERT INTO TeamsInDivisions VALUES (329, 10);
INSERT INTO Teams VALUES (330, 56, 'B', 1);
INSERT INTO Teams VALUES (331, 56, 'C', 1);
INSERT INTO TeamsInDivisions VALUES (331, 1);
INSERT INTO Teams VALUES (332, 56, 'D', 1);
INSERT INTO Teams VALUES (333, 56, 'A', 2);
INSERT INTO TeamsInDivisions VALUES (333, 11);
INSERT INTO Teams VALUES (334, 56, 'B', 2);
INSERT INTO TeamsInDivisions VALUES (334, 10);
INSERT INTO Teams VALUES (335, 56, 'C', 2);
INSERT INTO Clubs VALUES (57, 'Nordvest FC', NULL, 2017);
INSERT INTO Teams VALUES (336, 57, 'A', 0);
INSERT INTO TeamsInDivisions VALUES (336, 9);
INSERT INTO Teams VALUES (337, 57, 'B', 0);
INSERT INTO Teams VALUES (338, 57, 'C', 0);
INSERT INTO Teams VALUES (339, 57, 'A', 1);
INSERT INTO TeamsInDivisions VALUES (339, 10);
INSERT INTO Teams VALUES (340, 57, 'A', 2);
INSERT INTO TeamsInDivisions VALUES (340, 11);
INSERT INTO Teams VALUES (341, 57, 'B', 2);
INSERT INTO TeamsInDivisions VALUES (341, 8);
INSERT INTO Clubs VALUES (58, 'Stenlose BK', 198, 1933);
INSERT INTO Teams VALUES (342, 58, 'A', 0);
INSERT INTO TeamsInDivisions VALUES (342, 9);
INSERT INTO Teams VALUES (343, 58, 'A', 1);
INSERT INTO TeamsInDivisions VALUES (343, 10);
INSERT INTO Teams VALUES (344, 58, 'B', 1);
INSERT INTO TeamsInDivisions VALUES (344, 10);
INSERT INTO Teams VALUES (345, 58, 'A', 2);
INSERT INTO TeamsInDivisions VALUES (345, 11);
INSERT INTO Teams VALUES (346, 58, 'B', 2);
INSERT INTO TeamsInDivisions VALUES (346, 11);
INSERT INTO Teams VALUES (347, 58, 'C', 2);
INSERT INTO TeamsInDivisions VALUES (347, 11);
INSERT INTO Teams VALUES (348, 58, 'D', 2);
INSERT INTO TeamsInDivisions VALUES (348, 5);
INSERT INTO Clubs VALUES (59, 'Vanlose IF', 34, 2014);
INSERT INTO Teams VALUES (349, 59, 'A', 0);
INSERT INTO TeamsInDivisions VALUES (349, 9);
INSERT INTO Teams VALUES (350, 59, 'B', 0);
INSERT INTO TeamsInDivisions VALUES (350, 3);
INSERT INTO Teams VALUES (351, 59, 'C', 0);
INSERT INTO TeamsInDivisions VALUES (351, 9);
INSERT INTO Teams VALUES (352, 59, 'D', 0);
INSERT INTO Teams VALUES (353, 59, 'A', 1);
INSERT INTO TeamsInDivisions VALUES (353, 10);
INSERT INTO Teams VALUES (354, 59, 'B', 1);
INSERT INTO TeamsInDivisions VALUES (354, 10);
INSERT INTO Teams VALUES (355, 59, 'C', 1);
INSERT INTO TeamsInDivisions VALUES (355, 10);
INSERT INTO TeamsInDivisions VALUES (355, 3);
INSERT INTO Teams VALUES (356, 59, 'A', 2);
INSERT INTO TeamsInDivisions VALUES (356, 11);
INSERT INTO Divisions VALUES (12, 'Denmark Series Pool 1', 0);
INSERT INTO Divisions VALUES (13, 'Denmark Series Pool 1', 1);
INSERT INTO Divisions VALUES (14, 'Denmark Series Pool 1', 2);
INSERT INTO Clubs VALUES (60, 'AB Tarnby', 34, 1992);
INSERT INTO Teams VALUES (357, 60, 'A', 0);
INSERT INTO TeamsInDivisions VALUES (357, 12);
INSERT INTO Teams VALUES (358, 60, 'B', 0);
INSERT INTO TeamsInDivisions VALUES (358, 6);
INSERT INTO Teams VALUES (359, 60, 'A', 1);
INSERT INTO TeamsInDivisions VALUES (359, 13);
INSERT INTO Teams VALUES (360, 60, 'B', 1);
INSERT INTO TeamsInDivisions VALUES (360, 1);
INSERT INTO TeamsInDivisions VALUES (360, 12);
INSERT INTO Teams VALUES (361, 60, 'A', 2);
INSERT INTO TeamsInDivisions VALUES (361, 14);
INSERT INTO Teams VALUES (362, 60, 'B', 2);
INSERT INTO Teams VALUES (363, 60, 'C', 2);
INSERT INTO Teams VALUES (364, 60, 'D', 2);
INSERT INTO Clubs VALUES (61, 'Avedore IF', NULL, 1931);
INSERT INTO Teams VALUES (365, 61, 'A', 0);
INSERT INTO TeamsInDivisions VALUES (365, 12);
INSERT INTO Teams VALUES (366, 61, 'B', 0);
INSERT INTO TeamsInDivisions VALUES (366, 3);
INSERT INTO Teams VALUES (367, 61, 'A', 1);
INSERT INTO TeamsInDivisions VALUES (367, 13);
INSERT INTO Teams VALUES (368, 61, 'B', 1);
INSERT INTO TeamsInDivisions VALUES (368, 1);
INSERT INTO Teams VALUES (369, 61, 'A', 2);
INSERT INTO TeamsInDivisions VALUES (369, 14);
INSERT INTO Teams VALUES (370, 61, 'B', 2);
INSERT INTO TeamsInDivisions VALUES (370, 11);
INSERT INTO Clubs VALUES (62, 'B 1903 (F.C. Copenhagen III)', 34, 1903);
INSERT INTO Teams VALUES (371, 62, 'A', 0);
INSERT INTO TeamsInDivisions VALUES (371, 12);
INSERT INTO Teams VALUES (372, 62, 'A', 1);
INSERT INTO TeamsInDivisions VALUES (372, 13);
INSERT INTO Teams VALUES (373, 62, 'B', 1);
INSERT INTO TeamsInDivisions VALUES (373, 10);
INSERT INTO Clubs VALUES (63, 'Birkerod IF', 19, 2014);
INSERT INTO Teams VALUES (374, 63, 'A', 0);
INSERT INTO Teams VALUES (375, 63, 'B', 0);
INSERT INTO TeamsInDivisions VALUES (375, 3);
INSERT INTO Teams VALUES (376, 63, 'C', 0);
INSERT INTO TeamsInDivisions VALUES (376, 12);
INSERT INTO Teams VALUES (377, 63, 'D', 0);
INSERT INTO Teams VALUES (378, 63, 'A', 2);
INSERT INTO TeamsInDivisions VALUES (378, 14);
INSERT INTO Clubs VALUES (64, 'BK Fremad Amager', 34, 2016);
INSERT INTO Teams VALUES (379, 64, 'A', 0);
INSERT INTO TeamsInDivisions VALUES (379, 12);
INSERT INTO Teams VALUES (380, 64, 'B', 0);
INSERT INTO Teams VALUES (381, 64, 'C', 0);
INSERT INTO Teams VALUES (382, 64, 'D', 0);
INSERT INTO TeamsInDivisions VALUES (382, 3);
INSERT INTO Teams VALUES (383, 64, 'A', 1);
INSERT INTO TeamsInDivisions VALUES (383, 13);
INSERT INTO Teams VALUES (384, 64, 'B', 1);
INSERT INTO TeamsInDivisions VALUES (384, 1);
INSERT INTO Teams VALUES (385, 64, 'C', 1);
INSERT INTO TeamsInDivisions VALUES (385, 7);
INSERT INTO Teams VALUES (386, 64, 'D', 1);
INSERT INTO TeamsInDivisions VALUES (386, 10);
INSERT INTO Teams VALUES (387, 64, 'A', 2);
INSERT INTO TeamsInDivisions VALUES (387, 14);
INSERT INTO Clubs VALUES (65, 'Brondby IF (III)', 34, 1913);
INSERT INTO Teams VALUES (388, 65, 'A', 0);
INSERT INTO TeamsInDivisions VALUES (388, 12);
INSERT INTO Teams VALUES (389, 65, 'B', 0);
INSERT INTO TeamsInDivisions VALUES (389, 9);
INSERT INTO Teams VALUES (390, 65, 'C', 0);
INSERT INTO Teams VALUES (391, 65, 'A', 1);
INSERT INTO TeamsInDivisions VALUES (391, 13);
INSERT INTO Teams VALUES (392, 65, 'B', 1);
INSERT INTO Teams VALUES (393, 65, 'A', 2);
INSERT INTO TeamsInDivisions VALUES (393, 14);
INSERT INTO Teams VALUES (394, 65, 'B', 2);
INSERT INTO TeamsInDivisions VALUES (394, 14);
INSERT INTO TeamsInDivisions VALUES (394, 8);
INSERT INTO Teams VALUES (395, 65, 'C', 2);
INSERT INTO Clubs VALUES (66, 'FC Oresund', 34, 1967);
INSERT INTO Teams VALUES (396, 66, 'A', 0);
INSERT INTO TeamsInDivisions VALUES (396, 12);
INSERT INTO Teams VALUES (397, 66, 'B', 0);
INSERT INTO TeamsInDivisions VALUES (397, 9);
INSERT INTO Teams VALUES (398, 66, 'C', 0);
INSERT INTO TeamsInDivisions VALUES (398, 9);
INSERT INTO TeamsInDivisions VALUES (398, 5);
INSERT INTO Teams VALUES (399, 66, 'A', 1);
INSERT INTO TeamsInDivisions VALUES (399, 13);
INSERT INTO Teams VALUES (400, 66, 'B', 1);
INSERT INTO Clubs VALUES (67, 'Frederiksberg BK', 51, 1930);
INSERT INTO Teams VALUES (401, 67, 'A', 0);
INSERT INTO TeamsInDivisions VALUES (401, 12);
INSERT INTO Teams VALUES (402, 67, 'B', 0);
INSERT INTO TeamsInDivisions VALUES (402, 13);
INSERT INTO Teams VALUES (403, 67, 'C', 0);
INSERT INTO Teams VALUES (404, 67, 'D', 0);
INSERT INTO TeamsInDivisions VALUES (404, 9);
INSERT INTO Teams VALUES (405, 67, 'A', 1);
INSERT INTO TeamsInDivisions VALUES (405, 13);
INSERT INTO Teams VALUES (406, 67, 'B', 1);
INSERT INTO TeamsInDivisions VALUES (406, 10);
INSERT INTO TeamsInDivisions VALUES (406, 7);
INSERT INTO Teams VALUES (407, 67, 'C', 1);
INSERT INTO Teams VALUES (408, 67, 'D', 1);
INSERT INTO TeamsInDivisions VALUES (408, 13);
INSERT INTO Teams VALUES (409, 67, 'A', 2);
INSERT INTO TeamsInDivisions VALUES (409, 14);
INSERT INTO Teams VALUES (410, 67, 'B', 2);
INSERT INTO TeamsInDivisions VALUES (410, 14);
INSERT INTO Teams VALUES (411, 67, 'C', 2);
INSERT INTO TeamsInDivisions VALUES (411, 2);
INSERT INTO Clubs VALUES (68, 'Gentofte-Vangede IF', 34, 1944);
INSERT INTO Teams VALUES (412, 68, 'A', 1);
INSERT INTO TeamsInDivisions VALUES (412, 13);
INSERT INTO Teams VALUES (413, 68, 'B', 1);
INSERT INTO TeamsInDivisions VALUES (413, 4);
INSERT INTO TeamsInDivisions VALUES (413, 14);
INSERT INTO Teams VALUES (414, 68, 'A', 2);
INSERT INTO TeamsInDivisions VALUES (414, 14);
INSERT INTO Clubs VALUES (69, 'Jegersborg BK', NULL, 1954);
INSERT INTO Teams VALUES (415, 69, 'A', 1);
INSERT INTO TeamsInDivisions VALUES (415, 13);
INSERT INTO Teams VALUES (416, 69, 'B', 1);
INSERT INTO TeamsInDivisions VALUES (416, 10);
INSERT INTO Teams VALUES (417, 69, 'A', 2);
INSERT INTO TeamsInDivisions VALUES (417, 14);
INSERT INTO Teams VALUES (418, 69, 'B', 2);
INSERT INTO TeamsInDivisions VALUES (418, 2);
INSERT INTO Teams VALUES (419, 69, 'C', 2);
INSERT INTO TeamsInDivisions VALUES (419, 14);
INSERT INTO Clubs VALUES (70, 'Ledoje-Smorum Fodbold', 189, 1949);
INSERT INTO Teams VALUES (420, 70, 'A', 0);
INSERT INTO TeamsInDivisions VALUES (420, 12);
INSERT INTO Teams VALUES (421, 70, 'A', 1);
INSERT INTO TeamsInDivisions VALUES (421, 13);
INSERT INTO Teams VALUES (422, 70, 'B', 1);
INSERT INTO TeamsInDivisions VALUES (422, 13);
INSERT INTO Teams VALUES (423, 70, 'A', 2);
INSERT INTO TeamsInDivisions VALUES (423, 14);
INSERT INTO Teams VALUES (424, 70, 'B', 2);
INSERT INTO TeamsInDivisions VALUES (424, 5);
INSERT INTO Teams VALUES (425, 70, 'C', 2);
INSERT INTO TeamsInDivisions VALUES (425, 5);
INSERT INTO Teams VALUES (426, 70, 'D', 2);
INSERT INTO Clubs VALUES (71, 'NB Bornholm', 168, 1985);
INSERT INTO Teams VALUES (427, 71, 'A', 0);
INSERT INTO TeamsInDivisions VALUES (427, 12);
INSERT INTO Teams VALUES (428, 71, 'A', 2);
INSERT INTO TeamsInDivisions VALUES (428, 14);
INSERT INTO Teams VALUES (429, 71, 'B', 2);
INSERT INTO TeamsInDivisions VALUES (429, 8);
INSERT INTO TeamsInDivisions VALUES (429, 1);
INSERT INTO Teams VALUES (430, 71, 'C', 2);
INSERT INTO Clubs VALUES (72, 'Svebolle BI', 112, 1909);
INSERT INTO Teams VALUES (431, 72, 'A', 0);
INSERT INTO TeamsInDivisions VALUES (431, 12);
INSERT INTO Teams VALUES (432, 72, 'B', 0);
INSERT INTO TeamsInDivisions VALUES (432, 9);
INSERT INTO Teams VALUES (433, 72, 'A', 2);
INSERT INTO TeamsInDivisions VALUES (433, 14);
INSERT INTO Teams VALUES (434, 72, 'B', 2);
INSERT INTO TeamsInDivisions VALUES (434, 11);
INSERT INTO Teams VALUES (435, 72, 'C', 2);
INSERT INTO Clubs VALUES (73, 'Verlose BK', 231, 2017);
INSERT INTO Teams VALUES (436, 73, 'A', 0);
INSERT INTO TeamsInDivisions VALUES (436, 12);
INSERT INTO Teams VALUES (437, 73, 'A', 1);
INSERT INTO TeamsInDivisions VALUES (437, 13);
INSERT INTO Teams VALUES (438, 73, 'B', 1);
INSERT INTO Teams VALUES (439, 73, 'C', 1);
INSERT INTO Teams VALUES (440, 73, 'A', 2);
INSERT INTO TeamsInDivisions VALUES (440, 14);
INSERT INTO Teams VALUES (441, 73, 'B', 2);
INSERT INTO TeamsInDivisions VALUES (441, 11);
INSERT INTO Clubs VALUES (74, 'Fremad Valby', 34, 1982);
INSERT INTO Teams VALUES (442, 74, 'A', 0);
INSERT INTO TeamsInDivisions VALUES (442, 12);
INSERT INTO Teams VALUES (443, 74, 'A', 1);
INSERT INTO TeamsInDivisions VALUES (443, 13);
INSERT INTO Divisions VALUES (15, 'Denmark Series Pool 2', 0);
INSERT INTO Divisions VALUES (16, 'Denmark Series Pool 2', 1);
INSERT INTO Divisions VALUES (17, 'Denmark Series Pool 2', 2);
INSERT INTO Clubs VALUES (75, 'Aarup BK', 7, 1969);
INSERT INTO Teams VALUES (444, 75, 'A', 0);
INSERT INTO TeamsInDivisions VALUES (444, 15);
INSERT INTO Teams VALUES (445, 75, 'A', 1);
INSERT INTO TeamsInDivisions VALUES (445, 16);
INSERT INTO Teams VALUES (446, 75, 'A', 2);
INSERT INTO TeamsInDivisions VALUES (446, 17);
INSERT INTO Teams VALUES (447, 75, 'B', 2);
INSERT INTO Teams VALUES (448, 75, 'C', 2);
INSERT INTO Clubs VALUES (76, 'B 1913 (FC Fyn II)', NULL, 1913);
INSERT INTO Teams VALUES (449, 76, 'A', 0);
INSERT INTO TeamsInDivisions VALUES (449, 15);
INSERT INTO Teams VALUES (450, 76, 'B', 0);
INSERT INTO TeamsInDivisions VALUES (450, 15);
INSERT INTO Teams VALUES (451, 76, 'A', 1);
INSERT INTO TeamsInDivisions VALUES (451, 16);
INSERT INTO Teams VALUES (452, 76, 'B', 1);
INSERT INTO TeamsInDivisions VALUES (452, 7);
INSERT INTO Teams VALUES (453, 76, 'A', 2);
INSERT INTO TeamsInDivisions VALUES (453, 17);
INSERT INTO Teams VALUES (454, 76, 'B', 2);
INSERT INTO TeamsInDivisions VALUES (454, 2);
INSERT INTO Clubs VALUES (77, 'B 1921 (Lolland-Falster Alliancen II)', 148, 1921);
INSERT INTO Teams VALUES (455, 77, 'A', 0);
INSERT INTO TeamsInDivisions VALUES (455, 15);
INSERT INTO Teams VALUES (456, 77, 'B', 0);
INSERT INTO TeamsInDivisions VALUES (456, 3);
INSERT INTO Teams VALUES (457, 77, 'C', 0);
INSERT INTO TeamsInDivisions VALUES (457, 6);
INSERT INTO Teams VALUES (458, 77, 'D', 0);
INSERT INTO TeamsInDivisions VALUES (458, 3);
INSERT INTO Teams VALUES (459, 77, 'A', 1);
INSERT INTO TeamsInDivisions VALUES (459, 16);
INSERT INTO Teams VALUES (460, 77, 'A', 2);
INSERT INTO TeamsInDivisions VALUES (460, 17);
INSERT INTO Teams VALUES (461, 77, 'B', 2);
INSERT INTO TeamsInDivisions VALUES (461, 2);
INSERT INTO Teams VALUES (462, 77, 'C', 2);
INSERT INTO TeamsInDivisions VALUES (462, 11);
INSERT INTO Clubs VALUES (78, 'B Frem-Sakskobing', 173, 1919);
INSERT INTO Teams VALUES (463, 78, 'A', 0);
INSERT INTO TeamsInDivisions VALUES (463, 15);
INSERT INTO Teams VALUES (464, 78, 'B', 0);
INSERT INTO TeamsInDivisions VALUES (464, 6);
INSERT INTO Teams VALUES (465, 78, 'A', 1);
INSERT INTO TeamsInDivisions VALUES (465, 16);
INSERT INTO Teams VALUES (466, 78, 'A', 2);
INSERT INTO TeamsInDivisions VALUES (466, 17);
INSERT INTO Teams VALUES (467, 78, 'B', 2);
INSERT INTO TeamsInDivisions VALUES (467, 11);
INSERT INTO TeamsInDivisions VALUES (467, 17);
INSERT INTO Clubs VALUES (79, 'B Marienlyst', 81, 1946);
INSERT INTO Teams VALUES (468, 79, 'A', 0);
INSERT INTO TeamsInDivisions VALUES (468, 15);
INSERT INTO Teams VALUES (469, 79, 'B', 0);
INSERT INTO TeamsInDivisions VALUES (469, 9);
INSERT INTO TeamsInDivisions VALUES (469, 3);
INSERT INTO Teams VALUES (470, 79, 'C', 0);
INSERT INTO Teams VALUES (471, 79, 'D', 0);
INSERT INTO Teams VALUES (472, 79, 'A', 2);
INSERT INTO TeamsInDivisions VALUES (472, 17);
INSERT INTO Teams VALUES (473, 79, 'B', 2);
INSERT INTO Teams VALUES (474, 79, 'C', 2);
INSERT INTO Teams VALUES (475, 79, 'D', 2);
INSERT INTO Clubs VALUES (80, 'FC Sydvest', 222, 2015);
INSERT INTO Teams VALUES (476, 80, 'A', 0);
INSERT INTO TeamsInDivisions VALUES (476, 15);
INSERT INTO Teams VALUES (477, 80, 'B', 0);
INSERT INTO TeamsInDivisions VALUES (477, 6);
INSERT INTO TeamsInDivisions VALUES (477, 2);
INSERT INTO Teams VALUES (478, 80, 'C', 0);
INSERT INTO Teams VALUES (479, 80, 'A', 1);
INSERT INTO TeamsInDivisions VALUES (479, 16);
INSERT INTO Teams VALUES (480, 80, 'B', 1);
INSERT INTO TeamsInDivisions VALUES (480, 4);
INSERT INTO Clubs VALUES (81, 'Fjordager IF', 153, 1998);
INSERT INTO Teams VALUES (481, 81, 'A', 0);
INSERT INTO TeamsInDivisions VALUES (481, 15);
INSERT INTO Teams VALUES (482, 81, 'B', 0);
INSERT INTO TeamsInDivisions VALUES (482, 12);
INSERT INTO Teams VALUES (483, 81, 'C', 0);
INSERT INTO TeamsInDivisions VALUES (483, 6);
INSERT INTO Teams VALUES (484, 81, 'D', 0);
INSERT INTO Teams VALUES (485, 81, 'A', 1);
INSERT INTO TeamsInDivisions VALUES (485, 16);
INSERT INTO Teams VALUES (486, 81, 'A', 2);
INSERT INTO TeamsInDivisions VALUES (486, 17);
INSERT INTO Teams VALUES (487, 81, 'B', 2);
INSERT INTO TeamsInDivisions VALUES (487, 2);
INSERT INTO Teams VALUES (488, 81, 'C', 2);
INSERT INTO Clubs VALUES (82, 'Haderslev FK (SonderjyskE III)', 69, 1965);
INSERT INTO Teams VALUES (489, 82, 'A', 0);
INSERT INTO TeamsInDivisions VALUES (489, 15);
INSERT INTO Teams VALUES (490, 82, 'A', 1);
INSERT INTO TeamsInDivisions VALUES (490, 16);
INSERT INTO Teams VALUES (491, 82, 'B', 1);
INSERT INTO Teams VALUES (492, 82, 'C', 1);
INSERT INTO TeamsInDivisions VALUES (492, 13);
INSERT INTO Teams VALUES (493, 82, 'D', 1);
INSERT INTO Teams VALUES (494, 82, 'A', 2);
INSERT INTO TeamsInDivisions VALUES (494, 17);
INSERT INTO Clubs VALUES (83, 'Kolding IF (Kolding FC II)', 120, 1942);
INSERT INTO Teams VALUES (495, 83, 'A', 0);
INSERT INTO TeamsInDivisions VALUES (495, 15);
INSERT INTO Teams VALUES (496, 83, 'B', 0);
INSERT INTO TeamsInDivisions VALUES (496, 15);
INSERT INTO Teams VALUES (497, 83, 'C', 0);
INSERT INTO Teams VALUES (498, 83, 'D', 0);
INSERT INTO Teams VALUES (499, 83, 'A', 2);
INSERT INTO TeamsInDivisions VALUES (499, 17);
INSERT INTO Teams VALUES (500, 83, 'B', 2);
INSERT INTO TeamsInDivisions VALUES (500, 14);
INSERT INTO Clubs VALUES (84, 'Nesby BK (II)', NULL, 1938);
INSERT INTO Teams VALUES (501, 84, 'A', 0);
INSERT INTO TeamsInDivisions VALUES (501, 15);
INSERT INTO Teams VALUES (502, 84, 'B', 0);
INSERT INTO TeamsInDivisions VALUES (502, 15);
INSERT INTO Teams VALUES (503, 84, 'C', 0);
INSERT INTO Teams VALUES (504, 84, 'D', 0);
INSERT INTO Teams VALUES (505, 84, 'A', 1);
INSERT INTO TeamsInDivisions VALUES (505, 16);
INSERT INTO Teams VALUES (506, 84, 'B', 1);
INSERT INTO Teams VALUES (507, 84, 'A', 2);
INSERT INTO TeamsInDivisions VALUES (507, 17);
INSERT INTO Teams VALUES (508, 84, 'B', 2);
INSERT INTO Clubs VALUES (85, 'Nestved IF (II)', 139, 1981);
INSERT INTO Teams VALUES (509, 85, 'A', 0);
INSERT INTO TeamsInDivisions VALUES (509, 15);
INSERT INTO Teams VALUES (510, 85, 'B', 0);
INSERT INTO TeamsInDivisions VALUES (510, 12);
INSERT INTO Teams VALUES (511, 85, 'C', 0);
INSERT INTO TeamsInDivisions VALUES (511, 6);
INSERT INTO Teams VALUES (512, 85, 'A', 1);
INSERT INTO TeamsInDivisions VALUES (512, 16);
INSERT INTO Teams VALUES (513, 85, 'A', 2);
INSERT INTO TeamsInDivisions VALUES (513, 17);
INSERT INTO Teams VALUES (514, 85, 'B', 2);
INSERT INTO TeamsInDivisions VALUES (514, 17);
INSERT INTO Teams VALUES (515, 85, 'C', 2);
INSERT INTO Teams VALUES (516, 85, 'D', 2);
INSERT INTO TeamsInDivisions VALUES (516, 2);
INSERT INTO Clubs VALUES (86, 'OKS', NULL, 1983);
INSERT INTO Teams VALUES (517, 86, 'A', 0);
INSERT INTO TeamsInDivisions VALUES (517, 15);
INSERT INTO Teams VALUES (518, 86, 'B', 0);
INSERT INTO TeamsInDivisions VALUES (518, 6);
INSERT INTO Teams VALUES (519, 86, 'A', 2);
INSERT INTO TeamsInDivisions VALUES (519, 17);
INSERT INTO Teams VALUES (520, 86, 'B', 2);
INSERT INTO TeamsInDivisions VALUES (520, 8);
INSERT INTO Teams VALUES (521, 86, 'C', 2);
INSERT INTO TeamsInDivisions VALUES (521, 8);
INSERT INTO TeamsInDivisions VALUES (521, 5);
INSERT INTO Clubs VALUES (87, 'Ringsted IF', 164, 1950);
INSERT INTO Teams VALUES (522, 87, 'A', 1);
INSERT INTO TeamsInDivisions VALUES (522, 16);
INSERT INTO Teams VALUES (523, 87, 'B', 1);
INSERT INTO TeamsInDivisions VALUES (523, 10);
INSERT INTO TeamsInDivisions VALUES (523, 13);
INSERT INTO Teams VALUES (524, 87, 'C', 1);
INSERT INTO TeamsInDivisions VALUES (524, 13);
INSERT INTO Teams VALUES (525, 87, 'A', 2);
INSERT INTO TeamsInDivisions VALUES (525, 17);
INSERT INTO Teams VALUES (526, 87, 'B', 2);
INSERT INTO Clubs VALUES (88, 'Tarup/Paarup IF', NULL, 1953);
INSERT INTO Teams VALUES (527, 88, 'A', 0);
INSERT INTO TeamsInDivisions VALUES (527, 15);
INSERT INTO Teams VALUES (528, 88, 'B', 0);
INSERT INTO Teams VALUES (529, 88, 'C', 0);
INSERT INTO TeamsInDivisions VALUES (529, 0);
INSERT INTO Teams VALUES (530, 88, 'A', 1);
INSERT INTO TeamsInDivisions VALUES (530, 16);
INSERT INTO Teams VALUES (531, 88, 'B', 1);
INSERT INTO TeamsInDivisions VALUES (531, 4);
INSERT INTO Teams VALUES (532, 88, 'C', 1);
INSERT INTO Teams VALUES (533, 88, 'D', 1);
INSERT INTO TeamsInDivisions VALUES (533, 13);
INSERT INTO Teams VALUES (534, 88, 'A', 2);
INSERT INTO TeamsInDivisions VALUES (534, 17);
INSERT INTO Teams VALUES (535, 88, 'B', 2);
INSERT INTO TeamsInDivisions VALUES (535, 14);
INSERT INTO TeamsInDivisions VALUES (535, 0);
INSERT INTO Divisions VALUES (18, 'Denmark Series Pool 3', 0);
INSERT INTO Divisions VALUES (19, 'Denmark Series Pool 3', 1);
INSERT INTO Divisions VALUES (20, 'Denmark Series Pool 3', 2);
INSERT INTO Clubs VALUES (89, 'AaB (III)', NULL, 1973);
INSERT INTO Teams VALUES (536, 89, 'A', 0);
INSERT INTO TeamsInDivisions VALUES (536, 18);
INSERT INTO Teams VALUES (537, 89, 'B', 0);
INSERT INTO TeamsInDivisions VALUES (537, 15);
INSERT INTO Teams VALUES (538, 89, 'C', 0);
INSERT INTO TeamsInDivisions VALUES (538, 12);
INSERT INTO Teams VALUES (539, 89, 'D', 0);
INSERT INTO Teams VALUES (540, 89, 'A', 1);
INSERT INTO TeamsInDivisions VALUES (540, 19);
INSERT INTO Teams VALUES (541, 89, 'A', 2);
INSERT INTO TeamsInDivisions VALUES (541, 20);
INSERT INTO Teams VALUES (542, 89, 'B', 2);
INSERT INTO Teams VALUES (543, 89, 'C', 2);
INSERT INTO TeamsInDivisions VALUES (543, 5);
INSERT INTO Clubs VALUES (90, 'Aalborg Freja', 3, 1954);
INSERT INTO Teams VALUES (544, 90, 'A', 0);
INSERT INTO TeamsInDivisions VALUES (544, 18);
INSERT INTO Teams VALUES (545, 90, 'B', 0);
INSERT INTO TeamsInDivisions VALUES (545, 6);
INSERT INTO TeamsInDivisions VALUES (545, 15);
INSERT INTO Teams VALUES (546, 90, 'C', 0);
INSERT INTO TeamsInDivisions VALUES (546, 3);
INSERT INTO TeamsInDivisions VALUES (546, 16);
INSERT INTO Teams VALUES (547, 90, 'A', 1);
INSERT INTO TeamsInDivisions VALUES (547, 19);
INSERT INTO Teams VALUES (548, 90, 'B', 1);
INSERT INTO TeamsInDivisions VALUES (548, 4);
INSERT INTO Teams VALUES (549, 90, 'C', 1);
INSERT INTO TeamsInDivisions VALUES (549, 19);
INSERT INTO Teams VALUES (550, 90, 'D', 1);
INSERT INTO Teams VALUES (551, 90, 'A', 2);
INSERT INTO TeamsInDivisions VALUES (551, 20);
INSERT INTO Teams VALUES (552, 90, 'B', 2);
INSERT INTO TeamsInDivisions VALUES (552, 8);
INSERT INTO TeamsInDivisions VALUES (552, 13);
INSERT INTO Teams VALUES (553, 90, 'C', 2);
INSERT INTO TeamsInDivisions VALUES (553, 14);
INSERT INTO Teams VALUES (554, 90, 'D', 2);
INSERT INTO TeamsInDivisions VALUES (554, 2);
INSERT INTO Clubs VALUES (91, 'Aalborg KFUM', 3, 1942);
INSERT INTO Teams VALUES (555, 91, 'A', 0);
INSERT INTO TeamsInDivisions VALUES (555, 18);
INSERT INTO Teams VALUES (556, 91, 'B', 0);
INSERT INTO TeamsInDivisions VALUES (556, 3);
INSERT INTO Teams VALUES (557, 91, 'C', 0);
INSERT INTO Teams VALUES (558, 91, 'D', 0);
INSERT INTO Teams VALUES (559, 91, 'A', 1);
INSERT INTO TeamsInDivisions VALUES (559, 19);
INSERT INTO Teams VALUES (560, 91, 'B', 1);
INSERT INTO TeamsInDivisions VALUES (560, 7);
INSERT INTO Teams VALUES (561, 91, 'C', 1);
INSERT INTO Teams VALUES (562, 91, 'D', 1);
INSERT INTO Clubs VALUES (92, 'Aarhus Fremad (II)', 5, 1919);
INSERT INTO Teams VALUES (563, 92, 'A', 1);
INSERT INTO TeamsInDivisions VALUES (563, 19);
INSERT INTO Teams VALUES (564, 92, 'B', 1);
INSERT INTO TeamsInDivisions VALUES (564, 19);
INSERT INTO Teams VALUES (565, 92, 'C', 1);
INSERT INTO TeamsInDivisions VALUES (565, 7);
INSERT INTO Teams VALUES (566, 92, 'D', 1);
INSERT INTO TeamsInDivisions VALUES (566, 13);
INSERT INTO TeamsInDivisions VALUES (566, 15);
INSERT INTO Teams VALUES (567, 92, 'A', 2);
INSERT INTO TeamsInDivisions VALUES (567, 20);
INSERT INTO Teams VALUES (568, 92, 'B', 2);
INSERT INTO TeamsInDivisions VALUES (568, 2);
INSERT INTO Teams VALUES (569, 92, 'C', 2);
INSERT INTO TeamsInDivisions VALUES (569, 5);
INSERT INTO TeamsInDivisions VALUES (569, 6);
INSERT INTO Teams VALUES (570, 92, 'D', 2);
INSERT INTO Clubs VALUES (93, 'Brabrand IF (II)', 5, 1956);
INSERT INTO Teams VALUES (571, 93, 'A', 1);
INSERT INTO TeamsInDivisions VALUES (571, 19);
INSERT INTO Teams VALUES (572, 93, 'B', 1);
INSERT INTO TeamsInDivisions VALUES (572, 4);
INSERT INTO Teams VALUES (573, 93, 'A', 2);
INSERT INTO TeamsInDivisions VALUES (573, 20);
INSERT INTO Teams VALUES (574, 93, 'B', 2);
INSERT INTO TeamsInDivisions VALUES (574, 20);
INSERT INTO Teams VALUES (575, 93, 'C', 2);
INSERT INTO Teams VALUES (576, 93, 'D', 2);
INSERT INTO TeamsInDivisions VALUES (576, 14);
INSERT INTO Clubs VALUES (94, 'Frederikshavn fI', 52, 1998);
INSERT INTO Teams VALUES (577, 94, 'A', 1);
INSERT INTO TeamsInDivisions VALUES (577, 19);
INSERT INTO Teams VALUES (578, 94, 'B', 1);
INSERT INTO Teams VALUES (579, 94, 'A', 2);
INSERT INTO TeamsInDivisions VALUES (579, 20);
INSERT INTO Teams VALUES (580, 94, 'B', 2);
INSERT INTO TeamsInDivisions VALUES (580, 11);
INSERT INTO Teams VALUES (581, 94, 'C', 2);
INSERT INTO TeamsInDivisions VALUES (581, 11);
INSERT INTO Teams VALUES (582, 94, 'D', 2);
INSERT INTO TeamsInDivisions VALUES (582, 8);
INSERT INTO TeamsInDivisions VALUES (582, 1);
INSERT INTO Clubs VALUES (95, 'Herning Fremad (FC Midtjylland III)', 82, 1941);
INSERT INTO Teams VALUES (583, 95, 'A', 0);
INSERT INTO TeamsInDivisions VALUES (583, 18);
INSERT INTO Teams VALUES (584, 95, 'B', 0);
INSERT INTO TeamsInDivisions VALUES (584, 3);
INSERT INTO Teams VALUES (585, 95, 'A', 2);
INSERT INTO TeamsInDivisions VALUES (585, 20);
INSERT INTO Teams VALUES (586, 95, 'B', 2);
INSERT INTO TeamsInDivisions VALUES (586, 14);
INSERT INTO Teams VALUES (587, 95, 'C', 2);
INSERT INTO TeamsInDivisions VALUES (587, 14);
INSERT INTO TeamsInDivisions VALUES (587, 11);
INSERT INTO Clubs VALUES (96, 'Kjellerup IF', 117, 1931);
INSERT INTO Teams VALUES (588, 96, 'A', 0);
INSERT INTO TeamsInDivisions VALUES (588, 18);
INSERT INTO Teams VALUES (589, 96, 'B', 0);
INSERT INTO TeamsInDivisions VALUES (589, 18);
INSERT INTO Teams VALUES (590, 96, 'A', 1);
INSERT INTO TeamsInDivisions VALUES (590, 19);
INSERT INTO Teams VALUES (591, 96, 'B', 1);
INSERT INTO Teams VALUES (592, 96, 'C', 1);
INSERT INTO Teams VALUES (593, 96, 'A', 2);
INSERT INTO TeamsInDivisions VALUES (593, 20);
INSERT INTO Clubs VALUES (97, 'Logstor IF', 127, 1963);
INSERT INTO Teams VALUES (594, 97, 'A', 0);
INSERT INTO TeamsInDivisions VALUES (594, 18);
INSERT INTO Teams VALUES (595, 97, 'B', 0);
INSERT INTO TeamsInDivisions VALUES (595, 9);
INSERT INTO Teams VALUES (596, 97, 'A', 1);
INSERT INTO TeamsInDivisions VALUES (596, 19);
INSERT INTO Teams VALUES (597, 97, 'B', 1);
INSERT INTO TeamsInDivisions VALUES (597, 10);
INSERT INTO Teams VALUES (598, 97, 'C', 1);
INSERT INTO TeamsInDivisions VALUES (598, 4);
INSERT INTO TeamsInDivisions VALUES (598, 14);
INSERT INTO Teams VALUES (599, 97, 'A', 2);
INSERT INTO TeamsInDivisions VALUES (599, 20);
INSERT INTO Teams VALUES (600, 97, 'B', 2);
INSERT INTO TeamsInDivisions VALUES (600, 14);
INSERT INTO TeamsInDivisions VALUES (600, 20);
INSERT INTO Clubs VALUES (98, 'Odder IGF', 152, 1950);
INSERT INTO Teams VALUES (601, 98, 'A', 1);
INSERT INTO TeamsInDivisions VALUES (601, 19);
INSERT INTO Teams VALUES (602, 98, 'B', 1);
INSERT INTO Teams VALUES (603, 98, 'C', 1);
INSERT INTO TeamsInDivisions VALUES (603, 10);
INSERT INTO Teams VALUES (604, 98, 'A', 2);
INSERT INTO TeamsInDivisions VALUES (604, 20);
INSERT INTO Teams VALUES (605, 98, 'B', 2);
INSERT INTO Clubs VALUES (99, 'Randers Freja (Randers FC III)', 160, 1905);
INSERT INTO Teams VALUES (606, 99, 'A', 1);
INSERT INTO TeamsInDivisions VALUES (606, 19);
INSERT INTO Teams VALUES (607, 99, 'B', 1);
INSERT INTO Teams VALUES (608, 99, 'C', 1);
INSERT INTO Teams VALUES (609, 99, 'A', 2);
INSERT INTO TeamsInDivisions VALUES (609, 20);
INSERT INTO Teams VALUES (610, 99, 'B', 2);
INSERT INTO Teams VALUES (611, 99, 'C', 2);
INSERT INTO TeamsInDivisions VALUES (611, 2);
INSERT INTO Clubs VALUES (100, 'Ringkobing IF', 163, 1950);
INSERT INTO Teams VALUES (612, 100, 'A', 1);
INSERT INTO TeamsInDivisions VALUES (612, 19);
INSERT INTO Teams VALUES (613, 100, 'A', 2);
INSERT INTO TeamsInDivisions VALUES (613, 20);
INSERT INTO Clubs VALUES (101, 'Viby IF', 5, 1927);
INSERT INTO Teams VALUES (614, 101, 'A', 0);
INSERT INTO TeamsInDivisions VALUES (614, 18);
INSERT INTO Teams VALUES (615, 101, 'A', 2);
INSERT INTO TeamsInDivisions VALUES (615, 20);
INSERT INTO Teams VALUES (616, 101, 'B', 2);
INSERT INTO TeamsInDivisions VALUES (616, 20);
INSERT INTO Teams VALUES (617, 101, 'C', 2);
INSERT INTO Teams VALUES (618, 101, 'D', 2);
INSERT INTO Clubs VALUES (102, 'Vorup FB (part of Randers FC-merger)', 160, 2005);
INSERT INTO Teams VALUES (619, 102, 'A', 0);
INSERT INTO TeamsInDivisions VALUES (619, 18);
INSERT INTO Teams VALUES (620, 102, 'A', 1);
INSERT INTO TeamsInDivisions VALUES (620, 19);
INSERT INTO Teams VALUES (621, 102, 'B', 1);
INSERT INTO TeamsInDivisions VALUES (621, 1);
INSERT INTO Teams VALUES (622, 102, 'A', 2);
INSERT INTO TeamsInDivisions VALUES (622, 20);
INSERT INTO Divisions VALUES (21, 'Elitedivisionen', 0);
INSERT INTO Divisions VALUES (22, 'Elitedivisionen', 1);
INSERT INTO Divisions VALUES (23, 'Elitedivisionen', 2);
INSERT INTO Clubs VALUES (103, 'FC Kobenhavn', 34, 1983);
INSERT INTO Teams VALUES (623, 103, 'A', 0);
INSERT INTO TeamsInDivisions VALUES (623, 21);
INSERT INTO Teams VALUES (624, 103, 'A', 1);
INSERT INTO TeamsInDivisions VALUES (624, 22);
INSERT INTO Teams VALUES (625, 103, 'B', 1);
INSERT INTO Teams VALUES (626, 103, 'C', 1);
INSERT INTO Teams VALUES (627, 103, 'D', 1);
INSERT INTO Teams VALUES (628, 103, 'A', 2);
INSERT INTO TeamsInDivisions VALUES (628, 23);
INSERT INTO Teams VALUES (629, 103, 'B', 2);
INSERT INTO Teams VALUES (630, 103, 'C', 2);
INSERT INTO TeamsInDivisions VALUES (630, 11);
INSERT INTO Teams VALUES (631, 103, 'D', 2);
INSERT INTO TeamsInDivisions VALUES (631, 11);
INSERT INTO Clubs VALUES (104, 'Brondby', 34, 1967);
INSERT INTO Teams VALUES (632, 104, 'A', 0);
INSERT INTO TeamsInDivisions VALUES (632, 21);
INSERT INTO Teams VALUES (633, 104, 'B', 0);
INSERT INTO TeamsInDivisions VALUES (633, 18);
INSERT INTO Teams VALUES (634, 104, 'C', 0);
INSERT INTO TeamsInDivisions VALUES (634, 9);
INSERT INTO Teams VALUES (635, 104, 'A', 1);
INSERT INTO TeamsInDivisions VALUES (635, 22);
INSERT INTO Teams VALUES (636, 104, 'B', 1);
INSERT INTO TeamsInDivisions VALUES (636, 22);
INSERT INTO Teams VALUES (637, 104, 'C', 1);
INSERT INTO TeamsInDivisions VALUES (637, 13);
INSERT INTO Teams VALUES (638, 104, 'D', 1);
INSERT INTO Clubs VALUES (105, 'Ballerup Skovlunde Fodbold', 34, 1942);
INSERT INTO Teams VALUES (639, 105, 'A', 0);
INSERT INTO TeamsInDivisions VALUES (639, 21);
INSERT INTO Teams VALUES (640, 105, 'B', 0);
INSERT INTO TeamsInDivisions VALUES (640, 18);
INSERT INTO TeamsInDivisions VALUES (640, 13);
INSERT INTO Teams VALUES (641, 105, 'C', 0);
INSERT INTO Teams VALUES (642, 105, 'A', 1);
INSERT INTO TeamsInDivisions VALUES (642, 22);
INSERT INTO Teams VALUES (643, 105, 'B', 1);
INSERT INTO TeamsInDivisions VALUES (643, 4);
INSERT INTO Teams VALUES (644, 105, 'A', 2);
INSERT INTO TeamsInDivisions VALUES (644, 23);
INSERT INTO Teams VALUES (645, 105, 'B', 2);
INSERT INTO TeamsInDivisions VALUES (645, 8);
INSERT INTO Teams VALUES (646, 105, 'C', 2);
INSERT INTO Teams VALUES (647, 105, 'D', 2);
INSERT INTO TeamsInDivisions VALUES (647, 2);
INSERT INTO Clubs VALUES (106, 'Fortuna Hjorring', 87, 1956);
INSERT INTO Teams VALUES (648, 106, 'A', 1);
INSERT INTO TeamsInDivisions VALUES (648, 22);
INSERT INTO Teams VALUES (649, 106, 'A', 2);
INSERT INTO TeamsInDivisions VALUES (649, 23);
INSERT INTO Clubs VALUES (107, 'IK Skovbakken', 5, 2008);
INSERT INTO Teams VALUES (650, 107, 'A', 0);
INSERT INTO TeamsInDivisions VALUES (650, 21);
INSERT INTO Teams VALUES (651, 107, 'B', 0);
INSERT INTO TeamsInDivisions VALUES (651, 0);
INSERT INTO Teams VALUES (652, 107, 'A', 1);
INSERT INTO TeamsInDivisions VALUES (652, 22);
INSERT INTO Teams VALUES (653, 107, 'A', 2);
INSERT INTO TeamsInDivisions VALUES (653, 23);
INSERT INTO Teams VALUES (654, 107, 'B', 2);
INSERT INTO TeamsInDivisions VALUES (654, 23);
INSERT INTO Clubs VALUES (108, 'Kolding', 120, 1947);
INSERT INTO Teams VALUES (655, 108, 'A', 0);
INSERT INTO TeamsInDivisions VALUES (655, 21);
INSERT INTO Teams VALUES (656, 108, 'B', 0);
INSERT INTO TeamsInDivisions VALUES (656, 21);
INSERT INTO Teams VALUES (657, 108, 'C', 0);
INSERT INTO Teams VALUES (658, 108, 'D', 0);
INSERT INTO Teams VALUES (659, 108, 'A', 1);
INSERT INTO TeamsInDivisions VALUES (659, 22);
INSERT INTO Teams VALUES (660, 108, 'B', 1);
INSERT INTO Teams VALUES (661, 108, 'C', 1);
INSERT INTO TeamsInDivisions VALUES (661, 4);
INSERT INTO Teams VALUES (662, 108, 'D', 1);
INSERT INTO TeamsInDivisions VALUES (662, 10);
INSERT INTO Teams VALUES (663, 108, 'A', 2);
INSERT INTO TeamsInDivisions VALUES (663, 23);
INSERT INTO Clubs VALUES (109, 'Odense', 153, 1912);
INSERT INTO Teams VALUES (664, 109, 'A', 1);
INSERT INTO TeamsInDivisions VALUES (664, 22);
INSERT INTO Teams VALUES (665, 109, 'B', 1);
INSERT INTO Teams VALUES (666, 109, 'C', 1);
INSERT INTO Teams VALUES (667, 109, 'D', 1);
INSERT INTO Teams VALUES (668, 109, 'A', 2);
INSERT INTO TeamsInDivisions VALUES (668, 23);
INSERT INTO Clubs VALUES (110, 'Taastrup', 213, 2000);
INSERT INTO Teams VALUES (669, 110, 'A', 0);
INSERT INTO TeamsInDivisions VALUES (669, 21);
INSERT INTO Teams VALUES (670, 110, 'B', 0);
INSERT INTO TeamsInDivisions VALUES (670, 18);
INSERT INTO Teams VALUES (671, 110, 'A', 1);
INSERT INTO TeamsInDivisions VALUES (671, 22);
INSERT INTO Teams VALUES (672, 110, 'A', 2);
INSERT INTO TeamsInDivisions VALUES (672, 23);
INSERT INTO Teams VALUES (673, 110, 'B', 2);
INSERT INTO TeamsInDivisions VALUES (673, 23);
INSERT INTO TeamsInDivisions VALUES (673, 0);
INSERT INTO Clubs VALUES (111, 'Vejle BK', 230, 1946);
INSERT INTO Teams VALUES (674, 111, 'A', 0);
INSERT INTO TeamsInDivisions VALUES (674, 21);
INSERT INTO Teams VALUES (675, 111, 'A', 1);
INSERT INTO TeamsInDivisions VALUES (675, 22);
INSERT INTO Teams VALUES (676, 111, 'B', 1);
INSERT INTO TeamsInDivisions VALUES (676, 6);
INSERT INTO Teams VALUES (677, 111, 'C', 1);
INSERT INTO TeamsInDivisions VALUES (677, 13);
INSERT INTO Teams VALUES (678, 111, 'D', 1);
INSERT INTO Teams VALUES (679, 111, 'A', 2);
INSERT INTO TeamsInDivisions VALUES (679, 23);
INSERT INTO Teams VALUES (680, 111, 'B', 2);
INSERT INTO TeamsInDivisions VALUES (680, 14);
INSERT INTO Teams VALUES (681, 111, 'C', 2);
INSERT INTO TeamsInDivisions VALUES (681, 5);
INSERT INTO TeamsInDivisions VALUES (681, 7);
INSERT INTO Clubs VALUES (112, 'HIK Skjold', 34, 1908);
INSERT INTO Teams VALUES (682, 112, 'A', 0);
INSERT INTO TeamsInDivisions VALUES (682, 21);
INSERT INTO Teams VALUES (683, 112, 'A', 2);
INSERT INTO TeamsInDivisions VALUES (683, 23);
INSERT INTO Teams VALUES (684, 112, 'B', 2);
INSERT INTO TeamsInDivisions VALUES (684, 2);
INSERT INTO TeamsInDivisions VALUES (684, 9);
INSERT INTO Teams VALUES (685, 112, 'C', 2);
INSERT INTO TeamsInDivisions VALUES (685, 2);
INSERT INTO Clubs VALUES (113, 'Lyngby', 34, 1951);
INSERT INTO Teams VALUES (686, 113, 'A', 0);
INSERT INTO TeamsInDivisions VALUES (686, 21);
INSERT INTO Teams VALUES (687, 113, 'B', 0);
INSERT INTO TeamsInDivisions VALUES (687, 21);
INSERT INTO Teams VALUES (688, 113, 'A', 1);
INSERT INTO TeamsInDivisions VALUES (688, 22);
INSERT INTO Teams VALUES (689, 113, 'B', 1);
INSERT INTO TeamsInDivisions VALUES (689, 4);
INSERT INTO Teams VALUES (690, 113, 'C', 1);
INSERT INTO Teams VALUES (691, 113, 'D', 1);
INSERT INTO TeamsInDivisions VALUES (691, 7);
INSERT INTO Teams VALUES (692, 113, 'A', 2);
INSERT INTO TeamsInDivisions VALUES (692, 23);
INSERT INTO Teams VALUES (693, 113, 'B', 2);
INSERT INTO TeamsInDivisions VALUES (693, 17);
INSERT INTO Teams VALUES (694, 113, 'C', 2);
INSERT INTO TeamsInDivisions VALUES (694, 23);
INSERT INTO Matches VALUES (0, 0, 130, 31, 1, 3);
INSERT INTO Sets VALUES (0, 1, -1, 25);
INSERT INTO Sets VALUES (0, 2, 25, 7);
INSERT INTO Sets VALUES (0, 3, 2, 25);
INSERT INTO Sets VALUES (0, 4, 0, 25);
INSERT INTO Matches VALUES (1, 0, 261, 92, 1, 3);
INSERT INTO Sets VALUES (1, 1, -1, 25);
INSERT INTO Sets VALUES (1, 2, 0, 25);
INSERT INTO Sets VALUES (1, 3, 25, 20);
INSERT INTO Sets VALUES (1, 4, 10, 25);
INSERT INTO Matches VALUES (2, 0, 211, 50, 3, 0);
INSERT INTO Sets VALUES (2, 1, 25, 6);
INSERT INTO Sets VALUES (2, 2, 25, 22);
INSERT INTO Sets VALUES (2, 3, 25, 18);
INSERT INTO Matches VALUES (3, 0, 14, 98, 1, 3);
INSERT INTO Sets VALUES (3, 1, 9, 25);
INSERT INTO Sets VALUES (3, 2, 5, 25);
INSERT INTO Sets VALUES (3, 3, 25, 13);
INSERT INTO Sets VALUES (3, 4, 4, 25);
INSERT INTO Matches VALUES (4, 0, 0, 305, 2, 3);
INSERT INTO Sets VALUES (4, 1, 0, 25);
INSERT INTO Sets VALUES (4, 2, 0, 25);
INSERT INTO Sets VALUES (4, 3, 25, 17);
INSERT INTO Sets VALUES (4, 4, 25, 2);
INSERT INTO Sets VALUES (4, 5, 22, 15);
INSERT INTO Matches VALUES (5, 0, 136, 14, 3, 1);
INSERT INTO Sets VALUES (5, 1, 19, 25);
INSERT INTO Sets VALUES (5, 2, 25, 9);
INSERT INTO Sets VALUES (5, 3, 25, 2);
INSERT INTO Sets VALUES (5, 4, 25, 5);
INSERT INTO Matches VALUES (6, 0, 108, 98, 3, 0);
INSERT INTO Sets VALUES (6, 1, 25, 12);
INSERT INTO Sets VALUES (6, 2, 25, 18);
INSERT INTO Sets VALUES (6, 3, 25, 0);
INSERT INTO Matches VALUES (7, 0, 9, 51, 3, 0);
INSERT INTO Sets VALUES (7, 1, 25, 10);
INSERT INTO Sets VALUES (7, 2, 25, 12);
INSERT INTO Sets VALUES (7, 3, 25, 14);
INSERT INTO Matches VALUES (8, 0, 31, 263, 3, 1);
INSERT INTO Sets VALUES (8, 1, 25, 22);
INSERT INTO Sets VALUES (8, 2, 25, 4);
INSERT INTO Sets VALUES (8, 3, 16, 25);
INSERT INTO Sets VALUES (8, 4, 25, 22);
INSERT INTO Matches VALUES (9, 0, 529, 51, 3, 1);
INSERT INTO Sets VALUES (9, 1, 25, 10);
INSERT INTO Sets VALUES (9, 2, 0, 25);
INSERT INTO Sets VALUES (9, 3, 25, 0);
INSERT INTO Sets VALUES (9, 4, 25, 5);
INSERT INTO Matches VALUES (10, 0, 71, 8, 3, 2);
INSERT INTO Sets VALUES (10, 1, 17, 25);
INSERT INTO Sets VALUES (10, 2, 6, 25);
INSERT INTO Sets VALUES (10, 3, 25, 0);
INSERT INTO Sets VALUES (10, 4, 25, 18);
INSERT INTO Sets VALUES (10, 5, 15, 0);
INSERT INTO Matches VALUES (11, 0, 14, 98, 2, 3);
INSERT INTO Sets VALUES (11, 1, 12, 25);
INSERT INTO Sets VALUES (11, 2, 3, 25);
INSERT INTO Sets VALUES (11, 3, 25, 4);
INSERT INTO Sets VALUES (11, 4, 25, 0);
INSERT INTO Sets VALUES (11, 5, 2, 15);
INSERT INTO Matches VALUES (12, 0, 263, 23, 3, 0);
INSERT INTO Sets VALUES (12, 1, 25, 6);
INSERT INTO Sets VALUES (12, 2, 25, 15);
INSERT INTO Sets VALUES (12, 3, 25, 16);
INSERT INTO Matches VALUES (13, 0, 651, 246, 3, 0);
INSERT INTO Sets VALUES (13, 1, 25, 22);
INSERT INTO Sets VALUES (13, 2, 25, 18);
INSERT INTO Sets VALUES (13, 3, 25, 20);
INSERT INTO Matches VALUES (14, 0, 261, 535, 2, 3);
INSERT INTO Sets VALUES (14, 1, 25, 11);
INSERT INTO Sets VALUES (14, 2, 18, 25);
INSERT INTO Sets VALUES (14, 3, 25, 7);
INSERT INTO Sets VALUES (14, 4, 11, 25);
INSERT INTO Sets VALUES (14, 5, 4, 15);
INSERT INTO Matches VALUES (15, 0, 92, 40, 1, 3);
INSERT INTO Sets VALUES (15, 1, 0, 25);
INSERT INTO Sets VALUES (15, 2, 25, 19);
INSERT INTO Sets VALUES (15, 3, 3, 25);
INSERT INTO Sets VALUES (15, 4, 0, 25);
INSERT INTO Matches VALUES (16, 0, 14, 261, 2, 3);
INSERT INTO Sets VALUES (16, 1, 0, 25);
INSERT INTO Sets VALUES (16, 2, 25, 13);
INSERT INTO Sets VALUES (16, 3, 8, 25);
INSERT INTO Sets VALUES (16, 4, 25, 7);
INSERT INTO Sets VALUES (16, 5, 17, 15);
INSERT INTO Matches VALUES (17, 0, 50, 246, 3, 0);
INSERT INTO Sets VALUES (17, 1, 25, 3);
INSERT INTO Sets VALUES (17, 2, 25, 0);
INSERT INTO Sets VALUES (17, 3, 25, 19);
INSERT INTO Matches VALUES (18, 0, 14, 136, 1, 3);
INSERT INTO Sets VALUES (18, 1, 11, 25);
INSERT INTO Sets VALUES (18, 2, 25, 1);
INSERT INTO Sets VALUES (18, 3, 11, 25);
INSERT INTO Sets VALUES (18, 4, 7, 25);
INSERT INTO Matches VALUES (19, 0, 136, 305, 3, 0);
INSERT INTO Sets VALUES (19, 1, 25, 11);
INSERT INTO Sets VALUES (19, 2, 25, 0);
INSERT INTO Sets VALUES (19, 3, 25, 5);
INSERT INTO Matches VALUES (20, 0, 136, 21, 2, 3);
INSERT INTO Sets VALUES (20, 1, 25, 6);
INSERT INTO Sets VALUES (20, 2, 13, 25);
INSERT INTO Sets VALUES (20, 3, 7, 25);
INSERT INTO Sets VALUES (20, 4, 25, 0);
INSERT INTO Sets VALUES (20, 5, 13, 15);
INSERT INTO Matches VALUES (21, 0, 535, 21, 3, 1);
INSERT INTO Sets VALUES (21, 1, 25, 5);
INSERT INTO Sets VALUES (21, 2, 25, 14);
INSERT INTO Sets VALUES (21, 3, 5, 25);
INSERT INTO Sets VALUES (21, 4, 25, 8);
INSERT INTO Matches VALUES (22, 0, 14, 21, 3, 1);
INSERT INTO Sets VALUES (22, 1, 25, 7);
INSERT INTO Sets VALUES (22, 2, 25, 6);
INSERT INTO Sets VALUES (22, 3, 21, 25);
INSERT INTO Sets VALUES (22, 4, 25, 10);
INSERT INTO Matches VALUES (23, 0, 305, 21, 3, 1);
INSERT INTO Sets VALUES (23, 1, 25, 21);
INSERT INTO Sets VALUES (23, 2, 25, 1);
INSERT INTO Sets VALUES (23, 3, 3, 25);
INSERT INTO Sets VALUES (23, 4, 25, 17);
INSERT INTO Matches VALUES (24, 0, 201, 305, 3, 1);
INSERT INTO Sets VALUES (24, 1, 25, 13);
INSERT INTO Sets VALUES (24, 2, 10, 25);
INSERT INTO Sets VALUES (24, 3, 25, 0);
INSERT INTO Sets VALUES (24, 4, 25, 7);
INSERT INTO Matches VALUES (25, 0, 31, 40, 3, 0);
INSERT INTO Sets VALUES (25, 1, 25, 17);
INSERT INTO Sets VALUES (25, 2, 25, 10);
INSERT INTO Sets VALUES (25, 3, 25, 12);
INSERT INTO Matches VALUES (26, 0, 31, 246, 3, 0);
INSERT INTO Sets VALUES (26, 1, 25, 22);
INSERT INTO Sets VALUES (26, 2, 25, 3);
INSERT INTO Sets VALUES (26, 3, 25, 20);
INSERT INTO Matches VALUES (27, 0, 130, 529, 3, 2);
INSERT INTO Sets VALUES (27, 1, 25, 11);
INSERT INTO Sets VALUES (27, 2, 25, 11);
INSERT INTO Sets VALUES (27, 3, 19, 25);
INSERT INTO Sets VALUES (27, 4, 9, 25);
INSERT INTO Sets VALUES (27, 5, 15, 8);
INSERT INTO Matches VALUES (28, 0, 0, 136, 0, 3);
INSERT INTO Sets VALUES (28, 1, 3, 25);
INSERT INTO Sets VALUES (28, 2, 0, 25);
INSERT INTO Sets VALUES (28, 3, -1, 25);
INSERT INTO Matches VALUES (29, 0, 201, 92, NULL, NULL);
INSERT INTO Matches VALUES (30, 0, 136, 31, 0, 3);
INSERT INTO Sets VALUES (30, 1, 0, 25);
INSERT INTO Sets VALUES (30, 2, 0, 25);
INSERT INTO Sets VALUES (30, 3, -1, 25);
INSERT INTO Matches VALUES (31, 0, 50, 9, 3, 2);
INSERT INTO Sets VALUES (31, 1, -1, 25);
INSERT INTO Sets VALUES (31, 2, 25, 5);
INSERT INTO Sets VALUES (31, 3, 25, 13);
INSERT INTO Sets VALUES (31, 4, 8, 25);
INSERT INTO Sets VALUES (31, 5, 15, 7);
INSERT INTO Matches VALUES (32, 0, 13, 535, 3, 1);
INSERT INTO Sets VALUES (32, 1, 0, 25);
INSERT INTO Sets VALUES (32, 2, 25, 18);
INSERT INTO Sets VALUES (32, 3, 25, 6);
INSERT INTO Sets VALUES (32, 4, 25, 0);
INSERT INTO Matches VALUES (33, 0, 13, 246, 3, 2);
INSERT INTO Sets VALUES (33, 1, 25, 20);
INSERT INTO Sets VALUES (33, 2, 20, 25);
INSERT INTO Sets VALUES (33, 3, 25, 10);
INSERT INTO Sets VALUES (33, 4, 12, 25);
INSERT INTO Sets VALUES (33, 5, 15, 2);
INSERT INTO Matches VALUES (34, 0, 44, 673, 3, 2);
INSERT INTO Sets VALUES (34, 1, 25, 10);
INSERT INTO Sets VALUES (34, 2, 25, 9);
INSERT INTO Sets VALUES (34, 3, 18, 25);
INSERT INTO Sets VALUES (34, 4, 2, 25);
INSERT INTO Sets VALUES (34, 5, 15, 0);
INSERT INTO Matches VALUES (35, 0, 98, 9, 3, 0);
INSERT INTO Sets VALUES (35, 1, 25, 8);
INSERT INTO Sets VALUES (35, 2, 25, 16);
INSERT INTO Sets VALUES (35, 3, 25, 11);
INSERT INTO Matches VALUES (36, 0, 673, 30, 3, 1);
INSERT INTO Sets VALUES (36, 1, 25, 3);
INSERT INTO Sets VALUES (36, 2, 0, 25);
INSERT INTO Sets VALUES (36, 3, 25, 12);
INSERT INTO Sets VALUES (36, 4, 25, 11);
INSERT INTO Matches VALUES (37, 0, 25, 13, NULL, NULL);
INSERT INTO Matches VALUES (38, 0, 50, 130, 3, 1);
INSERT INTO Sets VALUES (38, 1, 25, 7);
INSERT INTO Sets VALUES (38, 2, 25, 18);
INSERT INTO Sets VALUES (38, 3, 4, 25);
INSERT INTO Sets VALUES (38, 4, 25, 21);
INSERT INTO Matches VALUES (39, 0, 21, 8, 3, 2);
INSERT INTO Sets VALUES (39, 1, 25, 21);
INSERT INTO Sets VALUES (39, 2, 25, 5);
INSERT INTO Sets VALUES (39, 3, 1, 25);
INSERT INTO Sets VALUES (39, 4, 0, 25);
INSERT INTO Sets VALUES (39, 5, 15, 8);
INSERT INTO Matches VALUES (40, 0, 136, 31, 2, 3);
INSERT INTO Sets VALUES (40, 1, 12, 25);
INSERT INTO Sets VALUES (40, 2, 25, 17);
INSERT INTO Sets VALUES (40, 3, 22, 25);
INSERT INTO Sets VALUES (40, 4, 25, 5);
INSERT INTO Sets VALUES (40, 5, 16, 15);
INSERT INTO Matches VALUES (41, 0, 211, 13, 3, 1);
INSERT INTO Sets VALUES (41, 1, 25, 14);
INSERT INTO Sets VALUES (41, 2, 14, 25);
INSERT INTO Sets VALUES (41, 3, 25, 0);
INSERT INTO Sets VALUES (41, 4, 25, 17);
INSERT INTO Matches VALUES (42, 0, 0, 286, 3, 1);
INSERT INTO Sets VALUES (42, 1, 18, 25);
INSERT INTO Sets VALUES (42, 2, 25, 5);
INSERT INTO Sets VALUES (42, 3, 25, 17);
INSERT INTO Sets VALUES (42, 4, 25, 3);
INSERT INTO Matches VALUES (43, 0, 51, 535, 3, 1);
INSERT INTO Sets VALUES (43, 1, 25, 8);
INSERT INTO Sets VALUES (43, 2, 25, 1);
INSERT INTO Sets VALUES (43, 3, 21, 25);
INSERT INTO Sets VALUES (43, 4, 25, 7);
INSERT INTO Matches VALUES (44, 0, 21, 50, 3, 0);
INSERT INTO Sets VALUES (44, 1, 25, 3);
INSERT INTO Sets VALUES (44, 2, 25, 22);
INSERT INTO Sets VALUES (44, 3, 25, 18);
INSERT INTO Matches VALUES (45, 0, 211, 98, 3, 2);
INSERT INTO Sets VALUES (45, 1, 9, 25);
INSERT INTO Sets VALUES (45, 2, 25, 20);
INSERT INTO Sets VALUES (45, 3, 3, 25);
INSERT INTO Sets VALUES (45, 4, 25, 12);
INSERT INTO Sets VALUES (45, 5, 15, 9);
INSERT INTO Matches VALUES (46, 0, 130, 25, 3, 2);
INSERT INTO Sets VALUES (46, 1, 25, 18);
INSERT INTO Sets VALUES (46, 2, 25, 18);
INSERT INTO Sets VALUES (46, 3, 10, 25);
INSERT INTO Sets VALUES (46, 4, 2, 25);
INSERT INTO Sets VALUES (46, 5, 15, 0);
INSERT INTO Matches VALUES (47, 0, 71, 40, 2, 3);
INSERT INTO Sets VALUES (47, 1, 12, 25);
INSERT INTO Sets VALUES (47, 2, 25, 18);
INSERT INTO Sets VALUES (47, 3, 2, 25);
INSERT INTO Sets VALUES (47, 4, 25, 13);
INSERT INTO Sets VALUES (47, 5, 21, 15);
INSERT INTO Matches VALUES (48, 0, 31, 92, 3, 2);
INSERT INTO Sets VALUES (48, 1, 0, 25);
INSERT INTO Sets VALUES (48, 2, 25, 17);
INSERT INTO Sets VALUES (48, 3, 25, 0);
INSERT INTO Sets VALUES (48, 4, 2, 25);
INSERT INTO Sets VALUES (48, 5, 15, 0);
INSERT INTO Matches VALUES (49, 0, 23, 71, 3, 1);
INSERT INTO Sets VALUES (49, 1, 11, 25);
INSERT INTO Sets VALUES (49, 2, 25, 8);
INSERT INTO Sets VALUES (49, 3, 25, 14);
INSERT INTO Sets VALUES (49, 4, 25, 22);
INSERT INTO Matches VALUES (50, 0, 31, 211, 3, 1);
INSERT INTO Sets VALUES (50, 1, 21, 25);
INSERT INTO Sets VALUES (50, 2, 25, 7);
INSERT INTO Sets VALUES (50, 3, 25, 4);
INSERT INTO Sets VALUES (50, 4, 25, 9);
INSERT INTO Matches VALUES (51, 0, 31, 286, 3, 0);
INSERT INTO Sets VALUES (51, 1, 25, 13);
INSERT INTO Sets VALUES (51, 2, 25, 5);
INSERT INTO Sets VALUES (51, 3, 25, 11);
INSERT INTO Matches VALUES (52, 0, 51, 40, 3, 0);
INSERT INTO Sets VALUES (52, 1, 25, 1);
INSERT INTO Sets VALUES (52, 2, 25, 14);
INSERT INTO Sets VALUES (52, 3, 25, 21);
INSERT INTO Matches VALUES (53, 0, 673, 13, 3, 0);
INSERT INTO Sets VALUES (53, 1, 25, 11);
INSERT INTO Sets VALUES (53, 2, 25, 20);
INSERT INTO Sets VALUES (53, 3, 25, 2);
INSERT INTO Matches VALUES (54, 0, 92, 246, 2, 3);
INSERT INTO Sets VALUES (54, 1, 22, 25);
INSERT INTO Sets VALUES (54, 2, 25, 10);
INSERT INTO Sets VALUES (54, 3, 18, 25);
INSERT INTO Sets VALUES (54, 4, 25, 5);
INSERT INTO Sets VALUES (54, 5, 22, 15);
INSERT INTO Matches VALUES (55, 0, 8, 51, NULL, NULL);
INSERT INTO Matches VALUES (56, 0, 529, 9, NULL, NULL);
INSERT INTO Matches VALUES (57, 0, 40, 31, 3, 0);
INSERT INTO Sets VALUES (57, 1, 25, 11);
INSERT INTO Sets VALUES (57, 2, 25, 4);
INSERT INTO Sets VALUES (57, 3, 25, 0);
INSERT INTO Matches VALUES (58, 0, 23, 14, 3, 2);
INSERT INTO Sets VALUES (58, 1, 10, 25);
INSERT INTO Sets VALUES (58, 2, 25, 19);
INSERT INTO Sets VALUES (58, 3, 25, 21);
INSERT INTO Sets VALUES (58, 4, 3, 25);
INSERT INTO Sets VALUES (58, 5, 15, 6);
INSERT INTO Matches VALUES (59, 0, 673, 92, 3, 0);
INSERT INTO Sets VALUES (59, 1, 25, 22);
INSERT INTO Sets VALUES (59, 2, 25, 18);
INSERT INTO Sets VALUES (59, 3, 25, 19);
INSERT INTO Matches VALUES (60, 0, 25, 263, 3, 1);
INSERT INTO Sets VALUES (60, 1, 14, 25);
INSERT INTO Sets VALUES (60, 2, 25, 20);
INSERT INTO Sets VALUES (60, 3, 25, 2);
INSERT INTO Sets VALUES (60, 4, 25, 2);
INSERT INTO Matches VALUES (61, 0, 25, 130, NULL, NULL);
INSERT INTO Matches VALUES (62, 0, 529, 71, NULL, NULL);
INSERT INTO Matches VALUES (63, 0, 50, 30, 3, 2);
INSERT INTO Sets VALUES (63, 1, 25, 8);
INSERT INTO Sets VALUES (63, 2, 25, 2);
INSERT INTO Sets VALUES (63, 3, 15, 25);
INSERT INTO Sets VALUES (63, 4, 6, 25);
INSERT INTO Sets VALUES (63, 5, 15, 12);
INSERT INTO Matches VALUES (64, 0, 246, 305, 3, 1);
INSERT INTO Sets VALUES (64, 1, 11, 25);
INSERT INTO Sets VALUES (64, 2, 25, 2);
INSERT INTO Sets VALUES (64, 3, 25, 10);
INSERT INTO Sets VALUES (64, 4, 25, 2);
INSERT INTO Matches VALUES (65, 0, 23, 13, 3, 1);
INSERT INTO Sets VALUES (65, 1, 25, 2);
INSERT INTO Sets VALUES (65, 2, 25, 18);
INSERT INTO Sets VALUES (65, 3, 0, 25);
INSERT INTO Sets VALUES (65, 4, 25, 20);
INSERT INTO Matches VALUES (66, 0, 535, 30, 3, 0);
INSERT INTO Sets VALUES (66, 1, 25, 21);
INSERT INTO Sets VALUES (66, 2, 25, 19);
INSERT INTO Sets VALUES (66, 3, 25, 8);
INSERT INTO Matches VALUES (67, 0, 13, 9, 3, 1);
INSERT INTO Sets VALUES (67, 1, 25, 7);
INSERT INTO Sets VALUES (67, 2, 25, 14);
INSERT INTO Sets VALUES (67, 3, 14, 25);
INSERT INTO Sets VALUES (67, 4, 25, 13);
INSERT INTO Matches VALUES (68, 0, 211, 40, 3, 0);
INSERT INTO Sets VALUES (68, 1, 25, 9);
INSERT INTO Sets VALUES (68, 2, 25, 3);
INSERT INTO Sets VALUES (68, 3, 25, 11);
INSERT INTO Matches VALUES (69, 0, 71, 8, 3, 0);
INSERT INTO Sets VALUES (69, 1, 25, 4);
INSERT INTO Sets VALUES (69, 2, 25, 9);
INSERT INTO Sets VALUES (69, 3, 25, 9);
INSERT INTO Matches VALUES (70, 0, 130, 535, NULL, NULL);
INSERT INTO Matches VALUES (71, 0, 286, 305, 3, 1);
INSERT INTO Sets VALUES (71, 1, 6, 25);
INSERT INTO Sets VALUES (71, 2, 25, 2);
INSERT INTO Sets VALUES (71, 3, 25, 21);
INSERT INTO Sets VALUES (71, 4, 25, 22);
INSERT INTO Matches VALUES (72, 0, 130, 25, 3, 1);
INSERT INTO Sets VALUES (72, 1, 19, 25);
INSERT INTO Sets VALUES (72, 2, 25, 22);
INSERT INTO Sets VALUES (72, 3, 25, 9);
INSERT INTO Sets VALUES (72, 4, 25, 3);
INSERT INTO Matches VALUES (73, 0, 25, 50, 3, 1);
INSERT INTO Sets VALUES (73, 1, 25, 20);
INSERT INTO Sets VALUES (73, 2, 25, 17);
INSERT INTO Sets VALUES (73, 3, 18, 25);
INSERT INTO Sets VALUES (73, 4, 25, 2);
INSERT INTO Matches VALUES (74, 0, 92, 130, 3, 2);
INSERT INTO Sets VALUES (74, 1, 10, 25);
INSERT INTO Sets VALUES (74, 2, 25, 1);
INSERT INTO Sets VALUES (74, 3, 25, 19);
INSERT INTO Sets VALUES (74, 4, 9, 25);
INSERT INTO Sets VALUES (74, 5, 15, 9);
INSERT INTO Matches VALUES (75, 0, 51, 92, 3, 2);
INSERT INTO Sets VALUES (75, 1, 7, 25);
INSERT INTO Sets VALUES (75, 2, 2, 25);
INSERT INTO Sets VALUES (75, 3, 25, 5);
INSERT INTO Sets VALUES (75, 4, 25, 5);
INSERT INTO Sets VALUES (75, 5, 15, 2);
INSERT INTO Matches VALUES (76, 0, 246, 40, 3, 0);
INSERT INTO Sets VALUES (76, 1, 25, 0);
INSERT INTO Sets VALUES (76, 2, 25, 1);
INSERT INTO Sets VALUES (76, 3, 25, 21);
INSERT INTO Matches VALUES (77, 0, 673, 25, 1, 3);
INSERT INTO Sets VALUES (77, 1, 20, 25);
INSERT INTO Sets VALUES (77, 2, 14, 25);
INSERT INTO Sets VALUES (77, 3, 25, 7);
INSERT INTO Sets VALUES (77, 4, 6, 25);
INSERT INTO Matches VALUES (78, 0, 286, 25, 3, 2);
INSERT INTO Sets VALUES (78, 1, 1, 25);
INSERT INTO Sets VALUES (78, 2, 25, 19);
INSERT INTO Sets VALUES (78, 3, 21, 25);
INSERT INTO Sets VALUES (78, 4, 25, 22);
INSERT INTO Sets VALUES (78, 5, 15, 11);
INSERT INTO Matches VALUES (79, 0, 263, 0, 3, 1);
INSERT INTO Sets VALUES (79, 1, 25, 1);
INSERT INTO Sets VALUES (79, 2, 25, 13);
INSERT INTO Sets VALUES (79, 3, 8, 25);
INSERT INTO Sets VALUES (79, 4, 25, 2);
INSERT INTO Matches VALUES (80, 0, 40, 651, 3, 0);
INSERT INTO Sets VALUES (80, 1, 25, 1);
INSERT INTO Sets VALUES (80, 2, 25, 12);
INSERT INTO Sets VALUES (80, 3, 25, 3);
INSERT INTO Matches VALUES (81, 0, 50, 40, 3, 2);
INSERT INTO Sets VALUES (81, 1, 25, 9);
INSERT INTO Sets VALUES (81, 2, 18, 25);
INSERT INTO Sets VALUES (81, 3, 25, 2);
INSERT INTO Sets VALUES (81, 4, 22, 25);
INSERT INTO Sets VALUES (81, 5, 15, 6);
INSERT INTO Matches VALUES (82, 0, 14, 261, 3, 1);
INSERT INTO Sets VALUES (82, 1, 25, 5);
INSERT INTO Sets VALUES (82, 2, 25, 14);
INSERT INTO Sets VALUES (82, 3, 1, 25);
INSERT INTO Sets VALUES (82, 4, 25, 12);
INSERT INTO Matches VALUES (83, 0, 136, 9, 3, 0);
INSERT INTO Sets VALUES (83, 1, 25, 20);
INSERT INTO Sets VALUES (83, 2, 25, 5);
INSERT INTO Sets VALUES (83, 3, 25, 19);
INSERT INTO Matches VALUES (84, 0, 246, 31, 3, 0);
INSERT INTO Sets VALUES (84, 1, 25, 2);
INSERT INTO Sets VALUES (84, 2, 25, 17);
INSERT INTO Sets VALUES (84, 3, 25, 15);
INSERT INTO Matches VALUES (85, 0, 92, 44, 3, 2);
INSERT INTO Sets VALUES (85, 1, 25, 0);
INSERT INTO Sets VALUES (85, 2, 2, 25);
INSERT INTO Sets VALUES (85, 3, 0, 25);
INSERT INTO Sets VALUES (85, 4, 25, 10);
INSERT INTO Sets VALUES (85, 5, 15, 12);
INSERT INTO Matches VALUES (86, 0, 9, 286, 3, 0);
INSERT INTO Sets VALUES (86, 1, 25, 16);
INSERT INTO Sets VALUES (86, 2, 25, 15);
INSERT INTO Sets VALUES (86, 3, 25, 18);
INSERT INTO Matches VALUES (87, 0, 23, 305, 3, 0);
INSERT INTO Sets VALUES (87, 1, 25, 22);
INSERT INTO Sets VALUES (87, 2, 25, 8);
INSERT INTO Sets VALUES (87, 3, 25, 22);
INSERT INTO Matches VALUES (88, 0, 51, 261, 3, 0);
INSERT INTO Sets VALUES (88, 1, 25, 7);
INSERT INTO Sets VALUES (88, 2, 25, 22);
INSERT INTO Sets VALUES (88, 3, 25, 11);
INSERT INTO Matches VALUES (89, 0, 40, 305, 3, 0);
INSERT INTO Sets VALUES (89, 1, 25, 9);
INSERT INTO Sets VALUES (89, 2, 25, 13);
INSERT INTO Sets VALUES (89, 3, 25, 10);
INSERT INTO Matches VALUES (90, 0, 529, 21, NULL, NULL);
INSERT INTO Matches VALUES (91, 0, 261, 98, 3, 0);
INSERT INTO Sets VALUES (91, 1, 25, 18);
INSERT INTO Sets VALUES (91, 2, 25, 0);
INSERT INTO Sets VALUES (91, 3, 25, 12);
INSERT INTO Matches VALUES (92, 0, 211, 51, NULL, NULL);
INSERT INTO Matches VALUES (93, 0, 136, 535, 3, 0);
INSERT INTO Sets VALUES (93, 1, 25, 14);
INSERT INTO Sets VALUES (93, 2, 25, 22);
INSERT INTO Sets VALUES (93, 3, 25, 12);
INSERT INTO Matches VALUES (94, 0, 21, 14, 2, 3);
INSERT INTO Sets VALUES (94, 1, 25, 13);
INSERT INTO Sets VALUES (94, 2, 25, 3);
INSERT INTO Sets VALUES (94, 3, 18, 25);
INSERT INTO Sets VALUES (94, 4, 13, 25);
INSERT INTO Sets VALUES (94, 5, 3, 15);
INSERT INTO Matches VALUES (95, 0, 529, 130, 3, 0);
INSERT INTO Sets VALUES (95, 1, 25, 21);
INSERT INTO Sets VALUES (95, 2, 25, 3);
INSERT INTO Sets VALUES (95, 3, 25, 21);
INSERT INTO Matches VALUES (96, 0, 651, 30, 3, 0);
INSERT INTO Sets VALUES (96, 1, 25, 4);
INSERT INTO Sets VALUES (96, 2, 25, 2);
INSERT INTO Sets VALUES (96, 3, 25, 12);
INSERT INTO Matches VALUES (97, 0, 136, 98, 3, 2);
INSERT INTO Sets VALUES (97, 1, 25, 10);
INSERT INTO Sets VALUES (97, 2, 13, 25);
INSERT INTO Sets VALUES (97, 3, 25, 4);
INSERT INTO Sets VALUES (97, 4, 14, 25);
INSERT INTO Sets VALUES (97, 5, 15, 4);
INSERT INTO Matches VALUES (98, 0, 51, 9, 3, 0);
INSERT INTO Sets VALUES (98, 1, 25, 0);
INSERT INTO Sets VALUES (98, 2, 25, 15);
INSERT INTO Sets VALUES (98, 3, 25, 12);
INSERT INTO Matches VALUES (99, 0, 50, 305, 3, 1);
INSERT INTO Sets VALUES (99, 1, 7, 25);
INSERT INTO Sets VALUES (99, 2, 25, 19);
INSERT INTO Sets VALUES (99, 3, 25, 16);
INSERT INTO Sets VALUES (99, 4, 25, 2);
INSERT INTO Matches VALUES (100, 0, 98, 50, 3, 1);
INSERT INTO Sets VALUES (100, 1, 25, 0);
INSERT INTO Sets VALUES (100, 2, 21, 25);
INSERT INTO Sets VALUES (100, 3, 25, 15);
INSERT INTO Sets VALUES (100, 4, 25, 15);
INSERT INTO Matches VALUES (101, 0, 529, 0, 3, 1);
INSERT INTO Sets VALUES (101, 1, 15, 25);
INSERT INTO Sets VALUES (101, 2, 25, 16);
INSERT INTO Sets VALUES (101, 3, 25, 7);
INSERT INTO Sets VALUES (101, 4, 25, 12);
INSERT INTO Matches VALUES (102, 1, 35, 28, 1, 3);
INSERT INTO Sets VALUES (102, 1, 8, 25);
INSERT INTO Sets VALUES (102, 2, 25, 16);
INSERT INTO Sets VALUES (102, 3, 11, 25);
INSERT INTO Sets VALUES (102, 4, 3, 25);
INSERT INTO Matches VALUES (103, 1, 35, 368, 3, 0);
INSERT INTO Sets VALUES (103, 1, 25, 4);
INSERT INTO Sets VALUES (103, 2, 25, 5);
INSERT INTO Sets VALUES (103, 3, 25, 10);
INSERT INTO Matches VALUES (104, 1, 27, 250, 3, 0);
INSERT INTO Sets VALUES (104, 1, 25, 14);
INSERT INTO Sets VALUES (104, 2, 25, 20);
INSERT INTO Sets VALUES (104, 3, 25, 13);
INSERT INTO Matches VALUES (105, 1, 169, 321, 3, 1);
INSERT INTO Sets VALUES (105, 1, 25, 9);
INSERT INTO Sets VALUES (105, 2, 13, 25);
INSERT INTO Sets VALUES (105, 3, 25, 8);
INSERT INTO Sets VALUES (105, 4, 25, 11);
INSERT INTO Matches VALUES (106, 1, 384, 46, 3, 0);
INSERT INTO Sets VALUES (106, 1, 25, 16);
INSERT INTO Sets VALUES (106, 2, 25, 7);
INSERT INTO Sets VALUES (106, 3, 25, 3);
INSERT INTO Matches VALUES (107, 1, 60, 169, 3, 0);
INSERT INTO Sets VALUES (107, 1, 25, 16);
INSERT INTO Sets VALUES (107, 2, 25, 11);
INSERT INTO Sets VALUES (107, 3, 25, 19);
INSERT INTO Matches VALUES (108, 1, 35, 368, 3, 0);
INSERT INTO Sets VALUES (108, 1, 25, 1);
INSERT INTO Sets VALUES (108, 2, 25, 3);
INSERT INTO Sets VALUES (108, 3, 25, 9);
INSERT INTO Matches VALUES (109, 1, 360, 60, 3, 1);
INSERT INTO Sets VALUES (109, 1, 25, 2);
INSERT INTO Sets VALUES (109, 2, 25, 21);
INSERT INTO Sets VALUES (109, 3, 20, 25);
INSERT INTO Sets VALUES (109, 4, 25, 3);
INSERT INTO Matches VALUES (110, 1, 54, 41, 3, 0);
INSERT INTO Sets VALUES (110, 1, 25, 4);
INSERT INTO Sets VALUES (110, 2, 25, 6);
INSERT INTO Sets VALUES (110, 3, 25, 13);
INSERT INTO Matches VALUES (111, 1, 257, 28, 3, 2);
INSERT INTO Sets VALUES (111, 1, 25, 8);
INSERT INTO Sets VALUES (111, 2, 25, 16);
INSERT INTO Sets VALUES (111, 3, 13, 25);
INSERT INTO Sets VALUES (111, 4, 9, 25);
INSERT INTO Sets VALUES (111, 5, 15, 7);
INSERT INTO Matches VALUES (112, 1, 11, 55, 3, 0);
INSERT INTO Sets VALUES (112, 1, 25, 21);
INSERT INTO Sets VALUES (112, 2, 25, 9);
INSERT INTO Sets VALUES (112, 3, 25, 4);
INSERT INTO Matches VALUES (113, 1, 147, 27, 3, 1);
INSERT INTO Sets VALUES (113, 1, 25, 15);
INSERT INTO Sets VALUES (113, 2, 25, 0);
INSERT INTO Sets VALUES (113, 3, 21, 25);
INSERT INTO Sets VALUES (113, 4, 25, 19);
INSERT INTO Matches VALUES (114, 1, 38, 5, 3, 0);
INSERT INTO Sets VALUES (114, 1, 25, 18);
INSERT INTO Sets VALUES (114, 2, 25, 12);
INSERT INTO Sets VALUES (114, 3, 25, 21);
INSERT INTO Matches VALUES (115, 1, 621, 5, 3, 1);
INSERT INTO Sets VALUES (115, 1, 25, 15);
INSERT INTO Sets VALUES (115, 2, 13, 25);
INSERT INTO Sets VALUES (115, 3, 25, 22);
INSERT INTO Sets VALUES (115, 4, 25, 15);
INSERT INTO Matches VALUES (116, 1, 621, 15, 2, 3);
INSERT INTO Sets VALUES (116, 1, 25, 17);
INSERT INTO Sets VALUES (116, 2, 8, 25);
INSERT INTO Sets VALUES (116, 3, 25, 2);
INSERT INTO Sets VALUES (116, 4, 16, 25);
INSERT INTO Sets VALUES (116, 5, 6, 15);
INSERT INTO Matches VALUES (117, 1, 64, 4, 3, 0);
INSERT INTO Sets VALUES (117, 1, 25, 0);
INSERT INTO Sets VALUES (117, 2, 25, 7);
INSERT INTO Sets VALUES (117, 3, 25, 6);
INSERT INTO Matches VALUES (118, 1, 5, 56, 2, 3);
INSERT INTO Sets VALUES (118, 1, 2, 25);
INSERT INTO Sets VALUES (118, 2, 0, 25);
INSERT INTO Sets VALUES (118, 3, 25, 6);
INSERT INTO Sets VALUES (118, 4, 25, 18);
INSERT INTO Sets VALUES (118, 5, 14, 15);
INSERT INTO Matches VALUES (119, 1, 429, 56, 3, 0);
INSERT INTO Sets VALUES (119, 1, 25, 0);
INSERT INTO Sets VALUES (119, 2, 25, 22);
INSERT INTO Sets VALUES (119, 3, 25, 0);
INSERT INTO Matches VALUES (120, 1, 94, 331, 3, 1);
INSERT INTO Sets VALUES (120, 1, 25, 1);
INSERT INTO Sets VALUES (120, 2, 25, 2);
INSERT INTO Sets VALUES (120, 3, 21, 25);
INSERT INTO Sets VALUES (120, 4, 25, 1);
INSERT INTO Matches VALUES (121, 1, 11, 582, 3, 2);
INSERT INTO Sets VALUES (121, 1, 14, 25);
INSERT INTO Sets VALUES (121, 2, 25, 20);
INSERT INTO Sets VALUES (121, 3, 25, 14);
INSERT INTO Sets VALUES (121, 4, 7, 25);
INSERT INTO Sets VALUES (121, 5, 15, 4);
INSERT INTO Matches VALUES (122, 1, 250, 429, 2, 3);
INSERT INTO Sets VALUES (122, 1, 25, 10);
INSERT INTO Sets VALUES (122, 2, 5, 25);
INSERT INTO Sets VALUES (122, 3, 1, 25);
INSERT INTO Sets VALUES (122, 4, 25, 3);
INSERT INTO Sets VALUES (122, 5, 4, 15);
INSERT INTO Matches VALUES (123, 1, 45, 64, 3, 0);
INSERT INTO Sets VALUES (123, 1, 25, 1);
INSERT INTO Sets VALUES (123, 2, 25, 6);
INSERT INTO Sets VALUES (123, 3, 25, 2);
INSERT INTO Matches VALUES (124, 1, 132, 51, 3, 0);
INSERT INTO Sets VALUES (124, 1, 25, 18);
INSERT INTO Sets VALUES (124, 2, 25, 15);
INSERT INTO Sets VALUES (124, 3, 25, 11);
INSERT INTO Matches VALUES (125, 1, 94, 46, 0, 3);
INSERT INTO Sets VALUES (125, 1, 9, 25);
INSERT INTO Sets VALUES (125, 2, 6, 25);
INSERT INTO Sets VALUES (125, 3, 1, 25);
INSERT INTO Matches VALUES (126, 1, 582, 384, 3, 1);
INSERT INTO Sets VALUES (126, 1, 0, 25);
INSERT INTO Sets VALUES (126, 2, 25, 2);
INSERT INTO Sets VALUES (126, 3, 25, 17);
INSERT INTO Sets VALUES (126, 4, 25, 8);
INSERT INTO Matches VALUES (127, 1, 46, 10, 3, 1);
INSERT INTO Sets VALUES (127, 1, 25, 0);
INSERT INTO Sets VALUES (127, 2, 16, 25);
INSERT INTO Sets VALUES (127, 3, 25, 15);
INSERT INTO Sets VALUES (127, 4, 25, 12);
INSERT INTO Matches VALUES (128, 1, 331, 147, 3, 1);
INSERT INTO Sets VALUES (128, 1, 8, 25);
INSERT INTO Sets VALUES (128, 2, 25, 3);
INSERT INTO Sets VALUES (128, 3, 25, 22);
INSERT INTO Sets VALUES (128, 4, 25, 16);
INSERT INTO Matches VALUES (129, 1, 94, 331, 3, 0);
INSERT INTO Sets VALUES (129, 1, 25, 13);
INSERT INTO Sets VALUES (129, 2, 25, 12);
INSERT INTO Sets VALUES (129, 3, 25, 14);
INSERT INTO Matches VALUES (130, 1, 55, 38, 3, 1);
INSERT INTO Sets VALUES (130, 1, 25, 11);
INSERT INTO Sets VALUES (130, 2, 12, 25);
INSERT INTO Sets VALUES (130, 3, 25, 4);
INSERT INTO Sets VALUES (130, 4, 25, 11);
INSERT INTO Matches VALUES (131, 1, 10, 38, 3, 1);
INSERT INTO Sets VALUES (131, 1, 5, 25);
INSERT INTO Sets VALUES (131, 2, 25, 0);
INSERT INTO Sets VALUES (131, 3, 25, 13);
INSERT INTO Sets VALUES (131, 4, 25, 21);
INSERT INTO Matches VALUES (132, 1, 368, 11, 3, 0);
INSERT INTO Sets VALUES (132, 1, 25, 6);
INSERT INTO Sets VALUES (132, 2, 25, 4);
INSERT INTO Sets VALUES (132, 3, 25, 7);
INSERT INTO Matches VALUES (133, 1, 621, 15, 3, 0);
INSERT INTO Sets VALUES (133, 1, 25, 5);
INSERT INTO Sets VALUES (133, 2, 25, 0);
INSERT INTO Sets VALUES (133, 3, 25, 6);
INSERT INTO Matches VALUES (134, 1, 28, 11, 3, 1);
INSERT INTO Sets VALUES (134, 1, 25, 12);
INSERT INTO Sets VALUES (134, 2, 17, 25);
INSERT INTO Sets VALUES (134, 3, 25, 17);
INSERT INTO Sets VALUES (134, 4, 25, 13);
INSERT INTO Matches VALUES (135, 1, 28, 250, 3, 0);
INSERT INTO Sets VALUES (135, 1, 25, 7);
INSERT INTO Sets VALUES (135, 2, 25, 1);
INSERT INTO Sets VALUES (135, 3, 25, 9);
INSERT INTO Matches VALUES (136, 1, 45, 257, 3, 2);
INSERT INTO Sets VALUES (136, 1, 25, 3);
INSERT INTO Sets VALUES (136, 2, 25, 18);
INSERT INTO Sets VALUES (136, 3, 7, 25);
INSERT INTO Sets VALUES (136, 4, 4, 25);
INSERT INTO Sets VALUES (136, 5, 15, 4);
INSERT INTO Matches VALUES (137, 1, 582, 59, 3, 2);
INSERT INTO Sets VALUES (137, 1, 6, 25);
INSERT INTO Sets VALUES (137, 2, 25, 3);
INSERT INTO Sets VALUES (137, 3, 25, 13);
INSERT INTO Sets VALUES (137, 4, 10, 25);
INSERT INTO Sets VALUES (137, 5, 15, 7);
INSERT INTO Matches VALUES (138, 1, 4, 331, 3, 0);
INSERT INTO Sets VALUES (138, 1, 25, 1);
INSERT INTO Sets VALUES (138, 2, 25, 19);
INSERT INTO Sets VALUES (138, 3, 25, 6);
INSERT INTO Matches VALUES (139, 1, 35, 582, 3, 1);
INSERT INTO Sets VALUES (139, 1, 25, 0);
INSERT INTO Sets VALUES (139, 2, 5, 25);
INSERT INTO Sets VALUES (139, 3, 25, 6);
INSERT INTO Sets VALUES (139, 4, 25, 3);
INSERT INTO Matches VALUES (140, 1, 114, 4, 3, 0);
INSERT INTO Sets VALUES (140, 1, 25, 14);
INSERT INTO Sets VALUES (140, 2, 25, 3);
INSERT INTO Sets VALUES (140, 3, 25, 11);
INSERT INTO Matches VALUES (141, 1, 257, 55, 3, 1);
INSERT INTO Sets VALUES (141, 1, 2, 25);
INSERT INTO Sets VALUES (141, 2, 25, 2);
INSERT INTO Sets VALUES (141, 3, 25, 11);
INSERT INTO Sets VALUES (141, 4, 25, 16);
INSERT INTO Matches VALUES (142, 1, 360, 257, 3, 1);
INSERT INTO Sets VALUES (142, 1, 5, 25);
INSERT INTO Sets VALUES (142, 2, 25, 8);
INSERT INTO Sets VALUES (142, 3, 25, 18);
INSERT INTO Sets VALUES (142, 4, 25, 16);
INSERT INTO Matches VALUES (143, 1, 25, 11, 3, 0);
INSERT INTO Sets VALUES (143, 1, 25, 20);
INSERT INTO Sets VALUES (143, 2, 25, 12);
INSERT INTO Sets VALUES (143, 3, 25, 6);
INSERT INTO Matches VALUES (144, 1, 132, 41, 3, 0);
INSERT INTO Sets VALUES (144, 1, 25, 14);
INSERT INTO Sets VALUES (144, 2, 25, 0);
INSERT INTO Sets VALUES (144, 3, 25, 22);
INSERT INTO Matches VALUES (145, 1, 54, 132, 3, 0);
INSERT INTO Sets VALUES (145, 1, 25, 20);
INSERT INTO Sets VALUES (145, 2, 25, 12);
INSERT INTO Sets VALUES (145, 3, 25, 7);
INSERT INTO Matches VALUES (146, 1, 6, 384, 3, 0);
INSERT INTO Sets VALUES (146, 1, 25, 1);
INSERT INTO Sets VALUES (146, 2, 25, 22);
INSERT INTO Sets VALUES (146, 3, 25, 22);
INSERT INTO Matches VALUES (147, 1, 51, 621, 3, 2);
INSERT INTO Sets VALUES (147, 1, 17, 25);
INSERT INTO Sets VALUES (147, 2, 25, 22);
INSERT INTO Sets VALUES (147, 3, 15, 25);
INSERT INTO Sets VALUES (147, 4, 25, 7);
INSERT INTO Sets VALUES (147, 5, 15, 1);
INSERT INTO Matches VALUES (148, 1, 10, 263, 3, 0);
INSERT INTO Sets VALUES (148, 1, 25, 21);
INSERT INTO Sets VALUES (148, 2, 25, 16);
INSERT INTO Sets VALUES (148, 3, 25, 7);
INSERT INTO Matches VALUES (149, 1, 51, 169, 3, 0);
INSERT INTO Sets VALUES (149, 1, 25, 16);
INSERT INTO Sets VALUES (149, 2, 25, 10);
INSERT INTO Sets VALUES (149, 3, 25, 0);
INSERT INTO Matches VALUES (150, 1, 147, 257, 3, 1);
INSERT INTO Sets VALUES (150, 1, 25, 22);
INSERT INTO Sets VALUES (150, 2, 25, 8);
INSERT INTO Sets VALUES (150, 3, 1, 25);
INSERT INTO Sets VALUES (150, 4, 25, 11);
INSERT INTO Matches VALUES (151, 1, 56, 60, 3, 0);
INSERT INTO Sets VALUES (151, 1, 25, 21);
INSERT INTO Sets VALUES (151, 2, 25, 15);
INSERT INTO Sets VALUES (151, 3, 25, 1);
INSERT INTO Matches VALUES (152, 1, 384, 38, 3, 0);
INSERT INTO Sets VALUES (152, 1, 25, 7);
INSERT INTO Sets VALUES (152, 2, 25, 10);
INSERT INTO Sets VALUES (152, 3, 25, 3);
INSERT INTO Matches VALUES (153, 1, 46, 169, 3, 1);
INSERT INTO Sets VALUES (153, 1, 25, 13);
INSERT INTO Sets VALUES (153, 2, 25, 18);
INSERT INTO Sets VALUES (153, 3, 7, 25);
INSERT INTO Sets VALUES (153, 4, 25, 13);
INSERT INTO Matches VALUES (154, 1, 263, 132, 3, 2);
INSERT INTO Sets VALUES (154, 1, 25, 1);
INSERT INTO Sets VALUES (154, 2, 0, 25);
INSERT INTO Sets VALUES (154, 3, 25, 14);
INSERT INTO Sets VALUES (154, 4, 10, 25);
INSERT INTO Sets VALUES (154, 5, 15, 0);
INSERT INTO Matches VALUES (155, 1, 5, 132, 3, 2);
INSERT INTO Sets VALUES (155, 1, 4, 25);
INSERT INTO Sets VALUES (155, 2, 25, 8);
INSERT INTO Sets VALUES (155, 3, 25, 9);
INSERT INTO Sets VALUES (155, 4, 19, 25);
INSERT INTO Sets VALUES (155, 5, 15, 1);
INSERT INTO Matches VALUES (156, 1, 360, 28, 1, 3);
INSERT INTO Sets VALUES (156, 1, 25, 18);
INSERT INTO Sets VALUES (156, 2, 6, 25);
INSERT INTO Sets VALUES (156, 3, 0, 25);
INSERT INTO Sets VALUES (156, 4, 0, 25);
INSERT INTO Matches VALUES (157, 1, 4, 59, 0, 3);
INSERT INTO Sets VALUES (157, 1, -1, 25);
INSERT INTO Sets VALUES (157, 2, 0, 25);
INSERT INTO Sets VALUES (157, 3, -1, 25);
INSERT INTO Matches VALUES (158, 1, 46, 114, NULL, NULL);
INSERT INTO Matches VALUES (159, 1, 6, 41, 3, 1);
INSERT INTO Sets VALUES (159, 1, 25, 22);
INSERT INTO Sets VALUES (159, 2, 6, 25);
INSERT INTO Sets VALUES (159, 3, 25, 13);
INSERT INTO Sets VALUES (159, 4, 25, 14);
INSERT INTO Matches VALUES (160, 1, 46, 54, 3, 0);
INSERT INTO Sets VALUES (160, 1, 25, 10);
INSERT INTO Sets VALUES (160, 2, 25, 7);
INSERT INTO Sets VALUES (160, 3, 25, 3);
INSERT INTO Matches VALUES (161, 1, 46, 368, 3, 2);
INSERT INTO Sets VALUES (161, 1, 8, 25);
INSERT INTO Sets VALUES (161, 2, 25, 5);
INSERT INTO Sets VALUES (161, 3, 25, 22);
INSERT INTO Sets VALUES (161, 4, 9, 25);
INSERT INTO Sets VALUES (161, 5, 15, 2);
INSERT INTO Matches VALUES (162, 1, 38, 10, 3, 1);
INSERT INTO Sets VALUES (162, 1, 25, 13);
INSERT INTO Sets VALUES (162, 2, 25, 5);
INSERT INTO Sets VALUES (162, 3, 20, 25);
INSERT INTO Sets VALUES (162, 4, 25, 2);
INSERT INTO Matches VALUES (163, 1, 621, 35, 3, 0);
INSERT INTO Sets VALUES (163, 1, 25, 11);
INSERT INTO Sets VALUES (163, 2, 25, 1);
INSERT INTO Sets VALUES (163, 3, 25, 16);
INSERT INTO Matches VALUES (164, 1, 27, 147, 3, 2);
INSERT INTO Sets VALUES (164, 1, 22, 25);
INSERT INTO Sets VALUES (164, 2, 13, 25);
INSERT INTO Sets VALUES (164, 3, 25, 5);
INSERT INTO Sets VALUES (164, 4, 25, 14);
INSERT INTO Sets VALUES (164, 5, 15, 3);
INSERT INTO Matches VALUES (165, 1, 59, 55, 3, 2);
INSERT INTO Sets VALUES (165, 1, 25, 21);
INSERT INTO Sets VALUES (165, 2, 10, 25);
INSERT INTO Sets VALUES (165, 3, 2, 25);
INSERT INTO Sets VALUES (165, 4, 25, 17);
INSERT INTO Sets VALUES (165, 5, 15, 4);
INSERT INTO Matches VALUES (166, 1, 5, 257, 3, 0);
INSERT INTO Sets VALUES (166, 1, 25, 4);
INSERT INTO Sets VALUES (166, 2, 25, 13);
INSERT INTO Sets VALUES (166, 3, 25, 12);
INSERT INTO Matches VALUES (167, 2, 260, 67, 3, 2);
INSERT INTO Sets VALUES (167, 1, 25, 13);
INSERT INTO Sets VALUES (167, 2, 3, 25);
INSERT INTO Sets VALUES (167, 3, 25, 2);
INSERT INTO Sets VALUES (167, 4, 22, 25);
INSERT INTO Sets VALUES (167, 5, 15, 4);
INSERT INTO Matches VALUES (168, 2, 151, 19, 3, 1);
INSERT INTO Sets VALUES (168, 1, 25, 1);
INSERT INTO Sets VALUES (168, 2, 15, 25);
INSERT INTO Sets VALUES (168, 3, 25, 19);
INSERT INTO Sets VALUES (168, 4, 25, 21);
INSERT INTO Matches VALUES (169, 2, 35, 516, 3, 0);
INSERT INTO Sets VALUES (169, 1, 25, 21);
INSERT INTO Sets VALUES (169, 2, 25, 1);
INSERT INTO Sets VALUES (169, 3, 25, 19);
INSERT INTO Matches VALUES (170, 2, 461, 14, 3, 1);
INSERT INTO Sets VALUES (170, 1, 25, 12);
INSERT INTO Sets VALUES (170, 2, 5, 25);
INSERT INTO Sets VALUES (170, 3, 25, 4);
INSERT INTO Sets VALUES (170, 4, 25, 18);
INSERT INTO Matches VALUES (171, 2, 14, 684, 3, 0);
INSERT INTO Sets VALUES (171, 1, 25, 0);
INSERT INTO Sets VALUES (171, 2, 25, 8);
INSERT INTO Sets VALUES (171, 3, 25, 19);
INSERT INTO Matches VALUES (172, 2, 47, 12, 3, 0);
INSERT INTO Sets VALUES (172, 1, 25, 11);
INSERT INTO Sets VALUES (172, 2, 25, 16);
INSERT INTO Sets VALUES (172, 3, 25, 22);
INSERT INTO Matches VALUES (173, 2, 611, 188, 3, 1);
INSERT INTO Sets VALUES (173, 1, 25, 17);
INSERT INTO Sets VALUES (173, 2, 25, 21);
INSERT INTO Sets VALUES (173, 3, 11, 25);
INSERT INTO Sets VALUES (173, 4, 25, 18);
INSERT INTO Matches VALUES (174, 2, 8, 411, 3, 0);
INSERT INTO Sets VALUES (174, 1, 25, 21);
INSERT INTO Sets VALUES (174, 2, 25, 5);
INSERT INTO Sets VALUES (174, 3, 25, 13);
INSERT INTO Matches VALUES (175, 2, 7, 67, 3, 0);
INSERT INTO Sets VALUES (175, 1, 25, 20);
INSERT INTO Sets VALUES (175, 2, 25, 20);
INSERT INTO Sets VALUES (175, 3, 25, 7);
INSERT INTO Matches VALUES (176, 2, 62, 20, NULL, NULL);
INSERT INTO Matches VALUES (177, 2, 127, 18, 2, 3);
INSERT INTO Sets VALUES (177, 1, 6, 25);
INSERT INTO Sets VALUES (177, 2, 25, 14);
INSERT INTO Sets VALUES (177, 3, 7, 25);
INSERT INTO Sets VALUES (177, 4, 25, 9);
INSERT INTO Sets VALUES (177, 5, 21, 15);
INSERT INTO Matches VALUES (178, 2, 418, 477, 3, 2);
INSERT INTO Sets VALUES (178, 1, 14, 25);
INSERT INTO Sets VALUES (178, 2, 25, 19);
INSERT INTO Sets VALUES (178, 3, 25, 2);
INSERT INTO Sets VALUES (178, 4, 11, 25);
INSERT INTO Sets VALUES (178, 5, 15, 5);
INSERT INTO Matches VALUES (179, 2, 568, 57, 3, 1);
INSERT INTO Sets VALUES (179, 1, 25, 12);
INSERT INTO Sets VALUES (179, 2, 14, 25);
INSERT INTO Sets VALUES (179, 3, 25, 17);
INSERT INTO Sets VALUES (179, 4, 25, 13);
INSERT INTO Matches VALUES (180, 2, 477, 274, 3, 1);
INSERT INTO Sets VALUES (180, 1, 25, 21);
INSERT INTO Sets VALUES (180, 2, 1, 25);
INSERT INTO Sets VALUES (180, 3, 25, 5);
INSERT INTO Sets VALUES (180, 4, 25, 20);
INSERT INTO Matches VALUES (181, 2, 554, 260, NULL, NULL);
INSERT INTO Matches VALUES (182, 2, 35, 48, 3, 0);
INSERT INTO Sets VALUES (182, 1, 25, 13);
INSERT INTO Sets VALUES (182, 2, 25, 4);
INSERT INTO Sets VALUES (182, 3, 25, 12);
INSERT INTO Matches VALUES (183, 2, 18, 477, 3, 0);
INSERT INTO Sets VALUES (183, 1, 25, 10);
INSERT INTO Sets VALUES (183, 2, 25, 10);
INSERT INTO Sets VALUES (183, 3, 25, 16);
INSERT INTO Matches VALUES (184, 2, 477, 554, 3, 2);
INSERT INTO Sets VALUES (184, 1, 13, 25);
INSERT INTO Sets VALUES (184, 2, 6, 25);
INSERT INTO Sets VALUES (184, 3, 25, 5);
INSERT INTO Sets VALUES (184, 4, 25, 5);
INSERT INTO Sets VALUES (184, 5, 15, 6);
INSERT INTO Matches VALUES (185, 2, 516, 260, 2, 3);
INSERT INTO Sets VALUES (185, 1, 1, 25);
INSERT INTO Sets VALUES (185, 2, 25, 7);
INSERT INTO Sets VALUES (185, 3, 25, 22);
INSERT INTO Sets VALUES (185, 4, 9, 25);
INSERT INTO Sets VALUES (185, 5, 2, 15);
INSERT INTO Matches VALUES (186, 2, 33, 454, 3, 1);
INSERT INTO Sets VALUES (186, 1, 25, 12);
INSERT INTO Sets VALUES (186, 2, 25, 15);
INSERT INTO Sets VALUES (186, 3, 16, 25);
INSERT INTO Sets VALUES (186, 4, 25, 6);
INSERT INTO Matches VALUES (187, 2, 611, 39, 3, 1);
INSERT INTO Sets VALUES (187, 1, 25, 10);
INSERT INTO Sets VALUES (187, 2, 25, 2);
INSERT INTO Sets VALUES (187, 3, 22, 25);
INSERT INTO Sets VALUES (187, 4, 25, 14);
INSERT INTO Matches VALUES (188, 2, 274, 12, 3, 0);
INSERT INTO Sets VALUES (188, 1, 25, 18);
INSERT INTO Sets VALUES (188, 2, 25, 8);
INSERT INTO Sets VALUES (188, 3, 25, 17);
INSERT INTO Matches VALUES (189, 2, 188, 611, NULL, NULL);
INSERT INTO Matches VALUES (190, 2, 516, 554, NULL, NULL);
INSERT INTO Matches VALUES (191, 2, 39, 684, 3, 0);
INSERT INTO Sets VALUES (191, 1, 25, 14);
INSERT INTO Sets VALUES (191, 2, 25, 17);
INSERT INTO Sets VALUES (191, 3, 25, 10);
INSERT INTO Matches VALUES (192, 2, 487, 7, 3, 2);
INSERT INTO Sets VALUES (192, 1, 18, 25);
INSERT INTO Sets VALUES (192, 2, 25, 19);
INSERT INTO Sets VALUES (192, 3, 25, 20);
INSERT INTO Sets VALUES (192, 4, 10, 25);
INSERT INTO Sets VALUES (192, 5, 15, 4);
INSERT INTO Matches VALUES (193, 2, 12, 73, 0, 3);
INSERT INTO Sets VALUES (193, 1, 3, 25);
INSERT INTO Sets VALUES (193, 2, 0, 25);
INSERT INTO Sets VALUES (193, 3, -1, 25);
INSERT INTO Matches VALUES (194, 2, 411, 418, 3, 0);
INSERT INTO Sets VALUES (194, 1, 25, 20);
INSERT INTO Sets VALUES (194, 2, 25, 13);
INSERT INTO Sets VALUES (194, 3, 25, 22);
INSERT INTO Matches VALUES (195, 2, 62, 461, 0, 3);
INSERT INTO Sets VALUES (195, 1, 21, 25);
INSERT INTO Sets VALUES (195, 2, 8, 25);
INSERT INTO Sets VALUES (195, 3, 5, 25);
INSERT INTO Matches VALUES (196, 2, 454, 260, 3, 0);
INSERT INTO Sets VALUES (196, 1, 25, 22);
INSERT INTO Sets VALUES (196, 2, 25, 13);
INSERT INTO Sets VALUES (196, 3, 25, 11);
INSERT INTO Matches VALUES (197, 2, 157, 35, 3, 1);
INSERT INTO Sets VALUES (197, 1, 25, 3);
INSERT INTO Sets VALUES (197, 2, 4, 25);
INSERT INTO Sets VALUES (197, 3, 25, 21);
INSERT INTO Sets VALUES (197, 4, 25, 6);
INSERT INTO Matches VALUES (198, 2, 12, 22, 3, 0);
INSERT INTO Sets VALUES (198, 1, 25, 4);
INSERT INTO Sets VALUES (198, 2, 25, 0);
INSERT INTO Sets VALUES (198, 3, 25, 6);
INSERT INTO Matches VALUES (199, 2, 188, 477, 3, 2);
INSERT INTO Sets VALUES (199, 1, 14, 25);
INSERT INTO Sets VALUES (199, 2, 4, 25);
INSERT INTO Sets VALUES (199, 3, 25, 6);
INSERT INTO Sets VALUES (199, 4, 25, 5);
INSERT INTO Sets VALUES (199, 5, 15, 5);
INSERT INTO Matches VALUES (200, 2, 19, 35, 3, 1);
INSERT INTO Sets VALUES (200, 1, 2, 25);
INSERT INTO Sets VALUES (200, 2, 25, 9);
INSERT INTO Sets VALUES (200, 3, 25, 20);
INSERT INTO Sets VALUES (200, 4, 25, 12);
INSERT INTO Matches VALUES (201, 2, 461, 647, 3, 2);
INSERT INTO Sets VALUES (201, 1, 25, 20);
INSERT INTO Sets VALUES (201, 2, 17, 25);
INSERT INTO Sets VALUES (201, 3, 7, 25);
INSERT INTO Sets VALUES (201, 4, 25, 2);
INSERT INTO Sets VALUES (201, 5, 15, 7);
INSERT INTO Matches VALUES (202, 2, 326, 67, 3, 1);
INSERT INTO Sets VALUES (202, 1, 25, 4);
INSERT INTO Sets VALUES (202, 2, 25, 21);
INSERT INTO Sets VALUES (202, 3, 12, 25);
INSERT INTO Sets VALUES (202, 4, 25, 18);
INSERT INTO Matches VALUES (203, 2, 14, 62, 0, 3);
INSERT INTO Sets VALUES (203, 1, 14, 25);
INSERT INTO Sets VALUES (203, 2, 11, 25);
INSERT INTO Sets VALUES (203, 3, 3, 25);
INSERT INTO Matches VALUES (204, 2, 411, 12, 3, 1);
INSERT INTO Sets VALUES (204, 1, 25, 14);
INSERT INTO Sets VALUES (204, 2, 21, 25);
INSERT INTO Sets VALUES (204, 3, 25, 18);
INSERT INTO Sets VALUES (204, 4, 25, 1);
INSERT INTO Matches VALUES (205, 2, 13, 48, 3, 0);
INSERT INTO Sets VALUES (205, 1, 25, 2);
INSERT INTO Sets VALUES (205, 2, 25, 10);
INSERT INTO Sets VALUES (205, 3, 25, 20);
INSERT INTO Matches VALUES (206, 2, 58, 8, 3, 1);
INSERT INTO Sets VALUES (206, 1, 5, 25);
INSERT INTO Sets VALUES (206, 2, 25, 1);
INSERT INTO Sets VALUES (206, 3, 25, 20);
INSERT INTO Sets VALUES (206, 4, 25, 10);
INSERT INTO Matches VALUES (207, 2, 418, 18, 3, 2);
INSERT INTO Sets VALUES (207, 1, 18, 25);
INSERT INTO Sets VALUES (207, 2, 25, 4);
INSERT INTO Sets VALUES (207, 3, 25, 16);
INSERT INTO Sets VALUES (207, 4, 18, 25);
INSERT INTO Sets VALUES (207, 5, 15, 7);
INSERT INTO Matches VALUES (208, 2, 18, 172, 1, 3);
INSERT INTO Sets VALUES (208, 1, 4, 25);
INSERT INTO Sets VALUES (208, 2, 1, 25);
INSERT INTO Sets VALUES (208, 3, 25, 15);
INSERT INTO Sets VALUES (208, 4, 7, 25);
INSERT INTO Matches VALUES (209, 2, 274, 73, NULL, NULL);
INSERT INTO Matches VALUES (210, 2, 206, 157, 1, 3);
INSERT INTO Sets VALUES (210, 1, 25, 12);
INSERT INTO Sets VALUES (210, 2, 21, 25);
INSERT INTO Sets VALUES (210, 3, 5, 25);
INSERT INTO Sets VALUES (210, 4, 2, 25);
INSERT INTO Matches VALUES (211, 2, 568, 172, 3, 2);
INSERT INTO Sets VALUES (211, 1, 0, 25);
INSERT INTO Sets VALUES (211, 2, 25, 10);
INSERT INTO Sets VALUES (211, 3, 25, 0);
INSERT INTO Sets VALUES (211, 4, 11, 25);
INSERT INTO Sets VALUES (211, 5, 15, 6);
INSERT INTO Matches VALUES (212, 2, 157, 19, 1, 3);
INSERT INTO Sets VALUES (212, 1, 25, 14);
INSERT INTO Sets VALUES (212, 2, 4, 25);
INSERT INTO Sets VALUES (212, 3, 0, 25);
INSERT INTO Sets VALUES (212, 4, 0, 25);
INSERT INTO Matches VALUES (213, 2, 151, 48, 3, 1);
INSERT INTO Sets VALUES (213, 1, 25, 11);
INSERT INTO Sets VALUES (213, 2, 25, 2);
INSERT INTO Sets VALUES (213, 3, 12, 25);
INSERT INTO Sets VALUES (213, 4, 25, 15);
INSERT INTO Matches VALUES (214, 2, 454, 19, 2, 3);
INSERT INTO Sets VALUES (214, 1, 21, 25);
INSERT INTO Sets VALUES (214, 2, 25, 9);
INSERT INTO Sets VALUES (214, 3, 3, 25);
INSERT INTO Sets VALUES (214, 4, 25, 3);
INSERT INTO Sets VALUES (214, 5, 12, 15);
INSERT INTO Matches VALUES (215, 2, 58, 7, 3, 0);
INSERT INTO Sets VALUES (215, 1, 25, 2);
INSERT INTO Sets VALUES (215, 2, 25, 11);
INSERT INTO Sets VALUES (215, 3, 25, 2);
INSERT INTO Matches VALUES (216, 2, 516, 39, 3, 0);
INSERT INTO Sets VALUES (216, 1, 25, 8);
INSERT INTO Sets VALUES (216, 2, 25, 22);
INSERT INTO Sets VALUES (216, 3, 25, 14);
INSERT INTO Matches VALUES (217, 2, 461, 454, 3, 2);
INSERT INTO Sets VALUES (217, 1, 25, 10);
INSERT INTO Sets VALUES (217, 2, 11, 25);
INSERT INTO Sets VALUES (217, 3, 1, 25);
INSERT INTO Sets VALUES (217, 4, 25, 20);
INSERT INTO Sets VALUES (217, 5, 15, 1);
INSERT INTO Matches VALUES (218, 2, 647, 22, 3, 1);
INSERT INTO Sets VALUES (218, 1, 1, 25);
INSERT INTO Sets VALUES (218, 2, 25, 18);
INSERT INTO Sets VALUES (218, 3, 25, 4);
INSERT INTO Sets VALUES (218, 4, 25, 0);
INSERT INTO Matches VALUES (219, 2, 206, 47, NULL, NULL);
INSERT INTO Matches VALUES (220, 2, 13, 568, 3, 2);
INSERT INTO Sets VALUES (220, 1, 20, 25);
INSERT INTO Sets VALUES (220, 2, 25, 19);
INSERT INTO Sets VALUES (220, 3, 16, 25);
INSERT INTO Sets VALUES (220, 4, 25, 22);
INSERT INTO Sets VALUES (220, 5, 15, 3);
INSERT INTO Matches VALUES (221, 3, 69, 129, 3, 0);
INSERT INTO Sets VALUES (221, 1, 25, 13);
INSERT INTO Sets VALUES (221, 2, 25, 18);
INSERT INTO Sets VALUES (221, 3, 25, 15);
INSERT INTO Matches VALUES (222, 3, 247, 350, 3, 1);
INSERT INTO Sets VALUES (222, 1, 25, 4);
INSERT INTO Sets VALUES (222, 2, 8, 25);
INSERT INTO Sets VALUES (222, 3, 25, 18);
INSERT INTO Sets VALUES (222, 4, 25, 19);
INSERT INTO Matches VALUES (223, 3, 81, 64, 3, 1);
INSERT INTO Sets VALUES (223, 1, 3, 25);
INSERT INTO Sets VALUES (223, 2, 25, 16);
INSERT INTO Sets VALUES (223, 3, 25, 6);
INSERT INTO Sets VALUES (223, 4, 25, 9);
INSERT INTO Matches VALUES (224, 3, 183, 84, 3, 0);
INSERT INTO Sets VALUES (224, 1, 25, 21);
INSERT INTO Sets VALUES (224, 2, 25, 19);
INSERT INTO Sets VALUES (224, 3, 25, 5);
INSERT INTO Matches VALUES (225, 3, 81, 469, 3, 2);
INSERT INTO Sets VALUES (225, 1, 22, 25);
INSERT INTO Sets VALUES (225, 2, 25, 20);
INSERT INTO Sets VALUES (225, 3, 1, 25);
INSERT INTO Sets VALUES (225, 4, 25, 11);
INSERT INTO Sets VALUES (225, 5, 15, 3);
INSERT INTO Matches VALUES (226, 3, 584, 222, 3, 2);
INSERT INTO Sets VALUES (226, 1, 8, 25);
INSERT INTO Sets VALUES (226, 2, 4, 25);
INSERT INTO Sets VALUES (226, 3, 25, 12);
INSERT INTO Sets VALUES (226, 4, 25, 22);
INSERT INTO Sets VALUES (226, 5, 15, 11);
INSERT INTO Matches VALUES (227, 3, 307, 206, 3, 0);
INSERT INTO Sets VALUES (227, 1, 25, 6);
INSERT INTO Sets VALUES (227, 2, 25, 13);
INSERT INTO Sets VALUES (227, 3, 25, 20);
INSERT INTO Matches VALUES (228, 3, 584, 69, 3, 0);
INSERT INTO Sets VALUES (228, 1, 25, 6);
INSERT INTO Sets VALUES (228, 2, 25, 21);
INSERT INTO Sets VALUES (228, 3, 25, 3);
INSERT INTO Matches VALUES (229, 3, 350, 312, 3, 2);
INSERT INTO Sets VALUES (229, 1, 4, 25);
INSERT INTO Sets VALUES (229, 2, 1, 25);
INSERT INTO Sets VALUES (229, 3, 25, 19);
INSERT INTO Sets VALUES (229, 4, 25, 11);
INSERT INTO Sets VALUES (229, 5, 15, 10);
INSERT INTO Matches VALUES (230, 3, 70, 81, 3, 0);
INSERT INTO Sets VALUES (230, 1, 25, 14);
INSERT INTO Sets VALUES (230, 2, 25, 18);
INSERT INTO Sets VALUES (230, 3, 25, 11);
INSERT INTO Matches VALUES (231, 3, 186, 237, 3, 0);
INSERT INTO Sets VALUES (231, 1, 25, 20);
INSERT INTO Sets VALUES (231, 2, 25, 22);
INSERT INTO Sets VALUES (231, 3, 25, 19);
INSERT INTO Matches VALUES (232, 3, 469, 355, 3, 2);
INSERT INTO Sets VALUES (232, 1, 25, 15);
INSERT INTO Sets VALUES (232, 2, 11, 25);
INSERT INTO Sets VALUES (232, 3, 25, 19);
INSERT INTO Sets VALUES (232, 4, 12, 25);
INSERT INTO Sets VALUES (232, 5, 15, 11);
INSERT INTO Matches VALUES (233, 3, 382, 80, 3, 1);
INSERT INTO Sets VALUES (233, 1, 25, 5);
INSERT INTO Sets VALUES (233, 2, 19, 25);
INSERT INTO Sets VALUES (233, 3, 25, 7);
INSERT INTO Sets VALUES (233, 4, 25, 16);
INSERT INTO Matches VALUES (234, 3, 135, 247, 3, 0);
INSERT INTO Sets VALUES (234, 1, 25, 18);
INSERT INTO Sets VALUES (234, 2, 25, 19);
INSERT INTO Sets VALUES (234, 3, 25, 19);
INSERT INTO Matches VALUES (235, 3, 69, 350, 3, 0);
INSERT INTO Sets VALUES (235, 1, 25, 10);
INSERT INTO Sets VALUES (235, 2, 25, 22);
INSERT INTO Sets VALUES (235, 3, 25, 4);
INSERT INTO Matches VALUES (236, 3, 222, 138, 3, 0);
INSERT INTO Sets VALUES (236, 1, 25, 13);
INSERT INTO Sets VALUES (236, 2, 25, 2);
INSERT INTO Sets VALUES (236, 3, 25, 21);
INSERT INTO Matches VALUES (237, 3, 350, 64, 3, 1);
INSERT INTO Sets VALUES (237, 1, 25, 3);
INSERT INTO Sets VALUES (237, 2, 3, 25);
INSERT INTO Sets VALUES (237, 3, 25, 0);
INSERT INTO Sets VALUES (237, 4, 25, 4);
INSERT INTO Matches VALUES (238, 3, 285, 556, 3, 1);
INSERT INTO Sets VALUES (238, 1, 25, 8);
INSERT INTO Sets VALUES (238, 2, 25, 1);
INSERT INTO Sets VALUES (238, 3, 3, 25);
INSERT INTO Sets VALUES (238, 4, 25, 4);
INSERT INTO Matches VALUES (239, 3, 147, 84, 3, 2);
INSERT INTO Sets VALUES (239, 1, 25, 12);
INSERT INTO Sets VALUES (239, 2, 25, 16);
INSERT INTO Sets VALUES (239, 3, 18, 25);
INSERT INTO Sets VALUES (239, 4, 15, 25);
INSERT INTO Sets VALUES (239, 5, 15, 12);
INSERT INTO Matches VALUES (240, 3, 206, 70, 3, 0);
INSERT INTO Sets VALUES (240, 1, 25, 5);
INSERT INTO Sets VALUES (240, 2, 25, 6);
INSERT INTO Sets VALUES (240, 3, 25, 19);
INSERT INTO Matches VALUES (241, 3, 138, 129, 3, 0);
INSERT INTO Sets VALUES (241, 1, 25, 10);
INSERT INTO Sets VALUES (241, 2, 25, 19);
INSERT INTO Sets VALUES (241, 3, 25, 16);
INSERT INTO Matches VALUES (242, 3, 138, 458, NULL, NULL);
INSERT INTO Matches VALUES (243, 4, 214, 480, 0, 3);
INSERT INTO Sets VALUES (243, 1, 1, 25);
INSERT INTO Sets VALUES (243, 2, 0, 25);
INSERT INTO Sets VALUES (243, 3, -1, 25);
INSERT INTO Matches VALUES (244, 4, 131, 137, 3, 1);
INSERT INTO Sets VALUES (244, 1, 0, 25);
INSERT INTO Sets VALUES (244, 2, 25, 5);
INSERT INTO Sets VALUES (244, 3, 25, 14);
INSERT INTO Sets VALUES (244, 4, 25, 4);
INSERT INTO Matches VALUES (245, 4, 83, 204, 3, 1);
INSERT INTO Sets VALUES (245, 1, 25, 13);
INSERT INTO Sets VALUES (245, 2, 21, 25);
INSERT INTO Sets VALUES (245, 3, 25, 14);
INSERT INTO Sets VALUES (245, 4, 25, 21);
INSERT INTO Matches VALUES (246, 4, 113, 93, 3, 1);
INSERT INTO Sets VALUES (246, 1, 25, 11);
INSERT INTO Sets VALUES (246, 2, 5, 25);
INSERT INTO Sets VALUES (246, 3, 25, 6);
INSERT INTO Sets VALUES (246, 4, 25, 15);
INSERT INTO Matches VALUES (247, 4, 548, 111, 3, 0);
INSERT INTO Sets VALUES (247, 1, 25, 3);
INSERT INTO Sets VALUES (247, 2, 25, 13);
INSERT INTO Sets VALUES (247, 3, 25, 12);
INSERT INTO Matches VALUES (248, 4, 122, 111, 3, 0);
INSERT INTO Sets VALUES (248, 1, 25, 7);
INSERT INTO Sets VALUES (248, 2, 25, 16);
INSERT INTO Sets VALUES (248, 3, 25, 5);
INSERT INTO Matches VALUES (249, 4, 91, 572, 3, 0);
INSERT INTO Sets VALUES (249, 1, 25, 3);
INSERT INTO Sets VALUES (249, 2, 25, 15);
INSERT INTO Sets VALUES (249, 3, 25, 19);
INSERT INTO Matches VALUES (250, 4, 186, 103, NULL, NULL);
INSERT INTO Matches VALUES (251, 4, 204, 661, 3, 0);
INSERT INTO Sets VALUES (251, 1, 25, 11);
INSERT INTO Sets VALUES (251, 2, 25, 11);
INSERT INTO Sets VALUES (251, 3, 25, 4);
INSERT INTO Matches VALUES (252, 4, 218, 689, 3, 1);
INSERT INTO Sets VALUES (252, 1, 25, 17);
INSERT INTO Sets VALUES (252, 2, 17, 25);
INSERT INTO Sets VALUES (252, 3, 25, 18);
INSERT INTO Sets VALUES (252, 4, 25, 6);
INSERT INTO Matches VALUES (253, 4, 689, 271, 3, 1);
INSERT INTO Sets VALUES (253, 1, 25, 15);
INSERT INTO Sets VALUES (253, 2, 25, 21);
INSERT INTO Sets VALUES (253, 3, 16, 25);
INSERT INTO Sets VALUES (253, 4, 25, 15);
INSERT INTO Matches VALUES (254, 4, 91, 122, 3, 2);
INSERT INTO Sets VALUES (254, 1, 25, 12);
INSERT INTO Sets VALUES (254, 2, 14, 25);
INSERT INTO Sets VALUES (254, 3, 25, 20);
INSERT INTO Sets VALUES (254, 4, 18, 25);
INSERT INTO Sets VALUES (254, 5, 15, 7);
INSERT INTO Matches VALUES (255, 4, 186, 300, 3, 1);
INSERT INTO Sets VALUES (255, 1, 25, 14);
INSERT INTO Sets VALUES (255, 2, 25, 11);
INSERT INTO Sets VALUES (255, 3, 10, 25);
INSERT INTO Sets VALUES (255, 4, 25, 9);
INSERT INTO Matches VALUES (256, 4, 93, 139, 3, 1);
INSERT INTO Sets VALUES (256, 1, 16, 25);
INSERT INTO Sets VALUES (256, 2, 25, 1);
INSERT INTO Sets VALUES (256, 3, 25, 19);
INSERT INTO Sets VALUES (256, 4, 25, 2);
INSERT INTO Matches VALUES (257, 4, 76, 531, 3, 1);
INSERT INTO Sets VALUES (257, 1, 7, 25);
INSERT INTO Sets VALUES (257, 2, 25, 15);
INSERT INTO Sets VALUES (257, 3, 25, 14);
INSERT INTO Sets VALUES (257, 4, 25, 4);
INSERT INTO Matches VALUES (258, 4, 112, 306, 3, 2);
INSERT INTO Sets VALUES (258, 1, 21, 25);
INSERT INTO Sets VALUES (258, 2, 25, 20);
INSERT INTO Sets VALUES (258, 3, 15, 25);
INSERT INTO Sets VALUES (258, 4, 25, 0);
INSERT INTO Sets VALUES (258, 5, 15, 3);
INSERT INTO Matches VALUES (259, 4, 300, 258, 3, 1);
INSERT INTO Sets VALUES (259, 1, 9, 25);
INSERT INTO Sets VALUES (259, 2, 25, 20);
INSERT INTO Sets VALUES (259, 3, 25, 10);
INSERT INTO Sets VALUES (259, 4, 25, 15);
INSERT INTO Matches VALUES (260, 4, 480, 572, 3, 1);
INSERT INTO Sets VALUES (260, 1, 25, 4);
INSERT INTO Sets VALUES (260, 2, 5, 25);
INSERT INTO Sets VALUES (260, 3, 25, 9);
INSERT INTO Sets VALUES (260, 4, 25, 8);
INSERT INTO Matches VALUES (261, 4, 172, 93, 3, 1);
INSERT INTO Sets VALUES (261, 1, 25, 11);
INSERT INTO Sets VALUES (261, 2, 13, 25);
INSERT INTO Sets VALUES (261, 3, 25, 4);
INSERT INTO Sets VALUES (261, 4, 25, 14);
INSERT INTO Matches VALUES (262, 4, 177, 218, NULL, NULL);
INSERT INTO Matches VALUES (263, 4, 271, 172, 3, 0);
INSERT INTO Sets VALUES (263, 1, 25, 18);
INSERT INTO Sets VALUES (263, 2, 25, 8);
INSERT INTO Sets VALUES (263, 3, 25, 5);
INSERT INTO Matches VALUES (264, 4, 480, 548, 1, 3);
INSERT INTO Sets VALUES (264, 1, 11, 25);
INSERT INTO Sets VALUES (264, 2, 0, 25);
INSERT INTO Sets VALUES (264, 3, 25, 18);
INSERT INTO Sets VALUES (264, 4, 8, 25);
INSERT INTO Matches VALUES (265, 4, 218, 224, 1, 3);
INSERT INTO Sets VALUES (265, 1, 25, 20);
INSERT INTO Sets VALUES (265, 2, 2, 25);
INSERT INTO Sets VALUES (265, 3, 0, 25);
INSERT INTO Sets VALUES (265, 4, -1, 25);
INSERT INTO Matches VALUES (266, 4, 186, 112, 3, 1);
INSERT INTO Sets VALUES (266, 1, -2, 25);
INSERT INTO Sets VALUES (266, 2, 25, 20);
INSERT INTO Sets VALUES (266, 3, 25, 21);
INSERT INTO Sets VALUES (266, 4, 25, 17);
INSERT INTO Matches VALUES (267, 4, 77, 83, 3, 1);
INSERT INTO Sets VALUES (267, 1, 25, 0);
INSERT INTO Sets VALUES (267, 2, 25, 3);
INSERT INTO Sets VALUES (267, 3, 19, 25);
INSERT INTO Sets VALUES (267, 4, 25, 19);
INSERT INTO Matches VALUES (268, 5, 115, 398, NULL, NULL);
INSERT INTO Matches VALUES (269, 5, 348, 543, 3, 0);
INSERT INTO Sets VALUES (269, 1, 25, 21);
INSERT INTO Sets VALUES (269, 2, 25, 5);
INSERT INTO Sets VALUES (269, 3, 25, 19);
INSERT INTO Matches VALUES (270, 5, 144, 543, 3, 1);
INSERT INTO Sets VALUES (270, 1, 25, 15);
INSERT INTO Sets VALUES (270, 2, 6, 25);
INSERT INTO Sets VALUES (270, 3, 25, 8);
INSERT INTO Sets VALUES (270, 4, 25, 15);
INSERT INTO Matches VALUES (271, 5, 143, 78, 3, 0);
INSERT INTO Sets VALUES (271, 1, 25, 4);
INSERT INTO Sets VALUES (271, 2, 25, 14);
INSERT INTO Sets VALUES (271, 3, 25, 7);
INSERT INTO Matches VALUES (272, 5, 100, 116, 3, 0);
INSERT INTO Sets VALUES (272, 1, 25, 11);
INSERT INTO Sets VALUES (272, 2, 25, 19);
INSERT INTO Sets VALUES (272, 3, 25, 16);
INSERT INTO Matches VALUES (273, 5, 87, 681, 2, 3);
INSERT INTO Sets VALUES (273, 1, 25, 4);
INSERT INTO Sets VALUES (273, 2, 5, 25);
INSERT INTO Sets VALUES (273, 3, 1, 25);
INSERT INTO Sets VALUES (273, 4, 25, 18);
INSERT INTO Sets VALUES (273, 5, 9, 15);
INSERT INTO Matches VALUES (274, 5, 143, 116, 2, 3);
INSERT INTO Sets VALUES (274, 1, 4, 25);
INSERT INTO Sets VALUES (274, 2, 25, 3);
INSERT INTO Sets VALUES (274, 3, 22, 25);
INSERT INTO Sets VALUES (274, 4, 25, 17);
INSERT INTO Sets VALUES (274, 5, 10, 15);
INSERT INTO Matches VALUES (275, 5, 79, 78, 3, 0);
INSERT INTO Sets VALUES (275, 1, 25, 1);
INSERT INTO Sets VALUES (275, 2, 25, 3);
INSERT INTO Sets VALUES (275, 3, 25, 20);
INSERT INTO Matches VALUES (276, 5, 100, 126, 3, 0);
INSERT INTO Sets VALUES (276, 1, 25, 5);
INSERT INTO Sets VALUES (276, 2, 25, 15);
INSERT INTO Sets VALUES (276, 3, 25, 11);
INSERT INTO Matches VALUES (277, 5, 681, 145, NULL, NULL);
INSERT INTO Matches VALUES (278, 5, 543, 252, 3, 0);
INSERT INTO Sets VALUES (278, 1, 25, 8);
INSERT INTO Sets VALUES (278, 2, 25, 6);
INSERT INTO Sets VALUES (278, 3, 25, 12);
INSERT INTO Matches VALUES (279, 5, 115, 114, 3, 1);
INSERT INTO Sets VALUES (279, 1, 25, 2);
INSERT INTO Sets VALUES (279, 2, 25, 0);
INSERT INTO Sets VALUES (279, 3, 0, 25);
INSERT INTO Sets VALUES (279, 4, 25, 7);
INSERT INTO Matches VALUES (280, 5, 144, 143, 3, 0);
INSERT INTO Sets VALUES (280, 1, 25, 1);
INSERT INTO Sets VALUES (280, 2, 25, 18);
INSERT INTO Sets VALUES (280, 3, 25, 7);
INSERT INTO Matches VALUES (281, 5, 100, 115, 1, 3);
INSERT INTO Sets VALUES (281, 1, 2, 25);
INSERT INTO Sets VALUES (281, 2, 25, 19);
INSERT INTO Sets VALUES (281, 3, 7, 25);
INSERT INTO Sets VALUES (281, 4, 0, 25);
INSERT INTO Matches VALUES (282, 5, 425, 126, 2, 3);
INSERT INTO Sets VALUES (282, 1, 25, 5);
INSERT INTO Sets VALUES (282, 2, 13, 25);
INSERT INTO Sets VALUES (282, 3, 9, 25);
INSERT INTO Sets VALUES (282, 4, 25, 8);
INSERT INTO Sets VALUES (282, 5, 16, 15);
INSERT INTO Matches VALUES (283, 5, 145, 79, 3, 2);
INSERT INTO Sets VALUES (283, 1, 5, 25);
INSERT INTO Sets VALUES (283, 2, 2, 25);
INSERT INTO Sets VALUES (283, 3, 25, 1);
INSERT INTO Sets VALUES (283, 4, 25, 3);
INSERT INTO Sets VALUES (283, 5, 15, 10);
INSERT INTO Matches VALUES (284, 5, 77, 72, 3, 1);
INSERT INTO Sets VALUES (284, 1, 25, 21);
INSERT INTO Sets VALUES (284, 2, 22, 25);
INSERT INTO Sets VALUES (284, 3, 25, 10);
INSERT INTO Sets VALUES (284, 4, 25, 12);
INSERT INTO Matches VALUES (285, 5, 68, 100, 3, 0);
INSERT INTO Sets VALUES (285, 1, 25, 14);
INSERT INTO Sets VALUES (285, 2, 25, 8);
INSERT INTO Sets VALUES (285, 3, 25, 19);
INSERT INTO Matches VALUES (286, 5, 68, 543, 3, 0);
INSERT INTO Sets VALUES (286, 1, 25, 8);
INSERT INTO Sets VALUES (286, 2, 25, 15);
INSERT INTO Sets VALUES (286, 3, 25, 7);
INSERT INTO Matches VALUES (287, 5, 681, 126, 3, 2);
INSERT INTO Sets VALUES (287, 1, 25, 15);
INSERT INTO Sets VALUES (287, 2, 12, 25);
INSERT INTO Sets VALUES (287, 3, 25, 0);
INSERT INTO Sets VALUES (287, 4, 11, 25);
INSERT INTO Sets VALUES (287, 5, 15, 4);
INSERT INTO Matches VALUES (288, 5, 78, 521, NULL, NULL);
INSERT INTO Matches VALUES (289, 5, 95, 569, 3, 1);
INSERT INTO Sets VALUES (289, 1, 25, 20);
INSERT INTO Sets VALUES (289, 2, 20, 25);
INSERT INTO Sets VALUES (289, 3, 25, 8);
INSERT INTO Sets VALUES (289, 4, 25, 10);
INSERT INTO Matches VALUES (290, 5, 543, 72, 3, 0);
INSERT INTO Sets VALUES (290, 1, 25, 5);
INSERT INTO Sets VALUES (290, 2, 25, 16);
INSERT INTO Sets VALUES (290, 3, 25, 13);
INSERT INTO Matches VALUES (291, 5, 425, 100, 3, 2);
INSERT INTO Sets VALUES (291, 1, 25, 7);
INSERT INTO Sets VALUES (291, 2, 15, 25);
INSERT INTO Sets VALUES (291, 3, 9, 25);
INSERT INTO Sets VALUES (291, 4, 25, 7);
INSERT INTO Sets VALUES (291, 5, 15, 9);
INSERT INTO Matches VALUES (292, 5, 681, 174, 3, 2);
INSERT INTO Sets VALUES (292, 1, 25, 13);
INSERT INTO Sets VALUES (292, 2, 25, 7);
INSERT INTO Sets VALUES (292, 3, 18, 25);
INSERT INTO Sets VALUES (292, 4, 15, 25);
INSERT INTO Sets VALUES (292, 5, 15, 4);
INSERT INTO Matches VALUES (293, 5, 87, 144, NULL, NULL);
INSERT INTO Matches VALUES (294, 5, 569, 398, 0, 3);
INSERT INTO Sets VALUES (294, 1, 6, 25);
INSERT INTO Sets VALUES (294, 2, 0, 25);
INSERT INTO Sets VALUES (294, 3, 0, 25);
INSERT INTO Matches VALUES (295, 5, 116, 425, 3, 2);
INSERT INTO Sets VALUES (295, 1, 25, 10);
INSERT INTO Sets VALUES (295, 2, 8, 25);
INSERT INTO Sets VALUES (295, 3, 25, 2);
INSERT INTO Sets VALUES (295, 4, 22, 25);
INSERT INTO Sets VALUES (295, 5, 15, 2);
INSERT INTO Matches VALUES (296, 5, 145, 101, 3, 1);
INSERT INTO Sets VALUES (296, 1, 25, 11);
INSERT INTO Sets VALUES (296, 2, 11, 25);
INSERT INTO Sets VALUES (296, 3, 25, 12);
INSERT INTO Sets VALUES (296, 4, 25, 2);
INSERT INTO Matches VALUES (297, 5, 145, 116, 3, 2);
INSERT INTO Sets VALUES (297, 1, 8, 25);
INSERT INTO Sets VALUES (297, 2, 0, 25);
INSERT INTO Sets VALUES (297, 3, 25, 7);
INSERT INTO Sets VALUES (297, 4, 25, 15);
INSERT INTO Sets VALUES (297, 5, 15, 10);
INSERT INTO Matches VALUES (298, 5, 144, 66, 3, 1);
INSERT INTO Sets VALUES (298, 1, 0, 25);
INSERT INTO Sets VALUES (298, 2, 25, 20);
INSERT INTO Sets VALUES (298, 3, 25, 14);
INSERT INTO Sets VALUES (298, 4, 25, 15);
INSERT INTO Matches VALUES (299, 5, 116, 128, 3, 2);
INSERT INTO Sets VALUES (299, 1, 25, 4);
INSERT INTO Sets VALUES (299, 2, 3, 25);
INSERT INTO Sets VALUES (299, 3, 25, 20);
INSERT INTO Sets VALUES (299, 4, 18, 25);
INSERT INTO Sets VALUES (299, 5, 15, 10);
INSERT INTO Matches VALUES (300, 5, 521, 66, 3, 1);
INSERT INTO Sets VALUES (300, 1, 0, 25);
INSERT INTO Sets VALUES (300, 2, 25, 16);
INSERT INTO Sets VALUES (300, 3, 25, 12);
INSERT INTO Sets VALUES (300, 4, 25, 17);
INSERT INTO Matches VALUES (301, 5, 87, 174, 3, 0);
INSERT INTO Sets VALUES (301, 1, 25, 18);
INSERT INTO Sets VALUES (301, 2, 25, 21);
INSERT INTO Sets VALUES (301, 3, 25, 12);
INSERT INTO Matches VALUES (302, 5, 681, 144, 3, 2);
INSERT INTO Sets VALUES (302, 1, 3, 25);
INSERT INTO Sets VALUES (302, 2, 25, 19);
INSERT INTO Sets VALUES (302, 3, 16, 25);
INSERT INTO Sets VALUES (302, 4, 25, 15);
INSERT INTO Sets VALUES (302, 5, 15, 2);
INSERT INTO Matches VALUES (303, 5, 87, 79, 3, 1);
INSERT INTO Sets VALUES (303, 1, 7, 25);
INSERT INTO Sets VALUES (303, 2, 25, 10);
INSERT INTO Sets VALUES (303, 3, 25, 19);
INSERT INTO Sets VALUES (303, 4, 25, 4);
INSERT INTO Matches VALUES (304, 5, 114, 174, 3, 2);
INSERT INTO Sets VALUES (304, 1, 25, 3);
INSERT INTO Sets VALUES (304, 2, 2, 25);
INSERT INTO Sets VALUES (304, 3, 25, 17);
INSERT INTO Sets VALUES (304, 4, 12, 25);
INSERT INTO Sets VALUES (304, 5, 15, 12);
INSERT INTO Matches VALUES (305, 5, 424, 348, 3, 0);
INSERT INTO Sets VALUES (305, 1, 25, 21);
INSERT INTO Sets VALUES (305, 2, 25, 1);
INSERT INTO Sets VALUES (305, 3, 25, 7);
INSERT INTO Matches VALUES (306, 5, 77, 66, 2, 3);
INSERT INTO Sets VALUES (306, 1, 25, 4);
INSERT INTO Sets VALUES (306, 2, 2, 25);
INSERT INTO Sets VALUES (306, 3, 25, 15);
INSERT INTO Sets VALUES (306, 4, 4, 25);
INSERT INTO Sets VALUES (306, 5, 1, 15);
INSERT INTO Matches VALUES (307, 5, 101, 87, 3, 1);
INSERT INTO Sets VALUES (307, 1, 0, 25);
INSERT INTO Sets VALUES (307, 2, 25, 22);
INSERT INTO Sets VALUES (307, 3, 25, 17);
INSERT INTO Sets VALUES (307, 4, 25, 19);
INSERT INTO Matches VALUES (308, 5, 115, 78, 0, 3);
INSERT INTO Sets VALUES (308, 1, 16, 25);
INSERT INTO Sets VALUES (308, 2, 2, 25);
INSERT INTO Sets VALUES (308, 3, 0, 25);
INSERT INTO Matches VALUES (309, 5, 174, 143, 3, 0);
INSERT INTO Sets VALUES (309, 1, 25, 17);
INSERT INTO Sets VALUES (309, 2, 25, 16);
INSERT INTO Sets VALUES (309, 3, 25, 20);
INSERT INTO Matches VALUES (310, 5, 143, 348, 3, 1);
INSERT INTO Sets VALUES (310, 1, 11, 25);
INSERT INTO Sets VALUES (310, 2, 25, 8);
INSERT INTO Sets VALUES (310, 3, 25, 11);
INSERT INTO Sets VALUES (310, 4, 25, 20);
INSERT INTO Matches VALUES (311, 5, 95, 126, 3, 2);
INSERT INTO Sets VALUES (311, 1, 20, 25);
INSERT INTO Sets VALUES (311, 2, 15, 25);
INSERT INTO Sets VALUES (311, 3, 25, 12);
INSERT INTO Sets VALUES (311, 4, 25, 0);
INSERT INTO Sets VALUES (311, 5, 15, 1);
INSERT INTO Matches VALUES (312, 5, 79, 174, 2, 3);
INSERT INTO Sets VALUES (312, 1, 7, 25);
INSERT INTO Sets VALUES (312, 2, 1, 25);
INSERT INTO Sets VALUES (312, 3, 25, 6);
INSERT INTO Sets VALUES (312, 4, 25, 18);
INSERT INTO Sets VALUES (312, 5, 6, 15);
INSERT INTO Matches VALUES (313, 5, 128, 72, 3, 2);
INSERT INTO Sets VALUES (313, 1, 2, 25);
INSERT INTO Sets VALUES (313, 2, 25, 10);
INSERT INTO Sets VALUES (313, 3, 25, 3);
INSERT INTO Sets VALUES (313, 4, 15, 25);
INSERT INTO Sets VALUES (313, 5, 15, 2);
INSERT INTO Matches VALUES (314, 5, 174, 143, 0, 3);
INSERT INTO Sets VALUES (314, 1, 8, 25);
INSERT INTO Sets VALUES (314, 2, 3, 25);
INSERT INTO Sets VALUES (314, 3, 0, 25);
INSERT INTO Matches VALUES (315, 5, 100, 114, NULL, NULL);
INSERT INTO Matches VALUES (316, 5, 79, 521, 3, 0);
INSERT INTO Sets VALUES (316, 1, 25, 19);
INSERT INTO Sets VALUES (316, 2, 25, 17);
INSERT INTO Sets VALUES (316, 3, 25, 16);
INSERT INTO Matches VALUES (317, 5, 77, 79, 3, 1);
INSERT INTO Sets VALUES (317, 1, 7, 25);
INSERT INTO Sets VALUES (317, 2, 25, 7);
INSERT INTO Sets VALUES (317, 3, 25, 19);
INSERT INTO Sets VALUES (317, 4, 25, 17);
INSERT INTO Matches VALUES (318, 5, 68, 72, 1, 3);
INSERT INTO Sets VALUES (318, 1, 9, 25);
INSERT INTO Sets VALUES (318, 2, 4, 25);
INSERT INTO Sets VALUES (318, 3, 25, 9);
INSERT INTO Sets VALUES (318, 4, 20, 25);
INSERT INTO Matches VALUES (319, 5, 543, 66, 3, 1);
INSERT INTO Sets VALUES (319, 1, 25, 4);
INSERT INTO Sets VALUES (319, 2, 25, 18);
INSERT INTO Sets VALUES (319, 3, 21, 25);
INSERT INTO Sets VALUES (319, 4, 25, 2);
INSERT INTO Matches VALUES (320, 5, 424, 68, 3, 1);
INSERT INTO Sets VALUES (320, 1, 18, 25);
INSERT INTO Sets VALUES (320, 2, 25, 7);
INSERT INTO Sets VALUES (320, 3, 25, 7);
INSERT INTO Sets VALUES (320, 4, 25, 6);
INSERT INTO Matches VALUES (321, 5, 543, 681, 0, 3);
INSERT INTO Sets VALUES (321, 1, 0, 25);
INSERT INTO Sets VALUES (321, 2, -1, 25);
INSERT INTO Sets VALUES (321, 3, -1, 25);
INSERT INTO Matches VALUES (322, 5, 78, 174, 3, 1);
INSERT INTO Sets VALUES (322, 1, -1, 25);
INSERT INTO Sets VALUES (322, 2, 25, 2);
INSERT INTO Sets VALUES (322, 3, 25, 11);
INSERT INTO Sets VALUES (322, 4, 25, 17);
INSERT INTO Matches VALUES (323, 5, 143, 681, 2, 3);
INSERT INTO Sets VALUES (323, 1, 18, 25);
INSERT INTO Sets VALUES (323, 2, 25, 9);
INSERT INTO Sets VALUES (323, 3, 11, 25);
INSERT INTO Sets VALUES (323, 4, 25, 0);
INSERT INTO Sets VALUES (323, 5, 11, 15);
INSERT INTO Matches VALUES (324, 5, 681, 252, NULL, NULL);
INSERT INTO Matches VALUES (325, 5, 348, 128, 3, 0);
INSERT INTO Sets VALUES (325, 1, 25, 15);
INSERT INTO Sets VALUES (325, 2, 25, 16);
INSERT INTO Sets VALUES (325, 3, 25, 7);
INSERT INTO Matches VALUES (326, 5, 569, 87, 3, 1);
INSERT INTO Sets VALUES (326, 1, 25, 18);
INSERT INTO Sets VALUES (326, 2, 25, 17);
INSERT INTO Sets VALUES (326, 3, 21, 25);
INSERT INTO Sets VALUES (326, 4, 25, 4);
INSERT INTO Matches VALUES (327, 5, 126, 425, NULL, NULL);
INSERT INTO Matches VALUES (328, 5, 126, 79, 3, 1);
INSERT INTO Sets VALUES (328, 1, 25, 11);
INSERT INTO Sets VALUES (328, 2, 25, 20);
INSERT INTO Sets VALUES (328, 3, 1, 25);
INSERT INTO Sets VALUES (328, 4, 25, 6);
INSERT INTO Matches VALUES (329, 5, 115, 143, 3, 0);
INSERT INTO Sets VALUES (329, 1, 25, 1);
INSERT INTO Sets VALUES (329, 2, 25, 2);
INSERT INTO Sets VALUES (329, 3, 25, 8);
INSERT INTO Matches VALUES (330, 5, 101, 252, 3, 1);
INSERT INTO Sets VALUES (330, 1, 25, 0);
INSERT INTO Sets VALUES (330, 2, 25, 12);
INSERT INTO Sets VALUES (330, 3, 16, 25);
INSERT INTO Sets VALUES (330, 4, 25, 14);
INSERT INTO Matches VALUES (331, 5, 348, 68, 3, 1);
INSERT INTO Sets VALUES (331, 1, 21, 25);
INSERT INTO Sets VALUES (331, 2, 25, 20);
INSERT INTO Sets VALUES (331, 3, 25, 11);
INSERT INTO Sets VALUES (331, 4, 25, 17);
INSERT INTO Matches VALUES (332, 5, 425, 398, 3, 1);
INSERT INTO Sets VALUES (332, 1, 25, 19);
INSERT INTO Sets VALUES (332, 2, 25, 5);
INSERT INTO Sets VALUES (332, 3, 11, 25);
INSERT INTO Sets VALUES (332, 4, 25, 14);
INSERT INTO Matches VALUES (333, 5, 126, 115, 1, 3);
INSERT INTO Sets VALUES (333, 1, 15, 25);
INSERT INTO Sets VALUES (333, 2, 25, 16);
INSERT INTO Sets VALUES (333, 3, 12, 25);
INSERT INTO Sets VALUES (333, 4, 2, 25);
INSERT INTO Matches VALUES (334, 5, 77, 100, 3, 0);
INSERT INTO Sets VALUES (334, 1, 25, 2);
INSERT INTO Sets VALUES (334, 2, 25, 20);
INSERT INTO Sets VALUES (334, 3, 25, 12);
INSERT INTO Matches VALUES (335, 5, 424, 143, 3, 0);
INSERT INTO Sets VALUES (335, 1, 25, 7);
INSERT INTO Sets VALUES (335, 2, 25, 22);
INSERT INTO Sets VALUES (335, 3, 25, 4);
INSERT INTO Matches VALUES (336, 5, 115, 77, 1, 3);
INSERT INTO Sets VALUES (336, 1, 12, 25);
INSERT INTO Sets VALUES (336, 2, 6, 25);
INSERT INTO Sets VALUES (336, 3, 25, 19);
INSERT INTO Sets VALUES (336, 4, 11, 25);
INSERT INTO Matches VALUES (337, 5, 681, 424, 2, 3);
INSERT INTO Sets VALUES (337, 1, 1, 25);
INSERT INTO Sets VALUES (337, 2, 25, 7);
INSERT INTO Sets VALUES (337, 3, 15, 25);
INSERT INTO Sets VALUES (337, 4, 25, 18);
INSERT INTO Sets VALUES (337, 5, 19, 15);
INSERT INTO Matches VALUES (338, 5, 681, 115, 3, 1);
INSERT INTO Sets VALUES (338, 1, 9, 25);
INSERT INTO Sets VALUES (338, 2, 25, 3);
INSERT INTO Sets VALUES (338, 3, 25, 8);
INSERT INTO Sets VALUES (338, 4, 25, 8);
INSERT INTO Matches VALUES (339, 5, 425, 174, 3, 1);
INSERT INTO Sets VALUES (339, 1, 16, 25);
INSERT INTO Sets VALUES (339, 2, 25, 21);
INSERT INTO Sets VALUES (339, 3, 25, 6);
INSERT INTO Sets VALUES (339, 4, 25, 0);
INSERT INTO Matches VALUES (340, 5, 66, 126, 3, 0);
INSERT INTO Sets VALUES (340, 1, 25, 14);
INSERT INTO Sets VALUES (340, 2, 25, 3);
INSERT INTO Sets VALUES (340, 3, 25, 9);
INSERT INTO Matches VALUES (341, 5, 398, 87, 1, 3);
INSERT INTO Sets VALUES (341, 1, 18, 25);
INSERT INTO Sets VALUES (341, 2, 25, 0);
INSERT INTO Sets VALUES (341, 3, 15, 25);
INSERT INTO Sets VALUES (341, 4, 9, 25);
INSERT INTO Matches VALUES (342, 5, 569, 66, 3, 0);
INSERT INTO Sets VALUES (342, 1, 25, 13);
INSERT INTO Sets VALUES (342, 2, 25, 8);
INSERT INTO Sets VALUES (342, 3, 25, 12);
INSERT INTO Matches VALUES (343, 6, 200, 511, 3, 1);
INSERT INTO Sets VALUES (343, 1, 25, 14);
INSERT INTO Sets VALUES (343, 2, 25, 4);
INSERT INTO Sets VALUES (343, 3, 6, 25);
INSERT INTO Sets VALUES (343, 4, 25, 20);
INSERT INTO Matches VALUES (344, 6, 294, 257, 3, 2);
INSERT INTO Sets VALUES (344, 1, 10, 25);
INSERT INTO Sets VALUES (344, 2, 5, 25);
INSERT INTO Sets VALUES (344, 3, 25, 16);
INSERT INTO Sets VALUES (344, 4, 25, 10);
INSERT INTO Sets VALUES (344, 5, 15, 0);
INSERT INTO Matches VALUES (345, 6, 159, 276, 3, 1);
INSERT INTO Sets VALUES (345, 1, 25, 8);
INSERT INTO Sets VALUES (345, 2, 25, 0);
INSERT INTO Sets VALUES (345, 3, 9, 25);
INSERT INTO Sets VALUES (345, 4, 25, 19);
INSERT INTO Matches VALUES (346, 6, 220, 483, 3, 2);
INSERT INTO Sets VALUES (346, 1, 8, 25);
INSERT INTO Sets VALUES (346, 2, 25, 8);
INSERT INTO Sets VALUES (346, 3, 12, 25);
INSERT INTO Sets VALUES (346, 4, 25, 11);
INSERT INTO Sets VALUES (346, 5, 15, 4);
INSERT INTO Matches VALUES (347, 6, 276, 166, 3, 1);
INSERT INTO Sets VALUES (347, 1, 1, 25);
INSERT INTO Sets VALUES (347, 2, 25, 1);
INSERT INTO Sets VALUES (347, 3, 25, 10);
INSERT INTO Sets VALUES (347, 4, 25, 9);
INSERT INTO Matches VALUES (348, 6, 180, 175, 3, 1);
INSERT INTO Sets VALUES (348, 1, 15, 25);
INSERT INTO Sets VALUES (348, 2, 25, 14);
INSERT INTO Sets VALUES (348, 3, 25, 8);
INSERT INTO Sets VALUES (348, 4, 25, 17);
INSERT INTO Matches VALUES (349, 6, 569, 457, 3, 0);
INSERT INTO Sets VALUES (349, 1, 25, 15);
INSERT INTO Sets VALUES (349, 2, 25, 8);
INSERT INTO Sets VALUES (349, 3, 25, 12);
INSERT INTO Matches VALUES (350, 6, 511, 518, 3, 1);
INSERT INTO Sets VALUES (350, 1, 25, 15);
INSERT INTO Sets VALUES (350, 2, 19, 25);
INSERT INTO Sets VALUES (350, 3, 25, 18);
INSERT INTO Sets VALUES (350, 4, 25, 17);
INSERT INTO Matches VALUES (351, 6, 175, 195, 3, 1);
INSERT INTO Sets VALUES (351, 1, 25, 9);
INSERT INTO Sets VALUES (351, 2, 25, 2);
INSERT INTO Sets VALUES (351, 3, 15, 25);
INSERT INTO Sets VALUES (351, 4, 25, 12);
INSERT INTO Matches VALUES (352, 6, 175, 297, 3, 0);
INSERT INTO Sets VALUES (352, 1, 25, 15);
INSERT INTO Sets VALUES (352, 2, 25, 10);
INSERT INTO Sets VALUES (352, 3, 25, 1);
INSERT INTO Matches VALUES (353, 6, 200, 483, 3, 0);
INSERT INTO Sets VALUES (353, 1, 25, 5);
INSERT INTO Sets VALUES (353, 2, 25, 17);
INSERT INTO Sets VALUES (353, 3, 25, 16);
INSERT INTO Matches VALUES (354, 6, 177, 189, 3, 2);
INSERT INTO Sets VALUES (354, 1, 25, 12);
INSERT INTO Sets VALUES (354, 2, 25, 19);
INSERT INTO Sets VALUES (354, 3, 14, 25);
INSERT INTO Sets VALUES (354, 4, 4, 25);
INSERT INTO Sets VALUES (354, 5, 15, 3);
INSERT INTO Matches VALUES (355, 6, 220, 189, 3, 1);
INSERT INTO Sets VALUES (355, 1, 25, 10);
INSERT INTO Sets VALUES (355, 2, 25, 20);
INSERT INTO Sets VALUES (355, 3, 19, 25);
INSERT INTO Sets VALUES (355, 4, 25, 17);
INSERT INTO Matches VALUES (356, 6, 245, 248, 3, 0);
INSERT INTO Sets VALUES (356, 1, 25, 3);
INSERT INTO Sets VALUES (356, 2, 25, 0);
INSERT INTO Sets VALUES (356, 3, 25, 7);
INSERT INTO Matches VALUES (357, 6, 254, 464, 3, 0);
INSERT INTO Sets VALUES (357, 1, 25, 4);
INSERT INTO Sets VALUES (357, 2, 25, 16);
INSERT INTO Sets VALUES (357, 3, 25, 21);
INSERT INTO Matches VALUES (358, 6, 254, 464, 3, 2);
INSERT INTO Sets VALUES (358, 1, 25, 11);
INSERT INTO Sets VALUES (358, 2, 0, 25);
INSERT INTO Sets VALUES (358, 3, -1, 25);
INSERT INTO Sets VALUES (358, 4, 25, 14);
INSERT INTO Sets VALUES (358, 5, 15, 9);
INSERT INTO Matches VALUES (359, 6, 166, 152, 3, 1);
INSERT INTO Sets VALUES (359, 1, 25, 0);
INSERT INTO Sets VALUES (359, 2, 11, 25);
INSERT INTO Sets VALUES (359, 3, 25, 8);
INSERT INTO Sets VALUES (359, 4, 25, 18);
INSERT INTO Matches VALUES (360, 6, 518, 545, 3, 0);
INSERT INTO Sets VALUES (360, 1, 25, 2);
INSERT INTO Sets VALUES (360, 2, 25, 18);
INSERT INTO Sets VALUES (360, 3, 25, 18);
INSERT INTO Matches VALUES (361, 6, 189, 159, 3, 1);
INSERT INTO Sets VALUES (361, 1, 19, 25);
INSERT INTO Sets VALUES (361, 2, 25, 9);
INSERT INTO Sets VALUES (361, 3, 25, 15);
INSERT INTO Sets VALUES (361, 4, 25, 15);
INSERT INTO Matches VALUES (362, 6, 279, 160, NULL, NULL);
INSERT INTO Matches VALUES (363, 6, 297, 511, 3, 2);
INSERT INTO Sets VALUES (363, 1, 25, 6);
INSERT INTO Sets VALUES (363, 2, 25, 12);
INSERT INTO Sets VALUES (363, 3, 10, 25);
INSERT INTO Sets VALUES (363, 4, 4, 25);
INSERT INTO Sets VALUES (363, 5, 15, 8);
INSERT INTO Matches VALUES (364, 6, 276, 569, 3, 2);
INSERT INTO Sets VALUES (364, 1, 10, 25);
INSERT INTO Sets VALUES (364, 2, 25, 22);
INSERT INTO Sets VALUES (364, 3, 16, 25);
INSERT INTO Sets VALUES (364, 4, 25, 8);
INSERT INTO Sets VALUES (364, 5, 15, 10);
INSERT INTO Matches VALUES (365, 6, 245, 189, 3, 0);
INSERT INTO Sets VALUES (365, 1, 25, 4);
INSERT INTO Sets VALUES (365, 2, 25, 8);
INSERT INTO Sets VALUES (365, 3, 25, 8);
INSERT INTO Matches VALUES (366, 6, 518, 198, 0, 3);
INSERT INTO Sets VALUES (366, 1, 13, 25);
INSERT INTO Sets VALUES (366, 2, 7, 25);
INSERT INTO Sets VALUES (366, 3, 4, 25);
INSERT INTO Matches VALUES (367, 6, 245, 254, 3, 1);
INSERT INTO Sets VALUES (367, 1, 25, 18);
INSERT INTO Sets VALUES (367, 2, 25, 14);
INSERT INTO Sets VALUES (367, 3, 1, 25);
INSERT INTO Sets VALUES (367, 4, 25, 5);
INSERT INTO Matches VALUES (368, 6, 159, 189, 3, 0);
INSERT INTO Sets VALUES (368, 1, 25, 5);
INSERT INTO Sets VALUES (368, 2, 25, 9);
INSERT INTO Sets VALUES (368, 3, 25, 2);
INSERT INTO Matches VALUES (369, 6, 166, 160, 3, 1);
INSERT INTO Sets VALUES (369, 1, 22, 25);
INSERT INTO Sets VALUES (369, 2, 25, 7);
INSERT INTO Sets VALUES (369, 3, 25, 19);
INSERT INTO Sets VALUES (369, 4, 25, 11);
INSERT INTO Matches VALUES (370, 6, 569, 276, 3, 1);
INSERT INTO Sets VALUES (370, 1, 18, 25);
INSERT INTO Sets VALUES (370, 2, 25, 10);
INSERT INTO Sets VALUES (370, 3, 25, 7);
INSERT INTO Sets VALUES (370, 4, 25, 17);
INSERT INTO Matches VALUES (371, 6, 477, 198, 3, 1);
INSERT INTO Sets VALUES (371, 1, 25, 5);
INSERT INTO Sets VALUES (371, 2, 10, 25);
INSERT INTO Sets VALUES (371, 3, 25, 11);
INSERT INTO Sets VALUES (371, 4, 25, 6);
INSERT INTO Matches VALUES (372, 6, 297, 457, 3, 1);
INSERT INTO Sets VALUES (372, 1, 25, 1);
INSERT INTO Sets VALUES (372, 2, 17, 25);
INSERT INTO Sets VALUES (372, 3, 25, 21);
INSERT INTO Sets VALUES (372, 4, 25, 10);
INSERT INTO Matches VALUES (373, 6, 231, 146, 3, 0);
INSERT INTO Sets VALUES (373, 1, 25, 16);
INSERT INTO Sets VALUES (373, 2, 25, 22);
INSERT INTO Sets VALUES (373, 3, 25, 17);
INSERT INTO Matches VALUES (374, 6, 511, 257, 3, 1);
INSERT INTO Sets VALUES (374, 1, 25, 5);
INSERT INTO Sets VALUES (374, 2, 25, 18);
INSERT INTO Sets VALUES (374, 3, 11, 25);
INSERT INTO Sets VALUES (374, 4, 25, 17);
INSERT INTO Matches VALUES (375, 6, 177, 189, 3, 1);
INSERT INTO Sets VALUES (375, 1, 13, 25);
INSERT INTO Sets VALUES (375, 2, 25, 22);
INSERT INTO Sets VALUES (375, 3, 25, 14);
INSERT INTO Sets VALUES (375, 4, 25, 15);
INSERT INTO Matches VALUES (376, 6, 254, 248, 3, 0);
INSERT INTO Sets VALUES (376, 1, 25, 12);
INSERT INTO Sets VALUES (376, 2, 25, 8);
INSERT INTO Sets VALUES (376, 3, 25, 22);
INSERT INTO Matches VALUES (377, 6, 160, 180, 1, 3);
INSERT INTO Sets VALUES (377, 1, 10, 25);
INSERT INTO Sets VALUES (377, 2, 25, 21);
INSERT INTO Sets VALUES (377, 3, 0, 25);
INSERT INTO Sets VALUES (377, 4, 0, 25);
INSERT INTO Matches VALUES (378, 6, 231, 210, NULL, NULL);
INSERT INTO Matches VALUES (379, 6, 279, 177, 3, 0);
INSERT INTO Sets VALUES (379, 1, 25, 1);
INSERT INTO Sets VALUES (379, 2, 25, 12);
INSERT INTO Sets VALUES (379, 3, 25, 4);
INSERT INTO Matches VALUES (380, 6, 464, 231, 1, 3);
INSERT INTO Sets VALUES (380, 1, 25, 13);
INSERT INTO Sets VALUES (380, 2, 12, 25);
INSERT INTO Sets VALUES (380, 3, 4, 25);
INSERT INTO Sets VALUES (380, 4, 1, 25);
INSERT INTO Matches VALUES (381, 6, 254, 511, 3, 0);
INSERT INTO Sets VALUES (381, 1, 25, 14);
INSERT INTO Sets VALUES (381, 2, 25, 18);
INSERT INTO Sets VALUES (381, 3, 25, 14);
INSERT INTO Matches VALUES (382, 6, 294, 569, 3, 1);
INSERT INTO Sets VALUES (382, 1, 25, 22);
INSERT INTO Sets VALUES (382, 2, 25, 22);
INSERT INTO Sets VALUES (382, 3, 0, 25);
INSERT INTO Sets VALUES (382, 4, 25, 22);
INSERT INTO Matches VALUES (383, 6, 236, 279, 3, 2);
INSERT INTO Sets VALUES (383, 1, 15, 25);
INSERT INTO Sets VALUES (383, 2, 25, 5);
INSERT INTO Sets VALUES (383, 3, 17, 25);
INSERT INTO Sets VALUES (383, 4, 25, 22);
INSERT INTO Sets VALUES (383, 5, 15, 5);
INSERT INTO Matches VALUES (384, 6, 457, 358, 3, 1);
INSERT INTO Sets VALUES (384, 1, 25, 3);
INSERT INTO Sets VALUES (384, 2, 25, 12);
INSERT INTO Sets VALUES (384, 3, 0, 25);
INSERT INTO Sets VALUES (384, 4, 25, 19);
INSERT INTO Matches VALUES (385, 6, 464, 210, 3, 1);
INSERT INTO Sets VALUES (385, 1, 15, 25);
INSERT INTO Sets VALUES (385, 2, 25, 20);
INSERT INTO Sets VALUES (385, 3, 25, 22);
INSERT INTO Sets VALUES (385, 4, 25, 17);
INSERT INTO Matches VALUES (386, 6, 166, 294, 3, 0);
INSERT INTO Sets VALUES (386, 1, 25, 9);
INSERT INTO Sets VALUES (386, 2, 25, 8);
INSERT INTO Sets VALUES (386, 3, 25, 0);
INSERT INTO Matches VALUES (387, 6, 209, 477, 3, 0);
INSERT INTO Sets VALUES (387, 1, 25, 21);
INSERT INTO Sets VALUES (387, 2, 25, 13);
INSERT INTO Sets VALUES (387, 3, 25, 3);
INSERT INTO Matches VALUES (388, 6, 236, 209, 3, 0);
INSERT INTO Sets VALUES (388, 1, 25, 19);
INSERT INTO Sets VALUES (388, 2, 25, 18);
INSERT INTO Sets VALUES (388, 3, 25, 18);
INSERT INTO Matches VALUES (389, 6, 279, 358, 3, 1);
INSERT INTO Sets VALUES (389, 1, 25, 7);
INSERT INTO Sets VALUES (389, 2, 11, 25);
INSERT INTO Sets VALUES (389, 3, 25, 19);
INSERT INTO Sets VALUES (389, 4, 25, 19);
INSERT INTO Matches VALUES (390, 6, 236, 676, 3, 1);
INSERT INTO Sets VALUES (390, 1, 25, 1);
INSERT INTO Sets VALUES (390, 2, 16, 25);
INSERT INTO Sets VALUES (390, 3, 25, 11);
INSERT INTO Sets VALUES (390, 4, 25, 3);
INSERT INTO Matches VALUES (391, 6, 166, 464, 3, 1);
INSERT INTO Sets VALUES (391, 1, 7, 25);
INSERT INTO Sets VALUES (391, 2, 25, 21);
INSERT INTO Sets VALUES (391, 3, 25, 0);
INSERT INTO Sets VALUES (391, 4, 25, 2);
INSERT INTO Matches VALUES (392, 6, 152, 231, 1, 3);
INSERT INTO Sets VALUES (392, 1, 25, 22);
INSERT INTO Sets VALUES (392, 2, 1, 25);
INSERT INTO Sets VALUES (392, 3, 0, 25);
INSERT INTO Sets VALUES (392, 4, 0, 25);
INSERT INTO Matches VALUES (393, 6, 518, 198, 3, 1);
INSERT INTO Sets VALUES (393, 1, 25, 7);
INSERT INTO Sets VALUES (393, 2, 25, 17);
INSERT INTO Sets VALUES (393, 3, 15, 25);
INSERT INTO Sets VALUES (393, 4, 25, 12);
INSERT INTO Matches VALUES (394, 6, 195, 569, 3, 1);
INSERT INTO Sets VALUES (394, 1, 12, 25);
INSERT INTO Sets VALUES (394, 2, 25, 4);
INSERT INTO Sets VALUES (394, 3, 25, 0);
INSERT INTO Sets VALUES (394, 4, 25, 4);
INSERT INTO Matches VALUES (395, 6, 464, 200, 3, 1);
INSERT INTO Sets VALUES (395, 1, 8, 25);
INSERT INTO Sets VALUES (395, 2, 25, 3);
INSERT INTO Sets VALUES (395, 3, 25, 12);
INSERT INTO Sets VALUES (395, 4, 25, 18);
INSERT INTO Matches VALUES (396, 6, 464, 257, 3, 1);
INSERT INTO Sets VALUES (396, 1, 25, 10);
INSERT INTO Sets VALUES (396, 2, 25, 17);
INSERT INTO Sets VALUES (396, 3, 11, 25);
INSERT INTO Sets VALUES (396, 4, 25, 9);
INSERT INTO Matches VALUES (397, 6, 245, 160, 3, 1);
INSERT INTO Sets VALUES (397, 1, 8, 25);
INSERT INTO Sets VALUES (397, 2, 25, 4);
INSERT INTO Sets VALUES (397, 3, 25, 9);
INSERT INTO Sets VALUES (397, 4, 25, 7);
INSERT INTO Matches VALUES (398, 6, 160, 518, 3, 2);
INSERT INTO Sets VALUES (398, 1, 15, 25);
INSERT INTO Sets VALUES (398, 2, 5, 25);
INSERT INTO Sets VALUES (398, 3, 25, 5);
INSERT INTO Sets VALUES (398, 4, 25, 12);
INSERT INTO Sets VALUES (398, 5, 15, 10);
INSERT INTO Matches VALUES (399, 6, 200, 189, 3, 2);
INSERT INTO Sets VALUES (399, 1, 25, 10);
INSERT INTO Sets VALUES (399, 2, 4, 25);
INSERT INTO Sets VALUES (399, 3, 25, 12);
INSERT INTO Sets VALUES (399, 4, 8, 25);
INSERT INTO Sets VALUES (399, 5, 15, 5);
INSERT INTO Matches VALUES (400, 6, 236, 177, NULL, NULL);
INSERT INTO Matches VALUES (401, 6, 358, 483, 3, 1);
INSERT INTO Sets VALUES (401, 1, 6, 25);
INSERT INTO Sets VALUES (401, 2, 25, 4);
INSERT INTO Sets VALUES (401, 3, 25, 2);
INSERT INTO Sets VALUES (401, 4, 25, 3);
INSERT INTO Matches VALUES (402, 6, 518, 160, 3, 2);
INSERT INTO Sets VALUES (402, 1, 17, 25);
INSERT INTO Sets VALUES (402, 2, 25, 5);
INSERT INTO Sets VALUES (402, 3, 25, 3);
INSERT INTO Sets VALUES (402, 4, 11, 25);
INSERT INTO Sets VALUES (402, 5, 15, 6);
INSERT INTO Matches VALUES (403, 6, 257, 477, 3, 1);
INSERT INTO Sets VALUES (403, 1, 25, 14);
INSERT INTO Sets VALUES (403, 2, 13, 25);
INSERT INTO Sets VALUES (403, 3, 25, 12);
INSERT INTO Sets VALUES (403, 4, 25, 17);
INSERT INTO Matches VALUES (404, 6, 248, 236, 3, 0);
INSERT INTO Sets VALUES (404, 1, 25, 17);
INSERT INTO Sets VALUES (404, 2, 25, 5);
INSERT INTO Sets VALUES (404, 3, 25, 13);
INSERT INTO Matches VALUES (405, 6, 245, 175, 3, 0);
INSERT INTO Sets VALUES (405, 1, 25, 12);
INSERT INTO Sets VALUES (405, 2, 25, 22);
INSERT INTO Sets VALUES (405, 3, 25, 22);
INSERT INTO Matches VALUES (406, 6, 200, 511, NULL, NULL);
INSERT INTO Matches VALUES (407, 6, 457, 160, 3, 0);
INSERT INTO Sets VALUES (407, 1, 25, 2);
INSERT INTO Sets VALUES (407, 2, 25, 3);
INSERT INTO Sets VALUES (407, 3, 25, 3);
INSERT INTO Matches VALUES (408, 6, 545, 248, 3, 2);
INSERT INTO Sets VALUES (408, 1, 19, 25);
INSERT INTO Sets VALUES (408, 2, 7, 25);
INSERT INTO Sets VALUES (408, 3, 25, 16);
INSERT INTO Sets VALUES (408, 4, 25, 18);
INSERT INTO Sets VALUES (408, 5, 15, 10);
INSERT INTO Matches VALUES (409, 6, 483, 257, 3, 1);
INSERT INTO Sets VALUES (409, 1, 25, 15);
INSERT INTO Sets VALUES (409, 2, 8, 25);
INSERT INTO Sets VALUES (409, 3, 25, 6);
INSERT INTO Sets VALUES (409, 4, 25, 0);
INSERT INTO Matches VALUES (410, 6, 209, 676, 3, 2);
INSERT INTO Sets VALUES (410, 1, 7, 25);
INSERT INTO Sets VALUES (410, 2, 25, 1);
INSERT INTO Sets VALUES (410, 3, 25, 4);
INSERT INTO Sets VALUES (410, 4, 9, 25);
INSERT INTO Sets VALUES (410, 5, 15, 1);
INSERT INTO Matches VALUES (411, 6, 294, 254, NULL, NULL);
INSERT INTO Matches VALUES (412, 6, 511, 328, 3, 0);
INSERT INTO Sets VALUES (412, 1, 25, 5);
INSERT INTO Sets VALUES (412, 2, 25, 16);
INSERT INTO Sets VALUES (412, 3, 25, 3);
INSERT INTO Matches VALUES (413, 6, 152, 236, 2, 3);
INSERT INTO Sets VALUES (413, 1, 25, 3);
INSERT INTO Sets VALUES (413, 2, 22, 25);
INSERT INTO Sets VALUES (413, 3, 1, 25);
INSERT INTO Sets VALUES (413, 4, 25, 2);
INSERT INTO Sets VALUES (413, 5, 22, 15);
INSERT INTO Matches VALUES (414, 6, 457, 152, 3, 0);
INSERT INTO Sets VALUES (414, 1, 25, 22);
INSERT INTO Sets VALUES (414, 2, 25, 14);
INSERT INTO Sets VALUES (414, 3, 25, 16);
INSERT INTO Matches VALUES (415, 6, 457, 279, 3, 0);
INSERT INTO Sets VALUES (415, 1, 25, 13);
INSERT INTO Sets VALUES (415, 2, 25, 6);
INSERT INTO Sets VALUES (415, 3, 25, 4);
INSERT INTO Matches VALUES (416, 6, 200, 257, 3, 1);
INSERT INTO Sets VALUES (416, 1, 3, 25);
INSERT INTO Sets VALUES (416, 2, 25, 17);
INSERT INTO Sets VALUES (416, 3, 25, 11);
INSERT INTO Sets VALUES (416, 4, 25, 22);
INSERT INTO Matches VALUES (417, 6, 220, 257, 3, 0);
INSERT INTO Sets VALUES (417, 1, 25, 12);
INSERT INTO Sets VALUES (417, 2, 25, 13);
INSERT INTO Sets VALUES (417, 3, 25, 8);
INSERT INTO Matches VALUES (418, 6, 210, 175, 3, 0);
INSERT INTO Sets VALUES (418, 1, 25, 6);
INSERT INTO Sets VALUES (418, 2, 25, 9);
INSERT INTO Sets VALUES (418, 3, 25, 18);
INSERT INTO Matches VALUES (419, 7, 232, 184, 3, 2);
INSERT INTO Sets VALUES (419, 1, 25, 16);
INSERT INTO Sets VALUES (419, 2, 2, 25);
INSERT INTO Sets VALUES (419, 3, 25, 5);
INSERT INTO Sets VALUES (419, 4, 7, 25);
INSERT INTO Sets VALUES (419, 5, 15, 5);
INSERT INTO Matches VALUES (420, 7, 148, 176, 3, 2);
INSERT INTO Sets VALUES (420, 1, 25, 0);
INSERT INTO Sets VALUES (420, 2, 17, 25);
INSERT INTO Sets VALUES (420, 3, 1, 25);
INSERT INTO Sets VALUES (420, 4, 25, 19);
INSERT INTO Sets VALUES (420, 5, 15, 3);
INSERT INTO Matches VALUES (421, 7, 163, 294, 2, 3);
INSERT INTO Sets VALUES (421, 1, 25, 16);
INSERT INTO Sets VALUES (421, 2, 11, 25);
INSERT INTO Sets VALUES (421, 3, 25, 15);
INSERT INTO Sets VALUES (421, 4, 10, 25);
INSERT INTO Sets VALUES (421, 5, 5, 15);
INSERT INTO Matches VALUES (422, 7, 294, 185, 3, 1);
INSERT INTO Sets VALUES (422, 1, 25, 4);
INSERT INTO Sets VALUES (422, 2, 25, 22);
INSERT INTO Sets VALUES (422, 3, 10, 25);
INSERT INTO Sets VALUES (422, 4, 25, 17);
INSERT INTO Matches VALUES (423, 7, 217, 185, 2, 3);
INSERT INTO Sets VALUES (423, 1, 10, 25);
INSERT INTO Sets VALUES (423, 2, 5, 25);
INSERT INTO Sets VALUES (423, 3, 25, 2);
INSERT INTO Sets VALUES (423, 4, 25, 18);
INSERT INTO Sets VALUES (423, 5, 1, 15);
INSERT INTO Matches VALUES (424, 7, 212, 190, 3, 0);
INSERT INTO Sets VALUES (424, 1, 25, 11);
INSERT INTO Sets VALUES (424, 2, 25, 18);
INSERT INTO Sets VALUES (424, 3, 25, 8);
INSERT INTO Matches VALUES (425, 7, 238, 229, 3, 0);
INSERT INTO Sets VALUES (425, 1, 25, 16);
INSERT INTO Sets VALUES (425, 2, 25, 20);
INSERT INTO Sets VALUES (425, 3, 25, 17);
INSERT INTO Matches VALUES (426, 7, 229, 325, 3, 1);
INSERT INTO Sets VALUES (426, 1, 25, 4);
INSERT INTO Sets VALUES (426, 2, 9, 25);
INSERT INTO Sets VALUES (426, 3, 25, 2);
INSERT INTO Sets VALUES (426, 4, 25, 19);
INSERT INTO Matches VALUES (427, 7, 565, 218, 3, 1);
INSERT INTO Sets VALUES (427, 1, 25, 19);
INSERT INTO Sets VALUES (427, 2, 21, 25);
INSERT INTO Sets VALUES (427, 3, 25, 17);
INSERT INTO Sets VALUES (427, 4, 25, 16);
INSERT INTO Matches VALUES (428, 7, 218, 318, 3, 0);
INSERT INTO Sets VALUES (428, 1, 25, 8);
INSERT INTO Sets VALUES (428, 2, 25, 1);
INSERT INTO Sets VALUES (428, 3, 25, 14);
INSERT INTO Matches VALUES (429, 7, 184, 148, 3, 1);
INSERT INTO Sets VALUES (429, 1, 25, 5);
INSERT INTO Sets VALUES (429, 2, 18, 25);
INSERT INTO Sets VALUES (429, 3, 25, 4);
INSERT INTO Sets VALUES (429, 4, 25, 6);
INSERT INTO Matches VALUES (430, 7, 322, 315, NULL, NULL);
INSERT INTO Matches VALUES (431, 7, 202, 167, 3, 0);
INSERT INTO Sets VALUES (431, 1, 25, 20);
INSERT INTO Sets VALUES (431, 2, 25, 2);
INSERT INTO Sets VALUES (431, 3, 25, 17);
INSERT INTO Matches VALUES (432, 7, 249, 318, 3, 2);
INSERT INTO Sets VALUES (432, 1, 25, 18);
INSERT INTO Sets VALUES (432, 2, 16, 25);
INSERT INTO Sets VALUES (432, 3, 3, 25);
INSERT INTO Sets VALUES (432, 4, 25, 11);
INSERT INTO Sets VALUES (432, 5, 15, 5);
INSERT INTO Matches VALUES (433, 7, 560, 176, 3, 0);
INSERT INTO Sets VALUES (433, 1, 25, 5);
INSERT INTO Sets VALUES (433, 2, 25, 20);
INSERT INTO Sets VALUES (433, 3, 25, 4);
INSERT INTO Matches VALUES (434, 7, 229, 213, 3, 1);
INSERT INTO Sets VALUES (434, 1, 25, 20);
INSERT INTO Sets VALUES (434, 2, 18, 25);
INSERT INTO Sets VALUES (434, 3, 25, 20);
INSERT INTO Sets VALUES (434, 4, 25, 20);
INSERT INTO Matches VALUES (435, 7, 238, 153, 2, 3);
INSERT INTO Sets VALUES (435, 1, 21, 25);
INSERT INTO Sets VALUES (435, 2, 16, 25);
INSERT INTO Sets VALUES (435, 3, 25, 17);
INSERT INTO Sets VALUES (435, 4, 25, 10);
INSERT INTO Sets VALUES (435, 5, 12, 15);
INSERT INTO Matches VALUES (436, 7, 294, 184, 3, 2);
INSERT INTO Sets VALUES (436, 1, 25, 11);
INSERT INTO Sets VALUES (436, 2, 4, 25);
INSERT INTO Sets VALUES (436, 3, 25, 16);
INSERT INTO Sets VALUES (436, 4, 12, 25);
INSERT INTO Sets VALUES (436, 5, 15, 5);
INSERT INTO Matches VALUES (437, 7, 167, 218, 1, 3);
INSERT INTO Sets VALUES (437, 1, 25, 7);
INSERT INTO Sets VALUES (437, 2, 0, 25);
INSERT INTO Sets VALUES (437, 3, 0, 25);
INSERT INTO Sets VALUES (437, 4, -1, 25);
INSERT INTO Matches VALUES (438, 7, 249, 217, 3, 2);
INSERT INTO Sets VALUES (438, 1, -2, 25);
INSERT INTO Sets VALUES (438, 2, 25, 16);
INSERT INTO Sets VALUES (438, 3, 25, 17);
INSERT INTO Sets VALUES (438, 4, 22, 25);
INSERT INTO Sets VALUES (438, 5, 15, 5);
INSERT INTO Matches VALUES (439, 7, 385, 232, 3, 2);
INSERT INTO Sets VALUES (439, 1, 25, 11);
INSERT INTO Sets VALUES (439, 2, 7, 25);
INSERT INTO Sets VALUES (439, 3, 0, 25);
INSERT INTO Sets VALUES (439, 4, 25, 13);
INSERT INTO Sets VALUES (439, 5, 15, 7);
INSERT INTO Matches VALUES (440, 7, 560, 406, 3, 2);
INSERT INTO Sets VALUES (440, 1, 25, 4);
INSERT INTO Sets VALUES (440, 2, 25, 1);
INSERT INTO Sets VALUES (440, 3, 20, 25);
INSERT INTO Sets VALUES (440, 4, 13, 25);
INSERT INTO Sets VALUES (440, 5, 15, 1);
INSERT INTO Matches VALUES (441, 7, 385, 176, 3, 0);
INSERT INTO Sets VALUES (441, 1, 25, 6);
INSERT INTO Sets VALUES (441, 2, 25, 18);
INSERT INTO Sets VALUES (441, 3, 25, 12);
INSERT INTO Matches VALUES (442, 7, 223, 212, 3, 0);
INSERT INTO Sets VALUES (442, 1, 25, 4);
INSERT INTO Sets VALUES (442, 2, 25, 16);
INSERT INTO Sets VALUES (442, 3, 25, 6);
INSERT INTO Matches VALUES (443, 7, 318, 315, 3, 1);
INSERT INTO Sets VALUES (443, 1, 25, 9);
INSERT INTO Sets VALUES (443, 2, 25, 14);
INSERT INTO Sets VALUES (443, 3, 14, 25);
INSERT INTO Sets VALUES (443, 4, 25, 12);
INSERT INTO Matches VALUES (444, 7, 153, 212, NULL, NULL);
INSERT INTO Matches VALUES (445, 7, 385, 223, 3, 2);
INSERT INTO Sets VALUES (445, 1, 16, 25);
INSERT INTO Sets VALUES (445, 2, 25, 21);
INSERT INTO Sets VALUES (445, 3, 21, 25);
INSERT INTO Sets VALUES (445, 4, 25, 14);
INSERT INTO Sets VALUES (445, 5, 15, 1);
INSERT INTO Matches VALUES (446, 7, 406, 212, 3, 0);
INSERT INTO Sets VALUES (446, 1, 25, 14);
INSERT INTO Sets VALUES (446, 2, 25, 2);
INSERT INTO Sets VALUES (446, 3, 25, 8);
INSERT INTO Matches VALUES (447, 7, 163, 167, 3, 0);
INSERT INTO Sets VALUES (447, 1, 25, 13);
INSERT INTO Sets VALUES (447, 2, 25, 10);
INSERT INTO Sets VALUES (447, 3, 25, 2);
INSERT INTO Matches VALUES (448, 7, 322, 318, NULL, NULL);
INSERT INTO Matches VALUES (449, 7, 163, 167, 3, 2);
INSERT INTO Sets VALUES (449, 1, 25, 13);
INSERT INTO Sets VALUES (449, 2, 1, 25);
INSERT INTO Sets VALUES (449, 3, 0, 25);
INSERT INTO Sets VALUES (449, 4, 25, 9);
INSERT INTO Sets VALUES (449, 5, 15, 2);
INSERT INTO Matches VALUES (450, 7, 218, 318, 3, 1);
INSERT INTO Sets VALUES (450, 1, 25, 17);
INSERT INTO Sets VALUES (450, 2, 8, 25);
INSERT INTO Sets VALUES (450, 3, 25, 10);
INSERT INTO Sets VALUES (450, 4, 25, 10);
INSERT INTO Matches VALUES (451, 7, 212, 238, 2, 3);
INSERT INTO Sets VALUES (451, 1, 6, 25);
INSERT INTO Sets VALUES (451, 2, 0, 25);
INSERT INTO Sets VALUES (451, 3, 25, 17);
INSERT INTO Sets VALUES (451, 4, 25, 12);
INSERT INTO Sets VALUES (451, 5, 5, 15);
INSERT INTO Matches VALUES (452, 7, 163, 229, 3, 2);
INSERT INTO Sets VALUES (452, 1, 25, 4);
INSERT INTO Sets VALUES (452, 2, 15, 25);
INSERT INTO Sets VALUES (452, 3, 10, 25);
INSERT INTO Sets VALUES (452, 4, 25, 10);
INSERT INTO Sets VALUES (452, 5, 15, 1);
INSERT INTO Matches VALUES (453, 7, 190, 223, 3, 0);
INSERT INTO Sets VALUES (453, 1, 25, 19);
INSERT INTO Sets VALUES (453, 2, 25, 2);
INSERT INTO Sets VALUES (453, 3, 25, 12);
INSERT INTO Matches VALUES (454, 7, 322, 148, 3, 1);
INSERT INTO Sets VALUES (454, 1, 14, 25);
INSERT INTO Sets VALUES (454, 2, 25, 0);
INSERT INTO Sets VALUES (454, 3, 25, 1);
INSERT INTO Sets VALUES (454, 4, 25, 13);
INSERT INTO Matches VALUES (455, 7, 406, 322, 1, 3);
INSERT INTO Sets VALUES (455, 1, 25, 7);
INSERT INTO Sets VALUES (455, 2, 1, 25);
INSERT INTO Sets VALUES (455, 3, 0, 25);
INSERT INTO Sets VALUES (455, 4, 0, 25);
INSERT INTO Matches VALUES (456, 7, 249, 217, 3, 0);
INSERT INTO Sets VALUES (456, 1, 25, 14);
INSERT INTO Sets VALUES (456, 2, 25, 6);
INSERT INTO Sets VALUES (456, 3, 25, 17);
INSERT INTO Matches VALUES (457, 7, 190, 294, NULL, NULL);
INSERT INTO Matches VALUES (458, 7, 229, 167, 3, 2);
INSERT INTO Sets VALUES (458, 1, 11, 25);
INSERT INTO Sets VALUES (458, 2, 25, 11);
INSERT INTO Sets VALUES (458, 3, 3, 25);
INSERT INTO Sets VALUES (458, 4, 25, 10);
INSERT INTO Sets VALUES (458, 5, 15, 5);
INSERT INTO Matches VALUES (459, 7, 229, 185, 3, 2);
INSERT INTO Sets VALUES (459, 1, 9, 25);
INSERT INTO Sets VALUES (459, 2, 25, 20);
INSERT INTO Sets VALUES (459, 3, 20, 25);
INSERT INTO Sets VALUES (459, 4, 25, 16);
INSERT INTO Sets VALUES (459, 5, 15, 10);
INSERT INTO Matches VALUES (460, 7, 325, 167, 3, 0);
INSERT INTO Sets VALUES (460, 1, 25, 13);
INSERT INTO Sets VALUES (460, 2, 25, 8);
INSERT INTO Sets VALUES (460, 3, 25, 3);
INSERT INTO Matches VALUES (461, 7, 212, 184, 1, 3);
INSERT INTO Sets VALUES (461, 1, 8, 25);
INSERT INTO Sets VALUES (461, 2, 5, 25);
INSERT INTO Sets VALUES (461, 3, 25, 14);
INSERT INTO Sets VALUES (461, 4, 1, 25);
INSERT INTO Matches VALUES (462, 7, 691, 223, 3, 0);
INSERT INTO Sets VALUES (462, 1, 25, 4);
INSERT INTO Sets VALUES (462, 2, 25, 3);
INSERT INTO Sets VALUES (462, 3, 25, 21);
INSERT INTO Matches VALUES (463, 7, 318, 681, 3, 2);
INSERT INTO Sets VALUES (463, 1, 25, 20);
INSERT INTO Sets VALUES (463, 2, 2, 25);
INSERT INTO Sets VALUES (463, 3, 25, 19);
INSERT INTO Sets VALUES (463, 4, 22, 25);
INSERT INTO Sets VALUES (463, 5, 15, 4);
INSERT INTO Matches VALUES (464, 7, 232, 322, 3, 0);
INSERT INTO Sets VALUES (464, 1, 25, 4);
INSERT INTO Sets VALUES (464, 2, 25, 19);
INSERT INTO Sets VALUES (464, 3, 25, 18);
INSERT INTO Matches VALUES (465, 7, 318, 452, 3, 1);
INSERT INTO Sets VALUES (465, 1, 25, 17);
INSERT INTO Sets VALUES (465, 2, 25, 0);
INSERT INTO Sets VALUES (465, 3, 0, 25);
INSERT INTO Sets VALUES (465, 4, 25, 21);
INSERT INTO Matches VALUES (466, 7, 218, 406, 2, 3);
INSERT INTO Sets VALUES (466, 1, 25, 2);
INSERT INTO Sets VALUES (466, 2, 14, 25);
INSERT INTO Sets VALUES (466, 3, 4, 25);
INSERT INTO Sets VALUES (466, 4, 25, 17);
INSERT INTO Sets VALUES (466, 5, 19, 15);
INSERT INTO Matches VALUES (467, 7, 293, 452, 3, 0);
INSERT INTO Sets VALUES (467, 1, 25, 9);
INSERT INTO Sets VALUES (467, 2, 25, 17);
INSERT INTO Sets VALUES (467, 3, 25, 2);
INSERT INTO Matches VALUES (468, 7, 229, 681, 1, 3);
INSERT INTO Sets VALUES (468, 1, 12, 25);
INSERT INTO Sets VALUES (468, 2, 3, 25);
INSERT INTO Sets VALUES (468, 3, 25, 17);
INSERT INTO Sets VALUES (468, 4, 19, 25);
INSERT INTO Matches VALUES (469, 7, 452, 163, 0, 3);
INSERT INTO Sets VALUES (469, 1, 14, 25);
INSERT INTO Sets VALUES (469, 2, 3, 25);
INSERT INTO Sets VALUES (469, 3, 0, 25);
INSERT INTO Matches VALUES (470, 7, 691, 232, 3, 1);
INSERT INTO Sets VALUES (470, 1, 25, 20);
INSERT INTO Sets VALUES (470, 2, 7, 25);
INSERT INTO Sets VALUES (470, 3, 25, 16);
INSERT INTO Sets VALUES (470, 4, 25, 9);
INSERT INTO Matches VALUES (471, 7, 318, 249, 3, 0);
INSERT INTO Sets VALUES (471, 1, 25, 3);
INSERT INTO Sets VALUES (471, 2, 25, 22);
INSERT INTO Sets VALUES (471, 3, 25, 14);
INSERT INTO Matches VALUES (472, 7, 163, 385, 3, 2);
INSERT INTO Sets VALUES (472, 1, 15, 25);
INSERT INTO Sets VALUES (472, 2, 25, 12);
INSERT INTO Sets VALUES (472, 3, 25, 5);
INSERT INTO Sets VALUES (472, 4, 16, 25);
INSERT INTO Sets VALUES (472, 5, 15, 5);
INSERT INTO Matches VALUES (473, 7, 229, 213, 3, 1);
INSERT INTO Sets VALUES (473, 1, 25, 8);
INSERT INTO Sets VALUES (473, 2, 18, 25);
INSERT INTO Sets VALUES (473, 3, 25, 0);
INSERT INTO Sets VALUES (473, 4, 25, 6);
INSERT INTO Matches VALUES (474, 7, 315, 565, 1, 3);
INSERT INTO Sets VALUES (474, 1, 0, 25);
INSERT INTO Sets VALUES (474, 2, -1, 25);
INSERT INTO Sets VALUES (474, 3, 25, 4);
INSERT INTO Sets VALUES (474, 4, 19, 25);
INSERT INTO Matches VALUES (475, 7, 249, 217, 3, 1);
INSERT INTO Sets VALUES (475, 1, 25, 6);
INSERT INTO Sets VALUES (475, 2, 7, 25);
INSERT INTO Sets VALUES (475, 3, 25, 6);
INSERT INTO Sets VALUES (475, 4, 25, 15);
INSERT INTO Matches VALUES (476, 7, 452, 185, 3, 0);
INSERT INTO Sets VALUES (476, 1, 25, 14);
INSERT INTO Sets VALUES (476, 2, 25, 21);
INSERT INTO Sets VALUES (476, 3, 25, 10);
INSERT INTO Matches VALUES (477, 7, 176, 202, 3, 0);
INSERT INTO Sets VALUES (477, 1, 25, 18);
INSERT INTO Sets VALUES (477, 2, 25, 3);
INSERT INTO Sets VALUES (477, 3, 25, 8);
INSERT INTO Matches VALUES (478, 7, 681, 385, NULL, NULL);
INSERT INTO Matches VALUES (479, 7, 565, 293, 3, 0);
INSERT INTO Sets VALUES (479, 1, 25, 1);
INSERT INTO Sets VALUES (479, 2, 25, 12);
INSERT INTO Sets VALUES (479, 3, 25, 15);
INSERT INTO Matches VALUES (480, 7, 385, 232, 3, 1);
INSERT INTO Sets VALUES (480, 1, 25, 4);
INSERT INTO Sets VALUES (480, 2, 9, 25);
INSERT INTO Sets VALUES (480, 3, 25, 22);
INSERT INTO Sets VALUES (480, 4, 25, 14);
INSERT INTO Matches VALUES (481, 7, 452, 202, 2, 3);
INSERT INTO Sets VALUES (481, 1, 14, 25);
INSERT INTO Sets VALUES (481, 2, 25, 12);
INSERT INTO Sets VALUES (481, 3, 25, 21);
INSERT INTO Sets VALUES (481, 4, 9, 25);
INSERT INTO Sets VALUES (481, 5, 0, 15);
INSERT INTO Matches VALUES (482, 7, 315, 406, 2, 3);
INSERT INTO Sets VALUES (482, 1, 0, 25);
INSERT INTO Sets VALUES (482, 2, 0, 25);
INSERT INTO Sets VALUES (482, 3, 25, 4);
INSERT INTO Sets VALUES (482, 4, 25, 10);
INSERT INTO Sets VALUES (482, 5, 1, 15);
INSERT INTO Matches VALUES (483, 7, 293, 163, 3, 0);
INSERT INTO Sets VALUES (483, 1, 25, 2);
INSERT INTO Sets VALUES (483, 2, 25, 6);
INSERT INTO Sets VALUES (483, 3, 25, 15);
INSERT INTO Matches VALUES (484, 7, 185, 202, 3, 0);
INSERT INTO Sets VALUES (484, 1, 25, 7);
INSERT INTO Sets VALUES (484, 2, 25, 12);
INSERT INTO Sets VALUES (484, 3, 25, 21);
INSERT INTO Matches VALUES (485, 7, 218, 318, 3, 1);
INSERT INTO Sets VALUES (485, 1, 25, 17);
INSERT INTO Sets VALUES (485, 2, 25, 1);
INSERT INTO Sets VALUES (485, 3, 8, 25);
INSERT INTO Sets VALUES (485, 4, 25, 5);
INSERT INTO Matches VALUES (486, 7, 148, 565, 3, 1);
INSERT INTO Sets VALUES (486, 1, 25, 5);
INSERT INTO Sets VALUES (486, 2, 25, 0);
INSERT INTO Sets VALUES (486, 3, 19, 25);
INSERT INTO Sets VALUES (486, 4, 25, 9);
INSERT INTO Matches VALUES (487, 7, 406, 318, 3, 0);
INSERT INTO Sets VALUES (487, 1, 25, 4);
INSERT INTO Sets VALUES (487, 2, 25, 5);
INSERT INTO Sets VALUES (487, 3, 25, 0);
INSERT INTO Matches VALUES (488, 7, 202, 318, NULL, NULL);
INSERT INTO Matches VALUES (489, 7, 190, 229, 3, 0);
INSERT INTO Sets VALUES (489, 1, 25, 1);
INSERT INTO Sets VALUES (489, 2, 25, 15);
INSERT INTO Sets VALUES (489, 3, 25, 8);
INSERT INTO Matches VALUES (490, 7, 163, 406, 3, 2);
INSERT INTO Sets VALUES (490, 1, 25, 3);
INSERT INTO Sets VALUES (490, 2, 25, 18);
INSERT INTO Sets VALUES (490, 3, 21, 25);
INSERT INTO Sets VALUES (490, 4, 8, 25);
INSERT INTO Sets VALUES (490, 5, 15, 5);
INSERT INTO Matches VALUES (491, 7, 223, 218, 2, 3);
INSERT INTO Sets VALUES (491, 1, 1, 25);
INSERT INTO Sets VALUES (491, 2, 25, 22);
INSERT INTO Sets VALUES (491, 3, 7, 25);
INSERT INTO Sets VALUES (491, 4, 25, 11);
INSERT INTO Sets VALUES (491, 5, 22, 15);
INSERT INTO Matches VALUES (492, 7, 325, 185, 3, 0);
INSERT INTO Sets VALUES (492, 1, 25, 12);
INSERT INTO Sets VALUES (492, 2, 25, 0);
INSERT INTO Sets VALUES (492, 3, 25, 8);
INSERT INTO Matches VALUES (493, 7, 325, 315, 3, 2);
INSERT INTO Sets VALUES (493, 1, 21, 25);
INSERT INTO Sets VALUES (493, 2, 15, 25);
INSERT INTO Sets VALUES (493, 3, 25, 2);
INSERT INTO Sets VALUES (493, 4, 25, 15);
INSERT INTO Sets VALUES (493, 5, 15, 5);
INSERT INTO Matches VALUES (494, 7, 217, 293, 3, 1);
INSERT INTO Sets VALUES (494, 1, 7, 25);
INSERT INTO Sets VALUES (494, 2, 25, 5);
INSERT INTO Sets VALUES (494, 3, 25, 12);
INSERT INTO Sets VALUES (494, 4, 25, 17);
INSERT INTO Matches VALUES (495, 7, 223, 681, 3, 1);
INSERT INTO Sets VALUES (495, 1, 25, 8);
INSERT INTO Sets VALUES (495, 2, 17, 25);
INSERT INTO Sets VALUES (495, 3, 25, 14);
INSERT INTO Sets VALUES (495, 4, 25, 11);
INSERT INTO Matches VALUES (496, 7, 223, 452, 3, 1);
INSERT INTO Sets VALUES (496, 1, 25, 21);
INSERT INTO Sets VALUES (496, 2, 18, 25);
INSERT INTO Sets VALUES (496, 3, 25, 22);
INSERT INTO Sets VALUES (496, 4, 25, 1);
INSERT INTO Matches VALUES (497, 7, 190, 452, 3, 1);
INSERT INTO Sets VALUES (497, 1, 25, 2);
INSERT INTO Sets VALUES (497, 2, 25, 18);
INSERT INTO Sets VALUES (497, 3, 17, 25);
INSERT INTO Sets VALUES (497, 4, 25, 10);
INSERT INTO Matches VALUES (498, 7, 167, 249, 3, 0);
INSERT INTO Sets VALUES (498, 1, 25, 21);
INSERT INTO Sets VALUES (498, 2, 25, 11);
INSERT INTO Sets VALUES (498, 3, 25, 6);
INSERT INTO Matches VALUES (499, 7, 213, 223, 3, 0);
INSERT INTO Sets VALUES (499, 1, 25, 6);
INSERT INTO Sets VALUES (499, 2, 25, 18);
INSERT INTO Sets VALUES (499, 3, 25, 6);
INSERT INTO Matches VALUES (500, 7, 223, 213, 3, 1);
INSERT INTO Sets VALUES (500, 1, 25, 4);
INSERT INTO Sets VALUES (500, 2, 22, 25);
INSERT INTO Sets VALUES (500, 3, 25, 11);
INSERT INTO Sets VALUES (500, 4, 25, 13);
INSERT INTO Matches VALUES (501, 7, 153, 406, 3, 0);
INSERT INTO Sets VALUES (501, 1, 25, 7);
INSERT INTO Sets VALUES (501, 2, 25, 2);
INSERT INTO Sets VALUES (501, 3, 25, 3);
INSERT INTO Matches VALUES (502, 7, 385, 238, 2, 3);
INSERT INTO Sets VALUES (502, 1, 1, 25);
INSERT INTO Sets VALUES (502, 2, 0, 25);
INSERT INTO Sets VALUES (502, 3, 25, 13);
INSERT INTO Sets VALUES (502, 4, 25, 9);
INSERT INTO Sets VALUES (502, 5, 5, 15);
INSERT INTO Matches VALUES (503, 7, 691, 406, 3, 1);
INSERT INTO Sets VALUES (503, 1, 25, 10);
INSERT INTO Sets VALUES (503, 2, 25, 10);
INSERT INTO Sets VALUES (503, 3, 19, 25);
INSERT INTO Sets VALUES (503, 4, 25, 5);
INSERT INTO Matches VALUES (504, 7, 202, 218, 3, 2);
INSERT INTO Sets VALUES (504, 1, 3, 25);
INSERT INTO Sets VALUES (504, 2, 25, 7);
INSERT INTO Sets VALUES (504, 3, 12, 25);
INSERT INTO Sets VALUES (504, 4, 25, 13);
INSERT INTO Sets VALUES (504, 5, 15, 0);
INSERT INTO Matches VALUES (505, 7, 218, 681, 0, 3);
INSERT INTO Sets VALUES (505, 1, 9, 25);
INSERT INTO Sets VALUES (505, 2, 6, 25);
INSERT INTO Sets VALUES (505, 3, 0, 25);
INSERT INTO Matches VALUES (506, 7, 185, 385, 3, 1);
INSERT INTO Sets VALUES (506, 1, 25, 18);
INSERT INTO Sets VALUES (506, 2, 19, 25);
INSERT INTO Sets VALUES (506, 3, 25, 18);
INSERT INTO Sets VALUES (506, 4, 25, 6);
INSERT INTO Matches VALUES (507, 7, 232, 167, 3, 0);
INSERT INTO Sets VALUES (507, 1, 25, 10);
INSERT INTO Sets VALUES (507, 2, 25, 3);
INSERT INTO Sets VALUES (507, 3, 25, 19);
INSERT INTO Matches VALUES (508, 7, 560, 385, 3, 1);
INSERT INTO Sets VALUES (508, 1, 9, 25);
INSERT INTO Sets VALUES (508, 2, 25, 3);
INSERT INTO Sets VALUES (508, 3, 25, 10);
INSERT INTO Sets VALUES (508, 4, 25, 1);
INSERT INTO Matches VALUES (509, 7, 167, 184, 3, 0);
INSERT INTO Sets VALUES (509, 1, 25, 17);
INSERT INTO Sets VALUES (509, 2, 25, 20);
INSERT INTO Sets VALUES (509, 3, 25, 17);
INSERT INTO Matches VALUES (510, 7, 315, 293, 0, 3);
INSERT INTO Sets VALUES (510, 1, 8, 25);
INSERT INTO Sets VALUES (510, 2, 3, 25);
INSERT INTO Sets VALUES (510, 3, 0, 25);
INSERT INTO Matches VALUES (511, 7, 176, 202, 1, 3);
INSERT INTO Sets VALUES (511, 1, 25, 9);
INSERT INTO Sets VALUES (511, 2, 5, 25);
INSERT INTO Sets VALUES (511, 3, 1, 25);
INSERT INTO Sets VALUES (511, 4, 0, 25);
INSERT INTO Matches VALUES (512, 7, 322, 167, 2, 3);
INSERT INTO Sets VALUES (512, 1, 0, 25);
INSERT INTO Sets VALUES (512, 2, 25, 12);
INSERT INTO Sets VALUES (512, 3, 25, 3);
INSERT INTO Sets VALUES (512, 4, 10, 25);
INSERT INTO Sets VALUES (512, 5, 0, 15);
INSERT INTO Matches VALUES (513, 7, 229, 691, 3, 0);
INSERT INTO Sets VALUES (513, 1, 25, 7);
INSERT INTO Sets VALUES (513, 2, 25, 15);
INSERT INTO Sets VALUES (513, 3, 25, 12);
INSERT INTO Matches VALUES (514, 7, 325, 229, 1, 3);
INSERT INTO Sets VALUES (514, 1, 0, 25);
INSERT INTO Sets VALUES (514, 2, 25, 7);
INSERT INTO Sets VALUES (514, 3, 21, 25);
INSERT INTO Sets VALUES (514, 4, 10, 25);
INSERT INTO Matches VALUES (515, 7, 325, 565, 3, 0);
INSERT INTO Sets VALUES (515, 1, 25, 8);
INSERT INTO Sets VALUES (515, 2, 25, 21);
INSERT INTO Sets VALUES (515, 3, 25, 8);
INSERT INTO Matches VALUES (516, 7, 153, 565, 3, 0);
INSERT INTO Sets VALUES (516, 1, 25, 15);
INSERT INTO Sets VALUES (516, 2, 25, 3);
INSERT INTO Sets VALUES (516, 3, 25, 4);
INSERT INTO Matches VALUES (517, 7, 238, 148, 3, 2);
INSERT INTO Sets VALUES (517, 1, 18, 25);
INSERT INTO Sets VALUES (517, 2, 2, 25);
INSERT INTO Sets VALUES (517, 3, 25, 12);
INSERT INTO Sets VALUES (517, 4, 25, 3);
INSERT INTO Sets VALUES (517, 5, 15, 7);
INSERT INTO Matches VALUES (518, 7, 202, 213, NULL, NULL);
INSERT INTO Matches VALUES (519, 7, 223, 452, NULL, NULL);
INSERT INTO Matches VALUES (520, 7, 681, 229, NULL, NULL);
INSERT INTO Matches VALUES (521, 8, 261, 242, 3, 1);
INSERT INTO Sets VALUES (521, 1, 5, 25);
INSERT INTO Sets VALUES (521, 2, 25, 13);
INSERT INTO Sets VALUES (521, 3, 25, 21);
INSERT INTO Sets VALUES (521, 4, 25, 18);
INSERT INTO Matches VALUES (522, 8, 149, 520, 3, 1);
INSERT INTO Sets VALUES (522, 1, 0, 25);
INSERT INTO Sets VALUES (522, 2, 25, 3);
INSERT INTO Sets VALUES (522, 3, 25, 19);
INSERT INTO Sets VALUES (522, 4, 25, 0);
INSERT INTO Matches VALUES (523, 8, 193, 205, 3, 1);
INSERT INTO Sets VALUES (523, 1, 25, 6);
INSERT INTO Sets VALUES (523, 2, 17, 25);
INSERT INTO Sets VALUES (523, 3, 25, 2);
INSERT INTO Sets VALUES (523, 4, 25, 13);
INSERT INTO Matches VALUES (524, 8, 165, 318, 3, 1);
INSERT INTO Sets VALUES (524, 1, 16, 25);
INSERT INTO Sets VALUES (524, 2, 25, 19);
INSERT INTO Sets VALUES (524, 3, 25, 13);
INSERT INTO Sets VALUES (524, 4, 25, 10);
INSERT INTO Matches VALUES (525, 8, 205, 156, 3, 0);
INSERT INTO Sets VALUES (525, 1, 25, 9);
INSERT INTO Sets VALUES (525, 2, 25, 7);
INSERT INTO Sets VALUES (525, 3, 25, 16);
INSERT INTO Matches VALUES (526, 8, 582, 318, 3, 0);
INSERT INTO Sets VALUES (526, 1, 25, 20);
INSERT INTO Sets VALUES (526, 2, 25, 7);
INSERT INTO Sets VALUES (526, 3, 25, 6);
INSERT INTO Matches VALUES (527, 8, 156, 251, NULL, NULL);
INSERT INTO Matches VALUES (528, 8, 429, 552, 3, 0);
INSERT INTO Sets VALUES (528, 1, 25, 20);
INSERT INTO Sets VALUES (528, 2, 25, 7);
INSERT INTO Sets VALUES (528, 3, 25, 5);
INSERT INTO Matches VALUES (529, 8, 312, 205, 3, 2);
INSERT INTO Sets VALUES (529, 1, 25, 7);
INSERT INTO Sets VALUES (529, 2, 18, 25);
INSERT INTO Sets VALUES (529, 3, 13, 25);
INSERT INTO Sets VALUES (529, 4, 25, 19);
INSERT INTO Sets VALUES (529, 5, 15, 7);
INSERT INTO Matches VALUES (530, 8, 520, 216, 3, 0);
INSERT INTO Sets VALUES (530, 1, 25, 3);
INSERT INTO Sets VALUES (530, 2, 25, 15);
INSERT INTO Sets VALUES (530, 3, 25, 4);
INSERT INTO Matches VALUES (531, 8, 521, 165, 3, 0);
INSERT INTO Sets VALUES (531, 1, 25, 19);
INSERT INTO Sets VALUES (531, 2, 25, 0);
INSERT INTO Sets VALUES (531, 3, 25, 20);
INSERT INTO Matches VALUES (532, 8, 645, 242, 3, 2);
INSERT INTO Sets VALUES (532, 1, 25, 2);
INSERT INTO Sets VALUES (532, 2, 10, 25);
INSERT INTO Sets VALUES (532, 3, 25, 3);
INSERT INTO Sets VALUES (532, 4, 7, 25);
INSERT INTO Sets VALUES (532, 5, 15, 0);
INSERT INTO Matches VALUES (533, 8, 394, 251, 3, 1);
INSERT INTO Sets VALUES (533, 1, 25, 2);
INSERT INTO Sets VALUES (533, 2, 25, 1);
INSERT INTO Sets VALUES (533, 3, 15, 25);
INSERT INTO Sets VALUES (533, 4, 25, 2);
INSERT INTO Matches VALUES (534, 8, 225, 216, NULL, NULL);
INSERT INTO Matches VALUES (535, 8, 244, 251, 3, 1);
INSERT INTO Sets VALUES (535, 1, 25, 0);
INSERT INTO Sets VALUES (535, 2, 9, 25);
INSERT INTO Sets VALUES (535, 3, 25, 10);
INSERT INTO Sets VALUES (535, 4, 25, 18);
INSERT INTO Matches VALUES (536, 8, 224, 183, 3, 1);
INSERT INTO Sets VALUES (536, 1, 16, 25);
INSERT INTO Sets VALUES (536, 2, 25, 17);
INSERT INTO Sets VALUES (536, 3, 25, 13);
INSERT INTO Sets VALUES (536, 4, 25, 15);
INSERT INTO Matches VALUES (537, 8, 156, 250, 3, 1);
INSERT INTO Sets VALUES (537, 1, 25, 2);
INSERT INTO Sets VALUES (537, 2, 25, 20);
INSERT INTO Sets VALUES (537, 3, 7, 25);
INSERT INTO Sets VALUES (537, 4, 25, 15);
INSERT INTO Matches VALUES (538, 8, 645, 520, NULL, NULL);
INSERT INTO Matches VALUES (539, 8, 341, 235, 3, 0);
INSERT INTO Sets VALUES (539, 1, 25, 12);
INSERT INTO Sets VALUES (539, 2, 25, 12);
INSERT INTO Sets VALUES (539, 3, 25, 4);
INSERT INTO Matches VALUES (540, 8, 187, 341, 1, 3);
INSERT INTO Sets VALUES (540, 1, 25, 5);
INSERT INTO Sets VALUES (540, 2, 17, 25);
INSERT INTO Sets VALUES (540, 3, 11, 25);
INSERT INTO Sets VALUES (540, 4, 3, 25);
INSERT INTO Matches VALUES (541, 8, 318, 312, 3, 0);
INSERT INTO Sets VALUES (541, 1, 25, 6);
INSERT INTO Sets VALUES (541, 2, 25, 10);
INSERT INTO Sets VALUES (541, 3, 25, 11);
INSERT INTO Matches VALUES (542, 8, 187, 192, 3, 2);
INSERT INTO Sets VALUES (542, 1, 15, 25);
INSERT INTO Sets VALUES (542, 2, 25, 11);
INSERT INTO Sets VALUES (542, 3, 22, 25);
INSERT INTO Sets VALUES (542, 4, 25, 10);
INSERT INTO Sets VALUES (542, 5, 15, 0);
INSERT INTO Matches VALUES (543, 8, 552, 171, 3, 2);
INSERT INTO Sets VALUES (543, 1, 7, 25);
INSERT INTO Sets VALUES (543, 2, 25, 14);
INSERT INTO Sets VALUES (543, 3, 7, 25);
INSERT INTO Sets VALUES (543, 4, 25, 8);
INSERT INTO Sets VALUES (543, 5, 15, 12);
INSERT INTO Matches VALUES (544, 8, 224, 552, 3, 0);
INSERT INTO Sets VALUES (544, 1, 25, 17);
INSERT INTO Sets VALUES (544, 2, 25, 6);
INSERT INTO Sets VALUES (544, 3, 25, 16);
INSERT INTO Matches VALUES (545, 8, 341, 194, 3, 0);
INSERT INTO Sets VALUES (545, 1, 25, 11);
INSERT INTO Sets VALUES (545, 2, 25, 4);
INSERT INTO Sets VALUES (545, 3, 25, 21);
INSERT INTO Matches VALUES (546, 8, 194, 582, 3, 0);
INSERT INTO Sets VALUES (546, 1, 25, 1);
INSERT INTO Sets VALUES (546, 2, 25, 1);
INSERT INTO Sets VALUES (546, 3, 25, 21);
INSERT INTO Matches VALUES (547, 8, 394, 521, 2, 3);
INSERT INTO Sets VALUES (547, 1, 21, 25);
INSERT INTO Sets VALUES (547, 2, 25, 13);
INSERT INTO Sets VALUES (547, 3, 25, 5);
INSERT INTO Sets VALUES (547, 4, 8, 25);
INSERT INTO Sets VALUES (547, 5, 2, 15);
INSERT INTO Matches VALUES (548, 8, 521, 224, 3, 2);
INSERT INTO Sets VALUES (548, 1, 25, 3);
INSERT INTO Sets VALUES (548, 2, 5, 25);
INSERT INTO Sets VALUES (548, 3, 25, 20);
INSERT INTO Sets VALUES (548, 4, 21, 25);
INSERT INTO Sets VALUES (548, 5, 15, 4);
INSERT INTO Matches VALUES (549, 9, 275, 281, 3, 0);
INSERT INTO Sets VALUES (549, 1, 25, 11);
INSERT INTO Sets VALUES (549, 2, 25, 21);
INSERT INTO Sets VALUES (549, 3, 25, 8);
INSERT INTO Matches VALUES (550, 9, 253, 634, 3, 0);
INSERT INTO Sets VALUES (550, 1, 25, 12);
INSERT INTO Sets VALUES (550, 2, 25, 17);
INSERT INTO Sets VALUES (550, 3, 25, 13);
INSERT INTO Matches VALUES (551, 9, 328, 634, 3, 1);
INSERT INTO Sets VALUES (551, 1, 10, 25);
INSERT INTO Sets VALUES (551, 2, 25, 16);
INSERT INTO Sets VALUES (551, 3, 25, 22);
INSERT INTO Sets VALUES (551, 4, 25, 9);
INSERT INTO Matches VALUES (552, 9, 351, 595, 3, 1);
INSERT INTO Sets VALUES (552, 1, 7, 25);
INSERT INTO Sets VALUES (552, 2, 25, 7);
INSERT INTO Sets VALUES (552, 3, 25, 19);
INSERT INTO Sets VALUES (552, 4, 25, 15);
INSERT INTO Matches VALUES (553, 9, 306, 275, 1, 3);
INSERT INTO Sets VALUES (553, 1, 19, 25);
INSERT INTO Sets VALUES (553, 2, 11, 25);
INSERT INTO Sets VALUES (553, 3, 25, 15);
INSERT INTO Sets VALUES (553, 4, 18, 25);
INSERT INTO Matches VALUES (554, 9, 327, 253, 3, 1);
INSERT INTO Sets VALUES (554, 1, 12, 25);
INSERT INTO Sets VALUES (554, 2, 25, 9);
INSERT INTO Sets VALUES (554, 3, 25, 20);
INSERT INTO Sets VALUES (554, 4, 25, 15);
INSERT INTO Matches VALUES (555, 9, 342, 275, 3, 0);
INSERT INTO Sets VALUES (555, 1, 25, 6);
INSERT INTO Sets VALUES (555, 2, 25, 18);
INSERT INTO Sets VALUES (555, 3, 25, 19);
INSERT INTO Matches VALUES (556, 9, 684, 313, 3, 2);
INSERT INTO Sets VALUES (556, 1, 25, 19);
INSERT INTO Sets VALUES (556, 2, 21, 25);
INSERT INTO Sets VALUES (556, 3, 25, 19);
INSERT INTO Sets VALUES (556, 4, 0, 25);
INSERT INTO Sets VALUES (556, 5, 15, 8);
INSERT INTO Matches VALUES (557, 9, 296, 684, 3, 2);
INSERT INTO Sets VALUES (557, 1, 25, 1);
INSERT INTO Sets VALUES (557, 2, 10, 25);
INSERT INTO Sets VALUES (557, 3, 25, 9);
INSERT INTO Sets VALUES (557, 4, 9, 25);
INSERT INTO Sets VALUES (557, 5, 15, 0);
INSERT INTO Matches VALUES (558, 9, 313, 284, 3, 2);
INSERT INTO Sets VALUES (558, 1, 2, 25);
INSERT INTO Sets VALUES (558, 2, 25, 4);
INSERT INTO Sets VALUES (558, 3, 25, 2);
INSERT INTO Sets VALUES (558, 4, 2, 25);
INSERT INTO Sets VALUES (558, 5, 15, 12);
INSERT INTO Matches VALUES (559, 9, 284, 432, NULL, NULL);
INSERT INTO Matches VALUES (560, 9, 306, 281, 3, 0);
INSERT INTO Sets VALUES (560, 1, 25, 11);
INSERT INTO Sets VALUES (560, 2, 25, 14);
INSERT INTO Sets VALUES (560, 3, 25, 17);
INSERT INTO Matches VALUES (561, 9, 336, 404, 3, 0);
INSERT INTO Sets VALUES (561, 1, 25, 14);
INSERT INTO Sets VALUES (561, 2, 25, 1);
INSERT INTO Sets VALUES (561, 3, 25, 18);
INSERT INTO Matches VALUES (562, 9, 327, 684, 3, 2);
INSERT INTO Sets VALUES (562, 1, 25, 21);
INSERT INTO Sets VALUES (562, 2, 18, 25);
INSERT INTO Sets VALUES (562, 3, 13, 25);
INSERT INTO Sets VALUES (562, 4, 25, 19);
INSERT INTO Sets VALUES (562, 5, 15, 8);
INSERT INTO Matches VALUES (563, 9, 296, 432, NULL, NULL);
INSERT INTO Matches VALUES (564, 9, 281, 268, NULL, NULL);
INSERT INTO Matches VALUES (565, 9, 290, 351, 3, 1);
INSERT INTO Sets VALUES (565, 1, 25, 14);
INSERT INTO Sets VALUES (565, 2, 25, 17);
INSERT INTO Sets VALUES (565, 3, 3, 25);
INSERT INTO Sets VALUES (565, 4, 25, 1);
INSERT INTO Matches VALUES (566, 9, 290, 684, 2, 3);
INSERT INTO Sets VALUES (566, 1, 19, 25);
INSERT INTO Sets VALUES (566, 2, 25, 21);
INSERT INTO Sets VALUES (566, 3, 13, 25);
INSERT INTO Sets VALUES (566, 4, 25, 18);
INSERT INTO Sets VALUES (566, 5, 15, 15);
INSERT INTO Matches VALUES (567, 9, 313, 290, 3, 0);
INSERT INTO Sets VALUES (567, 1, 25, 16);
INSERT INTO Sets VALUES (567, 2, 25, 22);
INSERT INTO Sets VALUES (567, 3, 25, 20);
INSERT INTO Matches VALUES (568, 9, 634, 290, 3, 0);
INSERT INTO Sets VALUES (568, 1, 25, 2);
INSERT INTO Sets VALUES (568, 2, 25, 19);
INSERT INTO Sets VALUES (568, 3, 25, 10);
INSERT INTO Matches VALUES (569, 9, 306, 319, NULL, NULL);
INSERT INTO Matches VALUES (570, 9, 284, 298, 3, 1);
INSERT INTO Sets VALUES (570, 1, 25, 16);
INSERT INTO Sets VALUES (570, 2, 21, 25);
INSERT INTO Sets VALUES (570, 3, 25, 6);
INSERT INTO Sets VALUES (570, 4, 25, 13);
INSERT INTO Matches VALUES (571, 9, 306, 328, 3, 2);
INSERT INTO Sets VALUES (571, 1, 25, 19);
INSERT INTO Sets VALUES (571, 2, 13, 25);
INSERT INTO Sets VALUES (571, 3, 25, 18);
INSERT INTO Sets VALUES (571, 4, 22, 25);
INSERT INTO Sets VALUES (571, 5, 15, 2);
INSERT INTO Matches VALUES (572, 9, 327, 398, 2, 3);
INSERT INTO Sets VALUES (572, 1, 25, 22);
INSERT INTO Sets VALUES (572, 2, 25, 3);
INSERT INTO Sets VALUES (572, 3, 7, 25);
INSERT INTO Sets VALUES (572, 4, 4, 25);
INSERT INTO Sets VALUES (572, 5, 0, 15);
INSERT INTO Matches VALUES (573, 9, 404, 313, 3, 0);
INSERT INTO Sets VALUES (573, 1, 25, 5);
INSERT INTO Sets VALUES (573, 2, 25, 2);
INSERT INTO Sets VALUES (573, 3, 25, 18);
INSERT INTO Matches VALUES (574, 9, 253, 351, 2, 3);
INSERT INTO Sets VALUES (574, 1, 25, 18);
INSERT INTO Sets VALUES (574, 2, 25, 18);
INSERT INTO Sets VALUES (574, 3, 5, 25);
INSERT INTO Sets VALUES (574, 4, 0, 25);
INSERT INTO Sets VALUES (574, 5, -1, 15);
INSERT INTO Matches VALUES (575, 9, 351, 349, 1, 3);
INSERT INTO Sets VALUES (575, 1, 25, 14);
INSERT INTO Sets VALUES (575, 2, 12, 25);
INSERT INTO Sets VALUES (575, 3, 2, 25);
INSERT INTO Sets VALUES (575, 4, 0, 25);
INSERT INTO Matches VALUES (576, 9, 469, 306, 3, 1);
INSERT INTO Sets VALUES (576, 1, -1, 25);
INSERT INTO Sets VALUES (576, 2, 25, 8);
INSERT INTO Sets VALUES (576, 3, 25, 14);
INSERT INTO Sets VALUES (576, 4, 25, 20);
INSERT INTO Matches VALUES (577, 9, 296, 327, 3, 2);
INSERT INTO Sets VALUES (577, 1, 25, 13);
INSERT INTO Sets VALUES (577, 2, 19, 25);
INSERT INTO Sets VALUES (577, 3, 12, 25);
INSERT INTO Sets VALUES (577, 4, 25, 19);
INSERT INTO Sets VALUES (577, 5, 15, 0);
INSERT INTO Matches VALUES (578, 9, 342, 313, 3, 2);
INSERT INTO Sets VALUES (578, 1, 25, 9);
INSERT INTO Sets VALUES (578, 2, 25, 14);
INSERT INTO Sets VALUES (578, 3, 10, 25);
INSERT INTO Sets VALUES (578, 4, 6, 25);
INSERT INTO Sets VALUES (578, 5, 15, 7);
INSERT INTO Matches VALUES (579, 9, 281, 328, 3, 0);
INSERT INTO Sets VALUES (579, 1, 25, 21);
INSERT INTO Sets VALUES (579, 2, 25, 1);
INSERT INTO Sets VALUES (579, 3, 25, 12);
INSERT INTO Matches VALUES (580, 9, 275, 595, 3, 2);
INSERT INTO Sets VALUES (580, 1, 0, 25);
INSERT INTO Sets VALUES (580, 2, 25, 1);
INSERT INTO Sets VALUES (580, 3, 3, 25);
INSERT INTO Sets VALUES (580, 4, 25, 9);
INSERT INTO Sets VALUES (580, 5, 15, 6);
INSERT INTO Matches VALUES (581, 9, 469, 284, 3, 0);
INSERT INTO Sets VALUES (581, 1, 25, 21);
INSERT INTO Sets VALUES (581, 2, 25, 15);
INSERT INTO Sets VALUES (581, 3, 25, 19);
INSERT INTO Matches VALUES (582, 9, 253, 284, 3, 2);
INSERT INTO Sets VALUES (582, 1, 25, 17);
INSERT INTO Sets VALUES (582, 2, 15, 25);
INSERT INTO Sets VALUES (582, 3, 25, 12);
INSERT INTO Sets VALUES (582, 4, 9, 25);
INSERT INTO Sets VALUES (582, 5, 15, 8);
INSERT INTO Matches VALUES (583, 9, 328, 336, 3, 1);
INSERT INTO Sets VALUES (583, 1, 11, 25);
INSERT INTO Sets VALUES (583, 2, 25, 1);
INSERT INTO Sets VALUES (583, 3, 25, 19);
INSERT INTO Sets VALUES (583, 4, 25, 18);
INSERT INTO Matches VALUES (584, 9, 253, 304, 3, 0);
INSERT INTO Sets VALUES (584, 1, 25, 10);
INSERT INTO Sets VALUES (584, 2, 25, 3);
INSERT INTO Sets VALUES (584, 3, 25, 8);
INSERT INTO Matches VALUES (585, 9, 397, 290, 3, 0);
INSERT INTO Sets VALUES (585, 1, 25, 8);
INSERT INTO Sets VALUES (585, 2, 25, 20);
INSERT INTO Sets VALUES (585, 3, 25, 9);
INSERT INTO Matches VALUES (586, 9, 398, 349, 3, 0);
INSERT INTO Sets VALUES (586, 1, 25, 10);
INSERT INTO Sets VALUES (586, 2, 25, 13);
INSERT INTO Sets VALUES (586, 3, 25, 22);
INSERT INTO Matches VALUES (587, 9, 284, 275, 3, 2);
INSERT INTO Sets VALUES (587, 1, 6, 25);
INSERT INTO Sets VALUES (587, 2, 1, 25);
INSERT INTO Sets VALUES (587, 3, 25, 10);
INSERT INTO Sets VALUES (587, 4, 25, 11);
INSERT INTO Sets VALUES (587, 5, 15, 11);
INSERT INTO Matches VALUES (588, 9, 351, 397, NULL, NULL);
INSERT INTO Matches VALUES (589, 9, 306, 328, 3, 0);
INSERT INTO Sets VALUES (589, 1, 25, 9);
INSERT INTO Sets VALUES (589, 2, 25, 16);
INSERT INTO Sets VALUES (589, 3, 25, 13);
INSERT INTO Matches VALUES (590, 9, 404, 432, 3, 2);
INSERT INTO Sets VALUES (590, 1, 25, 11);
INSERT INTO Sets VALUES (590, 2, 25, 14);
INSERT INTO Sets VALUES (590, 3, 10, 25);
INSERT INTO Sets VALUES (590, 4, 1, 25);
INSERT INTO Sets VALUES (590, 5, 15, 9);
INSERT INTO Matches VALUES (591, 9, 313, 595, 3, 0);
INSERT INTO Sets VALUES (591, 1, 25, 8);
INSERT INTO Sets VALUES (591, 2, 25, 8);
INSERT INTO Sets VALUES (591, 3, 25, 16);
INSERT INTO Matches VALUES (592, 9, 389, 404, 3, 0);
INSERT INTO Sets VALUES (592, 1, 25, 18);
INSERT INTO Sets VALUES (592, 2, 25, 11);
INSERT INTO Sets VALUES (592, 3, 25, 14);
INSERT INTO Matches VALUES (593, 9, 253, 349, 1, 3);
INSERT INTO Sets VALUES (593, 1, 0, 25);
INSERT INTO Sets VALUES (593, 2, 0, 25);
INSERT INTO Sets VALUES (593, 3, 25, 11);
INSERT INTO Sets VALUES (593, 4, 6, 25);
INSERT INTO Matches VALUES (594, 9, 304, 306, 3, 0);
INSERT INTO Sets VALUES (594, 1, 25, 12);
INSERT INTO Sets VALUES (594, 2, 25, 0);
INSERT INTO Sets VALUES (594, 3, 25, 3);
INSERT INTO Matches VALUES (595, 9, 389, 351, 3, 0);
INSERT INTO Sets VALUES (595, 1, 25, 8);
INSERT INTO Sets VALUES (595, 2, 25, 21);
INSERT INTO Sets VALUES (595, 3, 25, 3);
INSERT INTO Matches VALUES (596, 9, 469, 389, 3, 1);
INSERT INTO Sets VALUES (596, 1, 25, 18);
INSERT INTO Sets VALUES (596, 2, 19, 25);
INSERT INTO Sets VALUES (596, 3, 25, 12);
INSERT INTO Sets VALUES (596, 4, 25, 13);
INSERT INTO Matches VALUES (597, 9, 595, 275, 3, 2);
INSERT INTO Sets VALUES (597, 1, 25, 15);
INSERT INTO Sets VALUES (597, 2, 25, 17);
INSERT INTO Sets VALUES (597, 3, 15, 25);
INSERT INTO Sets VALUES (597, 4, 5, 25);
INSERT INTO Sets VALUES (597, 5, 15, 8);
INSERT INTO Matches VALUES (598, 9, 684, 319, NULL, NULL);
INSERT INTO Matches VALUES (599, 9, 281, 327, 2, 3);
INSERT INTO Sets VALUES (599, 1, 7, 25);
INSERT INTO Sets VALUES (599, 2, 1, 25);
INSERT INTO Sets VALUES (599, 3, 25, 10);
INSERT INTO Sets VALUES (599, 4, 25, 1);
INSERT INTO Sets VALUES (599, 5, 0, 15);
INSERT INTO Matches VALUES (600, 9, 275, 253, 3, 2);
INSERT INTO Sets VALUES (600, 1, 0, 25);
INSERT INTO Sets VALUES (600, 2, 25, 9);
INSERT INTO Sets VALUES (600, 3, 25, 11);
INSERT INTO Sets VALUES (600, 4, 2, 25);
INSERT INTO Sets VALUES (600, 5, 15, 3);
INSERT INTO Matches VALUES (601, 9, 351, 298, 2, 3);
INSERT INTO Sets VALUES (601, 1, 25, 16);
INSERT INTO Sets VALUES (601, 2, 9, 25);
INSERT INTO Sets VALUES (601, 3, 25, 3);
INSERT INTO Sets VALUES (601, 4, 19, 25);
INSERT INTO Sets VALUES (601, 5, 3, 15);
INSERT INTO Matches VALUES (602, 9, 284, 336, 3, 0);
INSERT INTO Sets VALUES (602, 1, 25, 4);
INSERT INTO Sets VALUES (602, 2, 25, 7);
INSERT INTO Sets VALUES (602, 3, 25, 21);
INSERT INTO Matches VALUES (603, 9, 281, 634, 3, 2);
INSERT INTO Sets VALUES (603, 1, 25, 17);
INSERT INTO Sets VALUES (603, 2, 19, 25);
INSERT INTO Sets VALUES (603, 3, 14, 25);
INSERT INTO Sets VALUES (603, 4, 25, 14);
INSERT INTO Sets VALUES (603, 5, 15, 5);
INSERT INTO Matches VALUES (604, 9, 349, 319, 1, 3);
INSERT INTO Sets VALUES (604, 1, 25, 11);
INSERT INTO Sets VALUES (604, 2, 10, 25);
INSERT INTO Sets VALUES (604, 3, 3, 25);
INSERT INTO Sets VALUES (604, 4, 0, 25);
INSERT INTO Matches VALUES (605, 9, 328, 349, 3, 0);
INSERT INTO Sets VALUES (605, 1, 25, 20);
INSERT INTO Sets VALUES (605, 2, 25, 16);
INSERT INTO Sets VALUES (605, 3, 25, 6);
INSERT INTO Matches VALUES (606, 9, 336, 349, 3, 1);
INSERT INTO Sets VALUES (606, 1, 13, 25);
INSERT INTO Sets VALUES (606, 2, 25, 5);
INSERT INTO Sets VALUES (606, 3, 25, 4);
INSERT INTO Sets VALUES (606, 4, 25, 22);
INSERT INTO Matches VALUES (607, 9, 327, 342, NULL, NULL);
INSERT INTO Matches VALUES (608, 9, 404, 275, 3, 1);
INSERT INTO Sets VALUES (608, 1, 25, 5);
INSERT INTO Sets VALUES (608, 2, 11, 25);
INSERT INTO Sets VALUES (608, 3, 25, 16);
INSERT INTO Sets VALUES (608, 4, 25, 14);
INSERT INTO Matches VALUES (609, 9, 351, 469, 3, 2);
INSERT INTO Sets VALUES (609, 1, 25, 10);
INSERT INTO Sets VALUES (609, 2, 25, 10);
INSERT INTO Sets VALUES (609, 3, 5, 25);
INSERT INTO Sets VALUES (609, 4, 2, 25);
INSERT INTO Sets VALUES (609, 5, 15, 11);
INSERT INTO Matches VALUES (610, 9, 404, 281, 3, 0);
INSERT INTO Sets VALUES (610, 1, 25, 6);
INSERT INTO Sets VALUES (610, 2, 25, 20);
INSERT INTO Sets VALUES (610, 3, 25, 3);
INSERT INTO Matches VALUES (611, 9, 296, 432, 3, 0);
INSERT INTO Sets VALUES (611, 1, 25, 7);
INSERT INTO Sets VALUES (611, 2, 25, 6);
INSERT INTO Sets VALUES (611, 3, 25, 22);
INSERT INTO Matches VALUES (612, 9, 336, 275, 0, 3);
INSERT INTO Sets VALUES (612, 1, 6, 25);
INSERT INTO Sets VALUES (612, 2, 3, 25);
INSERT INTO Sets VALUES (612, 3, 0, 25);
INSERT INTO Matches VALUES (613, 9, 328, 304, 3, 2);
INSERT INTO Sets VALUES (613, 1, 0, 25);
INSERT INTO Sets VALUES (613, 2, 25, 16);
INSERT INTO Sets VALUES (613, 3, 1, 25);
INSERT INTO Sets VALUES (613, 4, 25, 8);
INSERT INTO Sets VALUES (613, 5, 15, 12);
INSERT INTO Matches VALUES (614, 9, 397, 595, 3, 2);
INSERT INTO Sets VALUES (614, 1, 10, 25);
INSERT INTO Sets VALUES (614, 2, 6, 25);
INSERT INTO Sets VALUES (614, 3, 25, 20);
INSERT INTO Sets VALUES (614, 4, 25, 7);
INSERT INTO Sets VALUES (614, 5, 15, 1);
INSERT INTO Matches VALUES (615, 9, 469, 336, 3, 1);
INSERT INTO Sets VALUES (615, 1, 25, 18);
INSERT INTO Sets VALUES (615, 2, 25, 4);
INSERT INTO Sets VALUES (615, 3, 8, 25);
INSERT INTO Sets VALUES (615, 4, 25, 18);
INSERT INTO Matches VALUES (616, 9, 306, 304, 3, 1);
INSERT INTO Sets VALUES (616, 1, 25, 5);
INSERT INTO Sets VALUES (616, 2, 25, 21);
INSERT INTO Sets VALUES (616, 3, 12, 25);
INSERT INTO Sets VALUES (616, 4, 25, 11);
INSERT INTO Matches VALUES (617, 9, 336, 684, NULL, NULL);
INSERT INTO Matches VALUES (618, 9, 389, 595, 3, 1);
INSERT INTO Sets VALUES (618, 1, 3, 25);
INSERT INTO Sets VALUES (618, 2, 25, 9);
INSERT INTO Sets VALUES (618, 3, 25, 12);
INSERT INTO Sets VALUES (618, 4, 25, 7);
INSERT INTO Matches VALUES (619, 9, 298, 328, 2, 3);
INSERT INTO Sets VALUES (619, 1, 13, 25);
INSERT INTO Sets VALUES (619, 2, 25, 5);
INSERT INTO Sets VALUES (619, 3, 5, 25);
INSERT INTO Sets VALUES (619, 4, 25, 11);
INSERT INTO Sets VALUES (619, 5, 8, 15);
INSERT INTO Matches VALUES (620, 9, 284, 389, 3, 0);
INSERT INTO Sets VALUES (620, 1, 25, 10);
INSERT INTO Sets VALUES (620, 2, 25, 2);
INSERT INTO Sets VALUES (620, 3, 25, 19);
INSERT INTO Matches VALUES (621, 9, 296, 349, 3, 1);
INSERT INTO Sets VALUES (621, 1, 25, 20);
INSERT INTO Sets VALUES (621, 2, 19, 25);
INSERT INTO Sets VALUES (621, 3, 25, 20);
INSERT INTO Sets VALUES (621, 4, 25, 2);
INSERT INTO Matches VALUES (622, 9, 284, 389, 3, 2);
INSERT INTO Sets VALUES (622, 1, 5, 25);
INSERT INTO Sets VALUES (622, 2, 1, 25);
INSERT INTO Sets VALUES (622, 3, 25, 14);
INSERT INTO Sets VALUES (622, 4, 25, 19);
INSERT INTO Sets VALUES (622, 5, 15, 12);
INSERT INTO Matches VALUES (623, 9, 684, 634, 3, 1);
INSERT INTO Sets VALUES (623, 1, 3, 25);
INSERT INTO Sets VALUES (623, 2, 25, 16);
INSERT INTO Sets VALUES (623, 3, 25, 14);
INSERT INTO Sets VALUES (623, 4, 25, 21);
INSERT INTO Matches VALUES (624, 9, 313, 684, 3, 0);
INSERT INTO Sets VALUES (624, 1, 25, 17);
INSERT INTO Sets VALUES (624, 2, 25, 14);
INSERT INTO Sets VALUES (624, 3, 25, 12);
INSERT INTO Matches VALUES (625, 9, 404, 253, 3, 0);
INSERT INTO Sets VALUES (625, 1, 25, 22);
INSERT INTO Sets VALUES (625, 2, 25, 12);
INSERT INTO Sets VALUES (625, 3, 25, 15);
INSERT INTO Matches VALUES (626, 9, 469, 397, 2, 3);
INSERT INTO Sets VALUES (626, 1, 11, 25);
INSERT INTO Sets VALUES (626, 2, 5, 25);
INSERT INTO Sets VALUES (626, 3, 25, 16);
INSERT INTO Sets VALUES (626, 4, 25, 3);
INSERT INTO Sets VALUES (626, 5, 4, 15);
INSERT INTO Matches VALUES (627, 9, 327, 298, 1, 3);
INSERT INTO Sets VALUES (627, 1, 25, 13);
INSERT INTO Sets VALUES (627, 2, 5, 25);
INSERT INTO Sets VALUES (627, 3, 0, 25);
INSERT INTO Sets VALUES (627, 4, -1, 25);
INSERT INTO Matches VALUES (628, 9, 327, 319, 3, 2);
INSERT INTO Sets VALUES (628, 1, 25, 19);
INSERT INTO Sets VALUES (628, 2, 13, 25);
INSERT INTO Sets VALUES (628, 3, 25, 10);
INSERT INTO Sets VALUES (628, 4, 21, 25);
INSERT INTO Sets VALUES (628, 5, 15, 1);
INSERT INTO Matches VALUES (629, 9, 336, 327, 3, 0);
INSERT INTO Sets VALUES (629, 1, 25, 17);
INSERT INTO Sets VALUES (629, 2, 25, 18);
INSERT INTO Sets VALUES (629, 3, 25, 9);
INSERT INTO Matches VALUES (630, 9, 404, 296, 3, 0);
INSERT INTO Sets VALUES (630, 1, 25, 18);
INSERT INTO Sets VALUES (630, 2, 25, 15);
INSERT INTO Sets VALUES (630, 3, 25, 6);
INSERT INTO Matches VALUES (631, 9, 298, 284, 3, 2);
INSERT INTO Sets VALUES (631, 1, 21, 25);
INSERT INTO Sets VALUES (631, 2, 25, 0);
INSERT INTO Sets VALUES (631, 3, 12, 25);
INSERT INTO Sets VALUES (631, 4, 25, 6);
INSERT INTO Sets VALUES (631, 5, 15, 12);
INSERT INTO Matches VALUES (632, 9, 349, 275, 3, 0);
INSERT INTO Sets VALUES (632, 1, 25, 17);
INSERT INTO Sets VALUES (632, 2, 25, 8);
INSERT INTO Sets VALUES (632, 3, 25, 6);
INSERT INTO Matches VALUES (633, 10, 292, 603, 3, 2);
INSERT INTO Sets VALUES (633, 1, 25, 20);
INSERT INTO Sets VALUES (633, 2, 20, 25);
INSERT INTO Sets VALUES (633, 3, 25, 9);
INSERT INTO Sets VALUES (633, 4, 18, 25);
INSERT INTO Sets VALUES (633, 5, 15, 10);
INSERT INTO Matches VALUES (634, 10, 282, 269, 1, 3);
INSERT INTO Sets VALUES (634, 1, 10, 25);
INSERT INTO Sets VALUES (634, 2, 25, 19);
INSERT INTO Sets VALUES (634, 3, 1, 25);
INSERT INTO Sets VALUES (634, 4, 0, 25);
INSERT INTO Matches VALUES (635, 10, 373, 355, 3, 1);
INSERT INTO Sets VALUES (635, 1, 25, 14);
INSERT INTO Sets VALUES (635, 2, 25, 11);
INSERT INTO Sets VALUES (635, 3, 17, 25);
INSERT INTO Sets VALUES (635, 4, 25, 22);
INSERT INTO Matches VALUES (636, 10, 523, 262, 3, 1);
INSERT INTO Sets VALUES (636, 1, 25, 2);
INSERT INTO Sets VALUES (636, 2, 0, 25);
INSERT INTO Sets VALUES (636, 3, 25, 19);
INSERT INTO Sets VALUES (636, 4, 25, 6);
INSERT INTO Matches VALUES (637, 10, 334, 386, 1, 3);
INSERT INTO Sets VALUES (637, 1, 25, 1);
INSERT INTO Sets VALUES (637, 2, 13, 25);
INSERT INTO Sets VALUES (637, 3, 8, 25);
INSERT INTO Sets VALUES (637, 4, 5, 25);
INSERT INTO Matches VALUES (638, 10, 386, 255, 3, 2);
INSERT INTO Sets VALUES (638, 1, 0, 25);
INSERT INTO Sets VALUES (638, 2, 0, 25);
INSERT INTO Sets VALUES (638, 3, 25, 11);
INSERT INTO Sets VALUES (638, 4, 25, 21);
INSERT INTO Sets VALUES (638, 5, 15, 11);
INSERT INTO Matches VALUES (639, 10, 662, 386, 3, 1);
INSERT INTO Sets VALUES (639, 1, 25, 1);
INSERT INTO Sets VALUES (639, 2, 25, 22);
INSERT INTO Sets VALUES (639, 3, 1, 25);
INSERT INTO Sets VALUES (639, 4, 25, 16);
INSERT INTO Matches VALUES (640, 10, 603, 354, 3, 2);
INSERT INTO Sets VALUES (640, 1, 18, 25);
INSERT INTO Sets VALUES (640, 2, 25, 13);
INSERT INTO Sets VALUES (640, 3, 17, 25);
INSERT INTO Sets VALUES (640, 4, 25, 11);
INSERT INTO Sets VALUES (640, 5, 15, 12);
INSERT INTO Matches VALUES (641, 10, 320, 292, 3, 1);
INSERT INTO Sets VALUES (641, 1, 25, 14);
INSERT INTO Sets VALUES (641, 2, 14, 25);
INSERT INTO Sets VALUES (641, 3, 25, 13);
INSERT INTO Sets VALUES (641, 4, 25, 17);
INSERT INTO Matches VALUES (642, 10, 287, 255, 3, 0);
INSERT INTO Sets VALUES (642, 1, 25, 17);
INSERT INTO Sets VALUES (642, 2, 25, 15);
INSERT INTO Sets VALUES (642, 3, 25, 1);
INSERT INTO Matches VALUES (643, 10, 255, 292, 3, 0);
INSERT INTO Sets VALUES (643, 1, 25, 17);
INSERT INTO Sets VALUES (643, 2, 25, 17);
INSERT INTO Sets VALUES (643, 3, 25, 10);
INSERT INTO Matches VALUES (644, 10, 308, 287, 3, 2);
INSERT INTO Sets VALUES (644, 1, 25, 2);
INSERT INTO Sets VALUES (644, 2, 25, 12);
INSERT INTO Sets VALUES (644, 3, 4, 25);
INSERT INTO Sets VALUES (644, 4, 1, 25);
INSERT INTO Sets VALUES (644, 5, 15, 2);
INSERT INTO Matches VALUES (645, 10, 282, 258, 3, 2);
INSERT INTO Sets VALUES (645, 1, 25, 8);
INSERT INTO Sets VALUES (645, 2, 25, 22);
INSERT INTO Sets VALUES (645, 3, 8, 25);
INSERT INTO Sets VALUES (645, 4, 2, 25);
INSERT INTO Sets VALUES (645, 5, 15, 5);
INSERT INTO Matches VALUES (646, 10, 416, 278, 3, 0);
INSERT INTO Sets VALUES (646, 1, 25, 4);
INSERT INTO Sets VALUES (646, 2, 25, 21);
INSERT INTO Sets VALUES (646, 3, 25, 22);
INSERT INTO Matches VALUES (647, 10, 292, 329, NULL, NULL);
INSERT INTO Matches VALUES (648, 10, 344, 334, 3, 0);
INSERT INTO Sets VALUES (648, 1, 25, 10);
INSERT INTO Sets VALUES (648, 2, 25, 16);
INSERT INTO Sets VALUES (648, 3, 25, 2);
INSERT INTO Matches VALUES (649, 10, 314, 343, 3, 1);
INSERT INTO Sets VALUES (649, 1, 14, 25);
INSERT INTO Sets VALUES (649, 2, 25, 7);
INSERT INTO Sets VALUES (649, 3, 25, 1);
INSERT INTO Sets VALUES (649, 4, 25, 9);
INSERT INTO Matches VALUES (650, 10, 355, 258, 1, 3);
INSERT INTO Sets VALUES (650, 1, 25, 17);
INSERT INTO Sets VALUES (650, 2, 2, 25);
INSERT INTO Sets VALUES (650, 3, 0, 25);
INSERT INTO Sets VALUES (650, 4, -1, 25);
INSERT INTO Matches VALUES (651, 10, 308, 662, 3, 1);
INSERT INTO Sets VALUES (651, 1, 25, 3);
INSERT INTO Sets VALUES (651, 2, 25, 12);
INSERT INTO Sets VALUES (651, 3, 14, 25);
INSERT INTO Sets VALUES (651, 4, 25, 20);
INSERT INTO Matches VALUES (652, 10, 373, 339, 1, 3);
INSERT INTO Sets VALUES (652, 1, 25, 14);
INSERT INTO Sets VALUES (652, 2, 19, 25);
INSERT INTO Sets VALUES (652, 3, 3, 25);
INSERT INTO Sets VALUES (652, 4, 0, 25);
INSERT INTO Matches VALUES (653, 10, 344, 416, 1, 3);
INSERT INTO Sets VALUES (653, 1, 0, 25);
INSERT INTO Sets VALUES (653, 2, 0, 25);
INSERT INTO Sets VALUES (653, 3, 25, 4);
INSERT INTO Sets VALUES (653, 4, 2, 25);
INSERT INTO Matches VALUES (654, 10, 354, 353, 3, 0);
INSERT INTO Sets VALUES (654, 1, 25, 18);
INSERT INTO Sets VALUES (654, 2, 25, 7);
INSERT INTO Sets VALUES (654, 3, 25, 19);
INSERT INTO Matches VALUES (655, 10, 308, 316, 3, 0);
INSERT INTO Sets VALUES (655, 1, 25, 1);
INSERT INTO Sets VALUES (655, 2, 25, 2);
INSERT INTO Sets VALUES (655, 3, 25, 6);
INSERT INTO Matches VALUES (656, 10, 299, 314, NULL, NULL);
INSERT INTO Matches VALUES (657, 10, 255, 373, NULL, NULL);
INSERT INTO Matches VALUES (658, 10, 416, 329, 3, 1);
INSERT INTO Sets VALUES (658, 1, 25, 4);
INSERT INTO Sets VALUES (658, 2, 18, 25);
INSERT INTO Sets VALUES (658, 3, 25, 8);
INSERT INTO Sets VALUES (658, 4, 25, 21);
INSERT INTO Matches VALUES (659, 10, 416, 603, NULL, NULL);
INSERT INTO Matches VALUES (660, 10, 329, 343, 3, 0);
INSERT INTO Sets VALUES (660, 1, 25, 19);
INSERT INTO Sets VALUES (660, 2, 25, 7);
INSERT INTO Sets VALUES (660, 3, 25, 22);
INSERT INTO Matches VALUES (661, 10, 416, 406, 3, 1);
INSERT INTO Sets VALUES (661, 1, 25, 16);
INSERT INTO Sets VALUES (661, 2, 21, 25);
INSERT INTO Sets VALUES (661, 3, 25, 22);
INSERT INTO Sets VALUES (661, 4, 25, 2);
INSERT INTO Matches VALUES (662, 10, 308, 278, 3, 0);
INSERT INTO Sets VALUES (662, 1, 25, 11);
INSERT INTO Sets VALUES (662, 2, 25, 18);
INSERT INTO Sets VALUES (662, 3, 25, 4);
INSERT INTO Matches VALUES (663, 10, 308, 416, 3, 2);
INSERT INTO Sets VALUES (663, 1, 13, 25);
INSERT INTO Sets VALUES (663, 2, 6, 25);
INSERT INTO Sets VALUES (663, 3, 25, 15);
INSERT INTO Sets VALUES (663, 4, 25, 2);
INSERT INTO Sets VALUES (663, 5, 15, 2);
INSERT INTO Matches VALUES (664, 10, 344, 292, 3, 0);
INSERT INTO Sets VALUES (664, 1, 25, 5);
INSERT INTO Sets VALUES (664, 2, 25, 3);
INSERT INTO Sets VALUES (664, 3, 25, 10);
INSERT INTO Matches VALUES (665, 10, 299, 316, 3, 0);
INSERT INTO Sets VALUES (665, 1, 25, 1);
INSERT INTO Sets VALUES (665, 2, 25, 10);
INSERT INTO Sets VALUES (665, 3, 25, 8);
INSERT INTO Matches VALUES (666, 10, 278, 603, 3, 0);
INSERT INTO Sets VALUES (666, 1, 25, 8);
INSERT INTO Sets VALUES (666, 2, 25, 3);
INSERT INTO Sets VALUES (666, 3, 25, 12);
INSERT INTO Matches VALUES (667, 10, 308, 292, 3, 1);
INSERT INTO Sets VALUES (667, 1, 25, 1);
INSERT INTO Sets VALUES (667, 2, 25, 16);
INSERT INTO Sets VALUES (667, 3, 17, 25);
INSERT INTO Sets VALUES (667, 4, 25, 1);
INSERT INTO Matches VALUES (668, 10, 308, 278, 3, 2);
INSERT INTO Sets VALUES (668, 1, 11, 25);
INSERT INTO Sets VALUES (668, 2, 6, 25);
INSERT INTO Sets VALUES (668, 3, 25, 17);
INSERT INTO Sets VALUES (668, 4, 25, 7);
INSERT INTO Sets VALUES (668, 5, 15, 10);
INSERT INTO Matches VALUES (669, 10, 344, 355, 1, 3);
INSERT INTO Sets VALUES (669, 1, 1, 25);
INSERT INTO Sets VALUES (669, 2, 25, 21);
INSERT INTO Sets VALUES (669, 3, 1, 25);
INSERT INTO Sets VALUES (669, 4, 0, 25);
INSERT INTO Matches VALUES (670, 10, 308, 278, 2, 3);
INSERT INTO Sets VALUES (670, 1, 0, 25);
INSERT INTO Sets VALUES (670, 2, 0, 25);
INSERT INTO Sets VALUES (670, 3, 25, 19);
INSERT INTO Sets VALUES (670, 4, 25, 11);
INSERT INTO Sets VALUES (670, 5, 15, 15);
INSERT INTO Matches VALUES (671, 10, 416, 329, 3, 1);
INSERT INTO Sets VALUES (671, 1, 2, 25);
INSERT INTO Sets VALUES (671, 2, 25, 22);
INSERT INTO Sets VALUES (671, 3, 25, 9);
INSERT INTO Sets VALUES (671, 4, 25, 3);
INSERT INTO Matches VALUES (672, 10, 255, 314, NULL, NULL);
INSERT INTO Matches VALUES (673, 10, 373, 334, 3, 0);
INSERT INTO Sets VALUES (673, 1, 25, 8);
INSERT INTO Sets VALUES (673, 2, 25, 20);
INSERT INTO Sets VALUES (673, 3, 25, 15);
INSERT INTO Matches VALUES (674, 10, 354, 406, 3, 1);
INSERT INTO Sets VALUES (674, 1, 8, 25);
INSERT INTO Sets VALUES (674, 2, 25, 5);
INSERT INTO Sets VALUES (674, 3, 25, 8);
INSERT INTO Sets VALUES (674, 4, 25, 9);
INSERT INTO Matches VALUES (675, 10, 329, 308, 3, 1);
INSERT INTO Sets VALUES (675, 1, 25, 11);
INSERT INTO Sets VALUES (675, 2, 25, 7);
INSERT INTO Sets VALUES (675, 3, 6, 25);
INSERT INTO Sets VALUES (675, 4, 25, 11);
INSERT INTO Matches VALUES (676, 10, 334, 354, 3, 1);
INSERT INTO Sets VALUES (676, 1, 25, 20);
INSERT INTO Sets VALUES (676, 2, 25, 20);
INSERT INTO Sets VALUES (676, 3, 3, 25);
INSERT INTO Sets VALUES (676, 4, 25, 11);
INSERT INTO Matches VALUES (677, 10, 316, 416, 3, 2);
INSERT INTO Sets VALUES (677, 1, 5, 25);
INSERT INTO Sets VALUES (677, 2, 25, 5);
INSERT INTO Sets VALUES (677, 3, 25, 11);
INSERT INTO Sets VALUES (677, 4, 8, 25);
INSERT INTO Sets VALUES (677, 5, 15, 1);
INSERT INTO Matches VALUES (678, 10, 278, 282, 3, 0);
INSERT INTO Sets VALUES (678, 1, 25, 19);
INSERT INTO Sets VALUES (678, 2, 25, 1);
INSERT INTO Sets VALUES (678, 3, 25, 9);
INSERT INTO Matches VALUES (679, 10, 339, 292, 3, 2);
INSERT INTO Sets VALUES (679, 1, 25, 9);
INSERT INTO Sets VALUES (679, 2, 25, 12);
INSERT INTO Sets VALUES (679, 3, 18, 25);
INSERT INTO Sets VALUES (679, 4, 5, 25);
INSERT INTO Sets VALUES (679, 5, 15, 2);
INSERT INTO Matches VALUES (680, 10, 316, 292, 3, 0);
INSERT INTO Sets VALUES (680, 1, 25, 11);
INSERT INTO Sets VALUES (680, 2, 25, 6);
INSERT INTO Sets VALUES (680, 3, 25, 20);
INSERT INTO Matches VALUES (681, 10, 287, 339, 1, 3);
INSERT INTO Sets VALUES (681, 1, 16, 25);
INSERT INTO Sets VALUES (681, 2, 25, 2);
INSERT INTO Sets VALUES (681, 3, 20, 25);
INSERT INTO Sets VALUES (681, 4, 10, 25);
INSERT INTO Matches VALUES (682, 10, 343, 597, 1, 3);
INSERT INTO Sets VALUES (682, 1, 25, 8);
INSERT INTO Sets VALUES (682, 2, 10, 25);
INSERT INTO Sets VALUES (682, 3, 6, 25);
INSERT INTO Sets VALUES (682, 4, 1, 25);
INSERT INTO Matches VALUES (683, 10, 597, 354, 3, 1);
INSERT INTO Sets VALUES (683, 1, 0, 25);
INSERT INTO Sets VALUES (683, 2, 25, 15);
INSERT INTO Sets VALUES (683, 3, 25, 12);
INSERT INTO Sets VALUES (683, 4, 25, 14);
INSERT INTO Matches VALUES (684, 10, 269, 314, 3, 1);
INSERT INTO Sets VALUES (684, 1, 13, 25);
INSERT INTO Sets VALUES (684, 2, 25, 15);
INSERT INTO Sets VALUES (684, 3, 25, 7);
INSERT INTO Sets VALUES (684, 4, 25, 18);
INSERT INTO Matches VALUES (685, 10, 316, 292, 3, 0);
INSERT INTO Sets VALUES (685, 1, 25, 3);
INSERT INTO Sets VALUES (685, 2, 25, 5);
INSERT INTO Sets VALUES (685, 3, 25, 11);
INSERT INTO Matches VALUES (686, 10, 339, 314, 3, 1);
INSERT INTO Sets VALUES (686, 1, 20, 25);
INSERT INTO Sets VALUES (686, 2, 25, 5);
INSERT INTO Sets VALUES (686, 3, 25, 21);
INSERT INTO Sets VALUES (686, 4, 25, 16);
INSERT INTO Matches VALUES (687, 10, 329, 334, 3, 1);
INSERT INTO Sets VALUES (687, 1, 4, 25);
INSERT INTO Sets VALUES (687, 2, 25, 21);
INSERT INTO Sets VALUES (687, 3, 25, 6);
INSERT INTO Sets VALUES (687, 4, 25, 0);
INSERT INTO Matches VALUES (688, 10, 386, 329, 3, 1);
INSERT INTO Sets VALUES (688, 1, 25, 18);
INSERT INTO Sets VALUES (688, 2, 14, 25);
INSERT INTO Sets VALUES (688, 3, 25, 10);
INSERT INTO Sets VALUES (688, 4, 25, 14);
INSERT INTO Matches VALUES (689, 10, 292, 416, 3, 1);
INSERT INTO Sets VALUES (689, 1, 25, 3);
INSERT INTO Sets VALUES (689, 2, 25, 0);
INSERT INTO Sets VALUES (689, 3, 10, 25);
INSERT INTO Sets VALUES (689, 4, 25, 20);
INSERT INTO Matches VALUES (690, 10, 354, 316, 3, 0);
INSERT INTO Sets VALUES (690, 1, 25, 19);
INSERT INTO Sets VALUES (690, 2, 25, 10);
INSERT INTO Sets VALUES (690, 3, 25, 2);
INSERT INTO Matches VALUES (691, 10, 329, 354, 3, 1);
INSERT INTO Sets VALUES (691, 1, 25, 16);
INSERT INTO Sets VALUES (691, 2, 25, 3);
INSERT INTO Sets VALUES (691, 3, 17, 25);
INSERT INTO Sets VALUES (691, 4, 25, 1);
INSERT INTO Matches VALUES (692, 10, 262, 373, NULL, NULL);
INSERT INTO Matches VALUES (693, 10, 386, 344, 3, 1);
INSERT INTO Sets VALUES (693, 1, 25, 19);
INSERT INTO Sets VALUES (693, 2, 13, 25);
INSERT INTO Sets VALUES (693, 3, 25, 22);
INSERT INTO Sets VALUES (693, 4, 25, 19);
INSERT INTO Matches VALUES (694, 10, 314, 386, 3, 0);
INSERT INTO Sets VALUES (694, 1, 25, 4);
INSERT INTO Sets VALUES (694, 2, 25, 13);
INSERT INTO Sets VALUES (694, 3, 25, 10);
INSERT INTO Matches VALUES (695, 10, 603, 354, 3, 1);
INSERT INTO Sets VALUES (695, 1, 4, 25);
INSERT INTO Sets VALUES (695, 2, 25, 22);
INSERT INTO Sets VALUES (695, 3, 25, 12);
INSERT INTO Sets VALUES (695, 4, 25, 16);
INSERT INTO Matches VALUES (696, 10, 355, 344, 0, 3);
INSERT INTO Sets VALUES (696, 1, 2, 25);
INSERT INTO Sets VALUES (696, 2, 0, 25);
INSERT INTO Sets VALUES (696, 3, -1, 25);
INSERT INTO Matches VALUES (697, 10, 262, 406, 3, 2);
INSERT INTO Sets VALUES (697, 1, -1, 25);
INSERT INTO Sets VALUES (697, 2, 25, 16);
INSERT INTO Sets VALUES (697, 3, 9, 25);
INSERT INTO Sets VALUES (697, 4, 25, 6);
INSERT INTO Sets VALUES (697, 5, 15, 4);
INSERT INTO Matches VALUES (698, 10, 343, 282, 3, 0);
INSERT INTO Sets VALUES (698, 1, 25, 4);
INSERT INTO Sets VALUES (698, 2, 25, 19);
INSERT INTO Sets VALUES (698, 3, 25, 11);
INSERT INTO Matches VALUES (699, 10, 255, 282, 2, 3);
INSERT INTO Sets VALUES (699, 1, 25, 10);
INSERT INTO Sets VALUES (699, 2, 16, 25);
INSERT INTO Sets VALUES (699, 3, 25, 6);
INSERT INTO Sets VALUES (699, 4, 10, 25);
INSERT INTO Sets VALUES (699, 5, 2, 15);
INSERT INTO Matches VALUES (700, 11, 283, 288, 3, 2);
INSERT INTO Sets VALUES (700, 1, 25, 16);
INSERT INTO Sets VALUES (700, 2, 7, 25);
INSERT INTO Sets VALUES (700, 3, 1, 25);
INSERT INTO Sets VALUES (700, 4, 25, 12);
INSERT INTO Sets VALUES (700, 5, 15, 12);
INSERT INTO Matches VALUES (701, 11, 631, 347, 3, 0);
INSERT INTO Sets VALUES (701, 1, 25, 5);
INSERT INTO Sets VALUES (701, 2, 25, 2);
INSERT INTO Sets VALUES (701, 3, 25, 16);
INSERT INTO Matches VALUES (702, 11, 340, 347, 3, 0);
INSERT INTO Sets VALUES (702, 1, 25, 7);
INSERT INTO Sets VALUES (702, 2, 25, 4);
INSERT INTO Sets VALUES (702, 3, 25, 12);
INSERT INTO Matches VALUES (703, 11, 462, 340, 3, 0);
INSERT INTO Sets VALUES (703, 1, 25, 20);
INSERT INTO Sets VALUES (703, 2, 25, 7);
INSERT INTO Sets VALUES (703, 3, 25, 11);
INSERT INTO Matches VALUES (704, 11, 434, 277, 3, 0);
INSERT INTO Sets VALUES (704, 1, 25, 2);
INSERT INTO Sets VALUES (704, 2, 25, 2);
INSERT INTO Sets VALUES (704, 3, 25, 9);
INSERT INTO Matches VALUES (705, 11, 630, 272, 3, 1);
INSERT INTO Sets VALUES (705, 1, 25, 18);
INSERT INTO Sets VALUES (705, 2, 12, 25);
INSERT INTO Sets VALUES (705, 3, 25, 7);
INSERT INTO Sets VALUES (705, 4, 25, 14);
INSERT INTO Matches VALUES (706, 11, 272, 581, 3, 1);
INSERT INTO Sets VALUES (706, 1, 25, 12);
INSERT INTO Sets VALUES (706, 2, 13, 25);
INSERT INTO Sets VALUES (706, 3, 25, 8);
INSERT INTO Sets VALUES (706, 4, 25, 21);
INSERT INTO Matches VALUES (707, 11, 259, 288, NULL, NULL);
INSERT INTO Matches VALUES (708, 11, 277, 370, 3, 0);
INSERT INTO Sets VALUES (708, 1, 25, 21);
INSERT INTO Sets VALUES (708, 2, 25, 1);
INSERT INTO Sets VALUES (708, 3, 25, 3);
INSERT INTO Matches VALUES (709, 11, 325, 462, 3, 1);
INSERT INTO Sets VALUES (709, 1, 25, 22);
INSERT INTO Sets VALUES (709, 2, 2, 25);
INSERT INTO Sets VALUES (709, 3, 25, 8);
INSERT INTO Sets VALUES (709, 4, 25, 16);
INSERT INTO Matches VALUES (710, 11, 587, 580, 3, 1);
INSERT INTO Sets VALUES (710, 1, 5, 25);
INSERT INTO Sets VALUES (710, 2, 25, 5);
INSERT INTO Sets VALUES (710, 3, 25, 18);
INSERT INTO Sets VALUES (710, 4, 25, 17);
INSERT INTO Matches VALUES (711, 11, 333, 370, 3, 0);
INSERT INTO Sets VALUES (711, 1, 25, 5);
INSERT INTO Sets VALUES (711, 2, 25, 13);
INSERT INTO Sets VALUES (711, 3, 25, 13);
INSERT INTO Matches VALUES (712, 11, 259, 324, 3, 1);
INSERT INTO Sets VALUES (712, 1, 25, 5);
INSERT INTO Sets VALUES (712, 2, 14, 25);
INSERT INTO Sets VALUES (712, 3, 25, 15);
INSERT INTO Sets VALUES (712, 4, 25, 13);
INSERT INTO Matches VALUES (713, 11, 580, 266, 3, 0);
INSERT INTO Sets VALUES (713, 1, 25, 8);
INSERT INTO Sets VALUES (713, 2, 25, 22);
INSERT INTO Sets VALUES (713, 3, 25, 11);
INSERT INTO Matches VALUES (714, 11, 283, 333, 3, 0);
INSERT INTO Sets VALUES (714, 1, 25, 6);
INSERT INTO Sets VALUES (714, 2, 25, 9);
INSERT INTO Sets VALUES (714, 3, 25, 9);
INSERT INTO Matches VALUES (715, 11, 272, 325, 3, 1);
INSERT INTO Sets VALUES (715, 1, 4, 25);
INSERT INTO Sets VALUES (715, 2, 25, 13);
INSERT INTO Sets VALUES (715, 3, 25, 19);
INSERT INTO Sets VALUES (715, 4, 25, 9);
INSERT INTO Matches VALUES (716, 11, 317, 346, 3, 1);
INSERT INTO Sets VALUES (716, 1, 25, 5);
INSERT INTO Sets VALUES (716, 2, 16, 25);
INSERT INTO Sets VALUES (716, 3, 25, 15);
INSERT INTO Sets VALUES (716, 4, 25, 17);
INSERT INTO Matches VALUES (717, 11, 345, 630, 3, 0);
INSERT INTO Sets VALUES (717, 1, 25, 22);
INSERT INTO Sets VALUES (717, 2, 25, 19);
INSERT INTO Sets VALUES (717, 3, 25, 22);
INSERT INTO Matches VALUES (718, 11, 324, 345, 3, 1);
INSERT INTO Sets VALUES (718, 1, 15, 25);
INSERT INTO Sets VALUES (718, 2, 25, 17);
INSERT INTO Sets VALUES (718, 3, 25, 10);
INSERT INTO Sets VALUES (718, 4, 25, 1);
INSERT INTO Matches VALUES (719, 11, 317, 303, 3, 0);
INSERT INTO Sets VALUES (719, 1, 25, 11);
INSERT INTO Sets VALUES (719, 2, 25, 9);
INSERT INTO Sets VALUES (719, 3, 25, 11);
INSERT INTO Matches VALUES (720, 11, 303, 630, 3, 0);
INSERT INTO Sets VALUES (720, 1, 25, 7);
INSERT INTO Sets VALUES (720, 2, 25, 2);
INSERT INTO Sets VALUES (720, 3, 25, 9);
INSERT INTO Matches VALUES (721, 11, 309, 356, 3, 1);
INSERT INTO Sets VALUES (721, 1, 25, 16);
INSERT INTO Sets VALUES (721, 2, 14, 25);
INSERT INTO Sets VALUES (721, 3, 25, 18);
INSERT INTO Sets VALUES (721, 4, 25, 11);
INSERT INTO Matches VALUES (722, 11, 630, 434, 3, 0);
INSERT INTO Sets VALUES (722, 1, 25, 21);
INSERT INTO Sets VALUES (722, 2, 25, 0);
INSERT INTO Sets VALUES (722, 3, 25, 9);
INSERT INTO Matches VALUES (723, 11, 278, 288, 2, 3);
INSERT INTO Sets VALUES (723, 1, 0, 25);
INSERT INTO Sets VALUES (723, 2, 0, 25);
INSERT INTO Sets VALUES (723, 3, 25, 10);
INSERT INTO Sets VALUES (723, 4, 25, 16);
INSERT INTO Sets VALUES (723, 5, 1, 15);
INSERT INTO Matches VALUES (724, 11, 346, 356, NULL, NULL);
INSERT INTO Matches VALUES (725, 11, 581, 283, 3, 1);
INSERT INTO Sets VALUES (725, 1, 25, 21);
INSERT INTO Sets VALUES (725, 2, 25, 10);
INSERT INTO Sets VALUES (725, 3, 18, 25);
INSERT INTO Sets VALUES (725, 4, 25, 10);
INSERT INTO Matches VALUES (726, 11, 441, 317, 2, 3);
INSERT INTO Sets VALUES (726, 1, 3, 25);
INSERT INTO Sets VALUES (726, 2, 0, 25);
INSERT INTO Sets VALUES (726, 3, 25, 6);
INSERT INTO Sets VALUES (726, 4, 25, 5);
INSERT INTO Sets VALUES (726, 5, 21, 15);
INSERT INTO Matches VALUES (727, 11, 630, 277, 3, 0);
INSERT INTO Sets VALUES (727, 1, 25, 1);
INSERT INTO Sets VALUES (727, 2, 25, 21);
INSERT INTO Sets VALUES (727, 3, 25, 5);
INSERT INTO Matches VALUES (728, 11, 356, 346, 2, 3);
INSERT INTO Sets VALUES (728, 1, 17, 25);
INSERT INTO Sets VALUES (728, 2, 25, 17);
INSERT INTO Sets VALUES (728, 3, 25, 4);
INSERT INTO Sets VALUES (728, 4, 13, 25);
INSERT INTO Sets VALUES (728, 5, 1, 15);
INSERT INTO Matches VALUES (729, 11, 303, 278, 3, 1);
INSERT INTO Sets VALUES (729, 1, 25, 2);
INSERT INTO Sets VALUES (729, 2, 25, 7);
INSERT INTO Sets VALUES (729, 3, 11, 25);
INSERT INTO Sets VALUES (729, 4, 25, 3);
INSERT INTO Matches VALUES (730, 11, 462, 266, 1, 3);
INSERT INTO Sets VALUES (730, 1, 20, 25);
INSERT INTO Sets VALUES (730, 2, 2, 25);
INSERT INTO Sets VALUES (730, 3, 25, 10);
INSERT INTO Sets VALUES (730, 4, 9, 25);
INSERT INTO Matches VALUES (731, 11, 630, 266, 3, 2);
INSERT INTO Sets VALUES (731, 1, 25, 21);
INSERT INTO Sets VALUES (731, 2, 22, 25);
INSERT INTO Sets VALUES (731, 3, 25, 9);
INSERT INTO Sets VALUES (731, 4, 15, 25);
INSERT INTO Sets VALUES (731, 5, 15, 3);
INSERT INTO Matches VALUES (732, 11, 631, 462, 3, 2);
INSERT INTO Sets VALUES (732, 1, 2, 25);
INSERT INTO Sets VALUES (732, 2, 25, 8);
INSERT INTO Sets VALUES (732, 3, 15, 25);
INSERT INTO Sets VALUES (732, 4, 25, 9);
INSERT INTO Sets VALUES (732, 5, 15, 8);
INSERT INTO Matches VALUES (733, 11, 434, 303, NULL, NULL);
INSERT INTO Matches VALUES (734, 11, 309, 467, 3, 0);
INSERT INTO Sets VALUES (734, 1, 25, 17);
INSERT INTO Sets VALUES (734, 2, 25, 5);
INSERT INTO Sets VALUES (734, 3, 25, 2);
INSERT INTO Matches VALUES (735, 11, 462, 340, 2, 3);
INSERT INTO Sets VALUES (735, 1, 12, 25);
INSERT INTO Sets VALUES (735, 2, 25, 1);
INSERT INTO Sets VALUES (735, 3, 25, 3);
INSERT INTO Sets VALUES (735, 4, 7, 25);
INSERT INTO Sets VALUES (735, 5, 1, 15);
INSERT INTO Matches VALUES (736, 11, 309, 259, 3, 2);
INSERT INTO Sets VALUES (736, 1, 25, 4);
INSERT INTO Sets VALUES (736, 2, 25, 6);
INSERT INTO Sets VALUES (736, 3, 9, 25);
INSERT INTO Sets VALUES (736, 4, 5, 25);
INSERT INTO Sets VALUES (736, 5, 15, 9);
INSERT INTO Matches VALUES (737, 11, 272, 434, NULL, NULL);
INSERT INTO Matches VALUES (738, 11, 266, 345, 3, 1);
INSERT INTO Sets VALUES (738, 1, 25, 1);
INSERT INTO Sets VALUES (738, 2, 25, 18);
INSERT INTO Sets VALUES (738, 3, 4, 25);
INSERT INTO Sets VALUES (738, 4, 25, 8);
INSERT INTO Matches VALUES (739, 11, 309, 266, 3, 1);
INSERT INTO Sets VALUES (739, 1, 21, 25);
INSERT INTO Sets VALUES (739, 2, 25, 0);
INSERT INTO Sets VALUES (739, 3, 25, 6);
INSERT INTO Sets VALUES (739, 4, 25, 4);
INSERT INTO Matches VALUES (740, 11, 325, 631, 3, 1);
INSERT INTO Sets VALUES (740, 1, 19, 25);
INSERT INTO Sets VALUES (740, 2, 25, 5);
INSERT INTO Sets VALUES (740, 3, 25, 16);
INSERT INTO Sets VALUES (740, 4, 25, 6);
INSERT INTO Matches VALUES (741, 11, 630, 278, 2, 3);
INSERT INTO Sets VALUES (741, 1, 22, 25);
INSERT INTO Sets VALUES (741, 2, 25, 5);
INSERT INTO Sets VALUES (741, 3, 16, 25);
INSERT INTO Sets VALUES (741, 4, 25, 19);
INSERT INTO Sets VALUES (741, 5, 17, 15);
INSERT INTO Matches VALUES (742, 11, 630, 259, 3, 1);
INSERT INTO Sets VALUES (742, 1, 6, 25);
INSERT INTO Sets VALUES (742, 2, 25, 14);
INSERT INTO Sets VALUES (742, 3, 25, 7);
INSERT INTO Sets VALUES (742, 4, 25, 22);
INSERT INTO Matches VALUES (743, 11, 309, 324, 3, 0);
INSERT INTO Sets VALUES (743, 1, 25, 22);
INSERT INTO Sets VALUES (743, 2, 25, 1);
INSERT INTO Sets VALUES (743, 3, 25, 21);
INSERT INTO Matches VALUES (744, 11, 277, 346, 3, 1);
INSERT INTO Sets VALUES (744, 1, 25, 20);
INSERT INTO Sets VALUES (744, 2, 25, 14);
INSERT INTO Sets VALUES (744, 3, 0, 25);
INSERT INTO Sets VALUES (744, 4, 25, 20);
INSERT INTO Matches VALUES (745, 11, 434, 340, 3, 0);
INSERT INTO Sets VALUES (745, 1, 25, 21);
INSERT INTO Sets VALUES (745, 2, 25, 22);
INSERT INTO Sets VALUES (745, 3, 25, 1);
INSERT INTO Matches VALUES (746, 11, 587, 309, 3, 1);
INSERT INTO Sets VALUES (746, 1, 17, 25);
INSERT INTO Sets VALUES (746, 2, 25, 17);
INSERT INTO Sets VALUES (746, 3, 25, 21);
INSERT INTO Sets VALUES (746, 4, 25, 15);
INSERT INTO Matches VALUES (747, 11, 356, 277, 3, 0);
INSERT INTO Sets VALUES (747, 1, 25, 19);
INSERT INTO Sets VALUES (747, 2, 25, 18);
INSERT INTO Sets VALUES (747, 3, 25, 4);
INSERT INTO Matches VALUES (748, 11, 356, 324, 3, 2);
INSERT INTO Sets VALUES (748, 1, 25, 13);
INSERT INTO Sets VALUES (748, 2, 14, 25);
INSERT INTO Sets VALUES (748, 3, 4, 25);
INSERT INTO Sets VALUES (748, 4, 25, 0);
INSERT INTO Sets VALUES (748, 5, 15, 7);
INSERT INTO Matches VALUES (749, 11, 277, 324, 3, 1);
INSERT INTO Sets VALUES (749, 1, 25, 12);
INSERT INTO Sets VALUES (749, 2, 25, 21);
INSERT INTO Sets VALUES (749, 3, 18, 25);
INSERT INTO Sets VALUES (749, 4, 25, 2);
INSERT INTO Matches VALUES (750, 11, 340, 283, 3, 1);
INSERT INTO Sets VALUES (750, 1, 25, 6);
INSERT INTO Sets VALUES (750, 2, 25, 3);
INSERT INTO Sets VALUES (750, 3, 11, 25);
INSERT INTO Sets VALUES (750, 4, 25, 21);
INSERT INTO Matches VALUES (751, 11, 254, 347, 3, 2);
INSERT INTO Sets VALUES (751, 1, 2, 25);
INSERT INTO Sets VALUES (751, 2, 25, 22);
INSERT INTO Sets VALUES (751, 3, 25, 1);
INSERT INTO Sets VALUES (751, 4, 6, 25);
INSERT INTO Sets VALUES (751, 5, 15, 9);
INSERT INTO Matches VALUES (752, 11, 345, 303, 3, 0);
INSERT INTO Sets VALUES (752, 1, 25, 12);
INSERT INTO Sets VALUES (752, 2, 25, 2);
INSERT INTO Sets VALUES (752, 3, 25, 9);
INSERT INTO Matches VALUES (753, 11, 277, 288, 3, 1);
INSERT INTO Sets VALUES (753, 1, 7, 25);
INSERT INTO Sets VALUES (753, 2, 25, 13);
INSERT INTO Sets VALUES (753, 3, 25, 4);
INSERT INTO Sets VALUES (753, 4, 25, 15);
INSERT INTO Matches VALUES (754, 11, 259, 581, 2, 3);
INSERT INTO Sets VALUES (754, 1, 25, 3);
INSERT INTO Sets VALUES (754, 2, 5, 25);
INSERT INTO Sets VALUES (754, 3, 25, 20);
INSERT INTO Sets VALUES (754, 4, 0, 25);
INSERT INTO Sets VALUES (754, 5, -1, 15);
INSERT INTO Matches VALUES (755, 11, 317, 462, 3, 0);
INSERT INTO Sets VALUES (755, 1, 25, 20);
INSERT INTO Sets VALUES (755, 2, 25, 21);
INSERT INTO Sets VALUES (755, 3, 25, 4);
INSERT INTO Matches VALUES (756, 11, 266, 340, 2, 3);
INSERT INTO Sets VALUES (756, 1, 25, 20);
INSERT INTO Sets VALUES (756, 2, 25, 19);
INSERT INTO Sets VALUES (756, 3, 18, 25);
INSERT INTO Sets VALUES (756, 4, 15, 25);
INSERT INTO Sets VALUES (756, 5, 8, 15);
INSERT INTO Matches VALUES (757, 11, 333, 345, 3, 2);
INSERT INTO Sets VALUES (757, 1, 25, 8);
INSERT INTO Sets VALUES (757, 2, 25, 22);
INSERT INTO Sets VALUES (757, 3, 2, 25);
INSERT INTO Sets VALUES (757, 4, 0, 25);
INSERT INTO Sets VALUES (757, 5, 15, 1);
INSERT INTO Matches VALUES (758, 11, 340, 580, 3, 1);
INSERT INTO Sets VALUES (758, 1, 25, 8);
INSERT INTO Sets VALUES (758, 2, 7, 25);
INSERT INTO Sets VALUES (758, 3, 25, 17);
INSERT INTO Sets VALUES (758, 4, 25, 8);
INSERT INTO Matches VALUES (759, 11, 346, 303, 3, 1);
INSERT INTO Sets VALUES (759, 1, 25, 18);
INSERT INTO Sets VALUES (759, 2, 1, 25);
INSERT INTO Sets VALUES (759, 3, 25, 3);
INSERT INTO Sets VALUES (759, 4, 25, 14);
INSERT INTO Matches VALUES (760, 11, 345, 370, 2, 3);
INSERT INTO Sets VALUES (760, 1, 25, 20);
INSERT INTO Sets VALUES (760, 2, 25, 3);
INSERT INTO Sets VALUES (760, 3, 18, 25);
INSERT INTO Sets VALUES (760, 4, 1, 25);
INSERT INTO Sets VALUES (760, 5, 0, 15);
INSERT INTO Matches VALUES (761, 11, 580, 309, 3, 1);
INSERT INTO Sets VALUES (761, 1, -1, 25);
INSERT INTO Sets VALUES (761, 2, 25, 2);
INSERT INTO Sets VALUES (761, 3, 25, 22);
INSERT INTO Sets VALUES (761, 4, 25, 11);
INSERT INTO Matches VALUES (762, 11, 259, 467, 3, 0);
INSERT INTO Sets VALUES (762, 1, 25, 0);
INSERT INTO Sets VALUES (762, 2, 25, 16);
INSERT INTO Sets VALUES (762, 3, 25, 15);
INSERT INTO Matches VALUES (763, 11, 272, 325, 3, 0);
INSERT INTO Sets VALUES (763, 1, 25, 6);
INSERT INTO Sets VALUES (763, 2, 25, 15);
INSERT INTO Sets VALUES (763, 3, 25, 2);
INSERT INTO Matches VALUES (764, 11, 325, 441, 3, 1);
INSERT INTO Sets VALUES (764, 1, 25, 11);
INSERT INTO Sets VALUES (764, 2, 25, 0);
INSERT INTO Sets VALUES (764, 3, 10, 25);
INSERT INTO Sets VALUES (764, 4, 25, 15);
INSERT INTO Matches VALUES (765, 11, 309, 630, 3, 2);
INSERT INTO Sets VALUES (765, 1, 25, 6);
INSERT INTO Sets VALUES (765, 2, 25, 9);
INSERT INTO Sets VALUES (765, 3, 20, 25);
INSERT INTO Sets VALUES (765, 4, 11, 25);
INSERT INTO Sets VALUES (765, 5, 15, 6);
INSERT INTO Matches VALUES (766, 11, 587, 266, 3, 1);
INSERT INTO Sets VALUES (766, 1, 3, 25);
INSERT INTO Sets VALUES (766, 2, 25, 19);
INSERT INTO Sets VALUES (766, 3, 25, 8);
INSERT INTO Sets VALUES (766, 4, 25, 8);
INSERT INTO Matches VALUES (767, 11, 346, 462, 3, 1);
INSERT INTO Sets VALUES (767, 1, 18, 25);
INSERT INTO Sets VALUES (767, 2, 25, 10);
INSERT INTO Sets VALUES (767, 3, 25, 18);
INSERT INTO Sets VALUES (767, 4, 25, 5);
INSERT INTO Matches VALUES (768, 11, 333, 317, 3, 0);
INSERT INTO Sets VALUES (768, 1, 25, 18);
INSERT INTO Sets VALUES (768, 2, 25, 4);
INSERT INTO Sets VALUES (768, 3, 25, 6);
INSERT INTO Matches VALUES (769, 11, 277, 631, 3, 2);
INSERT INTO Sets VALUES (769, 1, 25, 20);
INSERT INTO Sets VALUES (769, 2, 25, 9);
INSERT INTO Sets VALUES (769, 3, 8, 25);
INSERT INTO Sets VALUES (769, 4, 4, 25);
INSERT INTO Sets VALUES (769, 5, 15, 9);
INSERT INTO Matches VALUES (770, 11, 317, 272, 3, 2);
INSERT INTO Sets VALUES (770, 1, 3, 25);
INSERT INTO Sets VALUES (770, 2, 0, 25);
INSERT INTO Sets VALUES (770, 3, 25, 7);
INSERT INTO Sets VALUES (770, 4, 25, 19);
INSERT INTO Sets VALUES (770, 5, 15, 12);
INSERT INTO Matches VALUES (771, 11, 317, 370, 3, 0);
INSERT INTO Sets VALUES (771, 1, 25, 7);
INSERT INTO Sets VALUES (771, 2, 25, 21);
INSERT INTO Sets VALUES (771, 3, 25, 14);
INSERT INTO Matches VALUES (772, 11, 288, 259, 3, 0);
INSERT INTO Sets VALUES (772, 1, 25, 13);
INSERT INTO Sets VALUES (772, 2, 25, 1);
INSERT INTO Sets VALUES (772, 3, 25, 17);
INSERT INTO Matches VALUES (773, 11, 587, 462, NULL, NULL);
INSERT INTO Matches VALUES (774, 11, 587, 356, 2, 3);
INSERT INTO Sets VALUES (774, 1, 25, 2);
INSERT INTO Sets VALUES (774, 2, 25, 5);
INSERT INTO Sets VALUES (774, 3, 8, 25);
INSERT INTO Sets VALUES (774, 4, 5, 25);
INSERT INTO Sets VALUES (774, 5, 1, 15);
INSERT INTO Matches VALUES (775, 11, 370, 631, 3, 2);
INSERT INTO Sets VALUES (775, 1, 0, 25);
INSERT INTO Sets VALUES (775, 2, -1, 25);
INSERT INTO Sets VALUES (775, 3, 25, 1);
INSERT INTO Sets VALUES (775, 4, 25, 22);
INSERT INTO Sets VALUES (775, 5, 15, 3);
INSERT INTO Matches VALUES (776, 11, 272, 347, 3, 2);
INSERT INTO Sets VALUES (776, 1, 10, 25);
INSERT INTO Sets VALUES (776, 2, 25, 22);
INSERT INTO Sets VALUES (776, 3, 15, 25);
INSERT INTO Sets VALUES (776, 4, 25, 3);
INSERT INTO Sets VALUES (776, 5, 15, 0);
INSERT INTO Matches VALUES (777, 11, 317, 324, 3, 1);
INSERT INTO Sets VALUES (777, 1, 25, 3);
INSERT INTO Sets VALUES (777, 2, 25, 22);
INSERT INTO Sets VALUES (777, 3, 11, 25);
INSERT INTO Sets VALUES (777, 4, 25, 5);
INSERT INTO Matches VALUES (778, 11, 580, 467, 3, 0);
INSERT INTO Sets VALUES (778, 1, 25, 10);
INSERT INTO Sets VALUES (778, 2, 25, 12);
INSERT INTO Sets VALUES (778, 3, 25, 13);
INSERT INTO Matches VALUES (779, 11, 309, 340, 3, 1);
INSERT INTO Sets VALUES (779, 1, 25, 9);
INSERT INTO Sets VALUES (779, 2, 25, 21);
INSERT INTO Sets VALUES (779, 3, 14, 25);
INSERT INTO Sets VALUES (779, 4, 25, 1);
INSERT INTO Matches VALUES (780, 11, 303, 346, 3, 1);
INSERT INTO Sets VALUES (780, 1, 15, 25);
INSERT INTO Sets VALUES (780, 2, 25, 13);
INSERT INTO Sets VALUES (780, 3, 25, 12);
INSERT INTO Sets VALUES (780, 4, 25, 8);
INSERT INTO Matches VALUES (781, 11, 303, 462, 3, 0);
INSERT INTO Sets VALUES (781, 1, 25, 20);
INSERT INTO Sets VALUES (781, 2, 25, 14);
INSERT INTO Sets VALUES (781, 3, 25, 4);
INSERT INTO Matches VALUES (782, 11, 317, 441, 3, 0);
INSERT INTO Sets VALUES (782, 1, 25, 1);
INSERT INTO Sets VALUES (782, 2, 25, 8);
INSERT INTO Sets VALUES (782, 3, 25, 11);
INSERT INTO Matches VALUES (783, 11, 587, 333, 3, 0);
INSERT INTO Sets VALUES (783, 1, 25, 22);
INSERT INTO Sets VALUES (783, 2, 25, 1);
INSERT INTO Sets VALUES (783, 3, 25, 16);
INSERT INTO Matches VALUES (784, 11, 325, 303, 3, 1);
INSERT INTO Sets VALUES (784, 1, 25, 12);
INSERT INTO Sets VALUES (784, 2, 25, 8);
INSERT INTO Sets VALUES (784, 3, 11, 25);
INSERT INTO Sets VALUES (784, 4, 25, 11);
INSERT INTO Matches VALUES (785, 11, 462, 317, 3, 1);
INSERT INTO Sets VALUES (785, 1, 25, 18);
INSERT INTO Sets VALUES (785, 2, 25, 13);
INSERT INTO Sets VALUES (785, 3, 11, 25);
INSERT INTO Sets VALUES (785, 4, 25, 22);
INSERT INTO Matches VALUES (786, 11, 272, 345, 3, 2);
INSERT INTO Sets VALUES (786, 1, 25, 11);
INSERT INTO Sets VALUES (786, 2, 20, 25);
INSERT INTO Sets VALUES (786, 3, 25, 5);
INSERT INTO Sets VALUES (786, 4, 2, 25);
INSERT INTO Sets VALUES (786, 5, 15, 6);
INSERT INTO Matches VALUES (787, 11, 631, 333, 2, 3);
INSERT INTO Sets VALUES (787, 1, 25, 20);
INSERT INTO Sets VALUES (787, 2, 25, 21);
INSERT INTO Sets VALUES (787, 3, 21, 25);
INSERT INTO Sets VALUES (787, 4, 16, 25);
INSERT INTO Sets VALUES (787, 5, 7, 15);
INSERT INTO Matches VALUES (788, 11, 309, 277, NULL, NULL);
INSERT INTO Matches VALUES (789, 11, 356, 317, 3, 1);
INSERT INTO Sets VALUES (789, 1, 4, 25);
INSERT INTO Sets VALUES (789, 2, 25, 7);
INSERT INTO Sets VALUES (789, 3, 25, 3);
INSERT INTO Sets VALUES (789, 4, 25, 1);
INSERT INTO Matches VALUES (790, 11, 580, 317, 2, 3);
INSERT INTO Sets VALUES (790, 1, 12, 25);
INSERT INTO Sets VALUES (790, 2, 1, 25);
INSERT INTO Sets VALUES (790, 3, 25, 18);
INSERT INTO Sets VALUES (790, 4, 25, 16);
INSERT INTO Sets VALUES (790, 5, 4, 15);
INSERT INTO Matches VALUES (791, 11, 370, 288, 3, 0);
INSERT INTO Sets VALUES (791, 1, 25, 8);
INSERT INTO Sets VALUES (791, 2, 25, 6);
INSERT INTO Sets VALUES (791, 3, 25, 8);
INSERT INTO Matches VALUES (792, 11, 356, 303, 3, 0);
INSERT INTO Sets VALUES (792, 1, 25, 5);
INSERT INTO Sets VALUES (792, 2, 25, 20);
INSERT INTO Sets VALUES (792, 3, 25, 8);
INSERT INTO Matches VALUES (793, 11, 581, 356, 3, 2);
INSERT INTO Sets VALUES (793, 1, 8, 25);
INSERT INTO Sets VALUES (793, 2, 5, 25);
INSERT INTO Sets VALUES (793, 3, 25, 5);
INSERT INTO Sets VALUES (793, 4, 25, 8);
INSERT INTO Sets VALUES (793, 5, 15, 12);
INSERT INTO Matches VALUES (794, 11, 325, 272, 3, 2);
INSERT INTO Sets VALUES (794, 1, 25, 11);
INSERT INTO Sets VALUES (794, 2, 8, 25);
INSERT INTO Sets VALUES (794, 3, 2, 25);
INSERT INTO Sets VALUES (794, 4, 25, 7);
INSERT INTO Sets VALUES (794, 5, 15, 0);
INSERT INTO Matches VALUES (795, 11, 630, 434, 2, 3);
INSERT INTO Sets VALUES (795, 1, 25, 0);
INSERT INTO Sets VALUES (795, 2, 1, 25);
INSERT INTO Sets VALUES (795, 3, 25, 10);
INSERT INTO Sets VALUES (795, 4, 1, 25);
INSERT INTO Sets VALUES (795, 5, 0, 15);
INSERT INTO Matches VALUES (796, 11, 340, 581, 3, 1);
INSERT INTO Sets VALUES (796, 1, 25, 7);
INSERT INTO Sets VALUES (796, 2, 25, 18);
INSERT INTO Sets VALUES (796, 3, 20, 25);
INSERT INTO Sets VALUES (796, 4, 25, 9);
INSERT INTO Matches VALUES (797, 11, 309, 630, 3, 2);
INSERT INTO Sets VALUES (797, 1, 10, 25);
INSERT INTO Sets VALUES (797, 2, 4, 25);
INSERT INTO Sets VALUES (797, 3, 25, 20);
INSERT INTO Sets VALUES (797, 4, 25, 0);
INSERT INTO Sets VALUES (797, 5, 15, 6);
INSERT INTO Matches VALUES (798, 11, 266, 324, 3, 1);
INSERT INTO Sets VALUES (798, 1, 25, 10);
INSERT INTO Sets VALUES (798, 2, 22, 25);
INSERT INTO Sets VALUES (798, 3, 25, 4);
INSERT INTO Sets VALUES (798, 4, 25, 20);
INSERT INTO Matches VALUES (799, 11, 277, 283, 2, 3);
INSERT INTO Sets VALUES (799, 1, 22, 25);
INSERT INTO Sets VALUES (799, 2, 25, 14);
INSERT INTO Sets VALUES (799, 3, 1, 25);
INSERT INTO Sets VALUES (799, 4, 25, 4);
INSERT INTO Sets VALUES (799, 5, 20, 15);
INSERT INTO Matches VALUES (800, 11, 309, 467, NULL, NULL);
INSERT INTO Matches VALUES (801, 12, 442, 365, 3, 0);
INSERT INTO Sets VALUES (801, 1, 25, 8);
INSERT INTO Sets VALUES (801, 2, 25, 7);
INSERT INTO Sets VALUES (801, 3, 25, 4);
INSERT INTO Matches VALUES (802, 12, 376, 510, 3, 0);
INSERT INTO Sets VALUES (802, 1, 25, 13);
INSERT INTO Sets VALUES (802, 2, 25, 11);
INSERT INTO Sets VALUES (802, 3, 25, 21);
INSERT INTO Matches VALUES (803, 12, 482, 510, 3, 0);
INSERT INTO Sets VALUES (803, 1, 25, 4);
INSERT INTO Sets VALUES (803, 2, 25, 1);
INSERT INTO Sets VALUES (803, 3, 25, 20);
INSERT INTO Matches VALUES (804, 12, 427, 360, 3, 2);
INSERT INTO Sets VALUES (804, 1, 25, 0);
INSERT INTO Sets VALUES (804, 2, 17, 25);
INSERT INTO Sets VALUES (804, 3, 25, 18);
INSERT INTO Sets VALUES (804, 4, 18, 25);
INSERT INTO Sets VALUES (804, 5, 15, 9);
INSERT INTO Matches VALUES (805, 12, 482, 538, 3, 2);
INSERT INTO Sets VALUES (805, 1, 3, 25);
INSERT INTO Sets VALUES (805, 2, 0, 25);
INSERT INTO Sets VALUES (805, 3, 25, 16);
INSERT INTO Sets VALUES (805, 4, 25, 2);
INSERT INTO Sets VALUES (805, 5, 15, 11);
INSERT INTO Matches VALUES (806, 12, 376, 420, 2, 3);
INSERT INTO Sets VALUES (806, 1, 25, 10);
INSERT INTO Sets VALUES (806, 2, 19, 25);
INSERT INTO Sets VALUES (806, 3, 25, 7);
INSERT INTO Sets VALUES (806, 4, 18, 25);
INSERT INTO Sets VALUES (806, 5, 1, 15);
INSERT INTO Matches VALUES (807, 12, 376, 365, 3, 0);
INSERT INTO Sets VALUES (807, 1, 25, 9);
INSERT INTO Sets VALUES (807, 2, 25, 21);
INSERT INTO Sets VALUES (807, 3, 25, 8);
INSERT INTO Matches VALUES (808, 12, 365, 420, 3, 1);
INSERT INTO Sets VALUES (808, 1, 5, 25);
INSERT INTO Sets VALUES (808, 2, 25, 2);
INSERT INTO Sets VALUES (808, 3, 25, 7);
INSERT INTO Sets VALUES (808, 4, 25, 17);
INSERT INTO Matches VALUES (809, 12, 431, 371, 3, 2);
INSERT INTO Sets VALUES (809, 1, 6, 25);
INSERT INTO Sets VALUES (809, 2, 0, 25);
INSERT INTO Sets VALUES (809, 3, 25, 14);
INSERT INTO Sets VALUES (809, 4, 25, 7);
INSERT INTO Sets VALUES (809, 5, 15, 10);
INSERT INTO Matches VALUES (810, 12, 365, 436, NULL, NULL);
INSERT INTO Matches VALUES (811, 12, 510, 396, 3, 1);
INSERT INTO Sets VALUES (811, 1, 25, 12);
INSERT INTO Sets VALUES (811, 2, 18, 25);
INSERT INTO Sets VALUES (811, 3, 25, 7);
INSERT INTO Sets VALUES (811, 4, 25, 5);
INSERT INTO Matches VALUES (812, 12, 431, 360, NULL, NULL);
INSERT INTO Matches VALUES (813, 12, 431, 360, 3, 0);
INSERT INTO Sets VALUES (813, 1, 25, 0);
INSERT INTO Sets VALUES (813, 2, 25, 15);
INSERT INTO Sets VALUES (813, 3, 25, 13);
INSERT INTO Matches VALUES (814, 12, 371, 482, 3, 2);
INSERT INTO Sets VALUES (814, 1, 25, 5);
INSERT INTO Sets VALUES (814, 2, 25, 18);
INSERT INTO Sets VALUES (814, 3, 21, 25);
INSERT INTO Sets VALUES (814, 4, 5, 25);
INSERT INTO Sets VALUES (814, 5, 15, 12);
INSERT INTO Matches VALUES (815, 12, 379, 420, 3, 1);
INSERT INTO Sets VALUES (815, 1, 9, 25);
INSERT INTO Sets VALUES (815, 2, 25, 0);
INSERT INTO Sets VALUES (815, 3, 25, 13);
INSERT INTO Sets VALUES (815, 4, 25, 15);
INSERT INTO Matches VALUES (816, 12, 396, 510, 3, 0);
INSERT INTO Sets VALUES (816, 1, 25, 20);
INSERT INTO Sets VALUES (816, 2, 25, 21);
INSERT INTO Sets VALUES (816, 3, 25, 8);
INSERT INTO Matches VALUES (817, 13, 523, 359, 3, 2);
INSERT INTO Sets VALUES (817, 1, 25, 11);
INSERT INTO Sets VALUES (817, 2, 11, 25);
INSERT INTO Sets VALUES (817, 3, 2, 25);
INSERT INTO Sets VALUES (817, 4, 25, 22);
INSERT INTO Sets VALUES (817, 5, 15, 1);
INSERT INTO Matches VALUES (818, 13, 640, 405, 3, 0);
INSERT INTO Sets VALUES (818, 1, 25, 17);
INSERT INTO Sets VALUES (818, 2, 25, 20);
INSERT INTO Sets VALUES (818, 3, 25, 11);
INSERT INTO Matches VALUES (819, 13, 408, 640, 3, 1);
INSERT INTO Sets VALUES (819, 1, 25, 13);
INSERT INTO Sets VALUES (819, 2, 25, 4);
INSERT INTO Sets VALUES (819, 3, 6, 25);
INSERT INTO Sets VALUES (819, 4, 25, 2);
INSERT INTO Matches VALUES (820, 13, 421, 677, 3, 0);
INSERT INTO Sets VALUES (820, 1, 25, 8);
INSERT INTO Sets VALUES (820, 2, 25, 22);
INSERT INTO Sets VALUES (820, 3, 25, 16);
INSERT INTO Matches VALUES (821, 13, 383, 443, 3, 2);
INSERT INTO Sets VALUES (821, 1, 25, 15);
INSERT INTO Sets VALUES (821, 2, 7, 25);
INSERT INTO Sets VALUES (821, 3, 25, 19);
INSERT INTO Sets VALUES (821, 4, 9, 25);
INSERT INTO Sets VALUES (821, 5, 15, 4);
INSERT INTO Matches VALUES (822, 13, 408, 399, 3, 0);
INSERT INTO Sets VALUES (822, 1, 25, 11);
INSERT INTO Sets VALUES (822, 2, 25, 2);
INSERT INTO Sets VALUES (822, 3, 25, 13);
INSERT INTO Matches VALUES (823, 13, 437, 443, 3, 0);
INSERT INTO Sets VALUES (823, 1, 25, 16);
INSERT INTO Sets VALUES (823, 2, 25, 19);
INSERT INTO Sets VALUES (823, 3, 25, 7);
INSERT INTO Matches VALUES (824, 13, 552, 367, 3, 1);
INSERT INTO Sets VALUES (824, 1, 25, 5);
INSERT INTO Sets VALUES (824, 2, 13, 25);
INSERT INTO Sets VALUES (824, 3, 25, 18);
INSERT INTO Sets VALUES (824, 4, 25, 5);
INSERT INTO Matches VALUES (825, 13, 422, 383, 3, 2);
INSERT INTO Sets VALUES (825, 1, 25, 10);
INSERT INTO Sets VALUES (825, 2, 6, 25);
INSERT INTO Sets VALUES (825, 3, 25, 11);
INSERT INTO Sets VALUES (825, 4, 12, 25);
INSERT INTO Sets VALUES (825, 5, 15, 12);
INSERT INTO Matches VALUES (826, 13, 437, 372, 3, 2);
INSERT INTO Sets VALUES (826, 1, 25, 3);
INSERT INTO Sets VALUES (826, 2, 0, 25);
INSERT INTO Sets VALUES (826, 3, 0, 25);
INSERT INTO Sets VALUES (826, 4, 25, 21);
INSERT INTO Sets VALUES (826, 5, 15, 9);
INSERT INTO Matches VALUES (827, 13, 677, 391, 3, 1);
INSERT INTO Sets VALUES (827, 1, 25, 6);
INSERT INTO Sets VALUES (827, 2, 13, 25);
INSERT INTO Sets VALUES (827, 3, 25, 3);
INSERT INTO Sets VALUES (827, 4, 25, 14);
INSERT INTO Matches VALUES (828, 13, 533, 359, 3, 2);
INSERT INTO Sets VALUES (828, 1, 17, 25);
INSERT INTO Sets VALUES (828, 2, 25, 11);
INSERT INTO Sets VALUES (828, 3, 2, 25);
INSERT INTO Sets VALUES (828, 4, 25, 0);
INSERT INTO Sets VALUES (828, 5, 15, 12);
INSERT INTO Matches VALUES (829, 13, 399, 402, 3, 2);
INSERT INTO Sets VALUES (829, 1, 11, 25);
INSERT INTO Sets VALUES (829, 2, 25, 3);
INSERT INTO Sets VALUES (829, 3, 8, 25);
INSERT INTO Sets VALUES (829, 4, 25, 14);
INSERT INTO Sets VALUES (829, 5, 15, 4);
INSERT INTO Matches VALUES (830, 13, 408, 566, NULL, NULL);
INSERT INTO Matches VALUES (831, 13, 437, 443, 3, 0);
INSERT INTO Sets VALUES (831, 1, 25, 13);
INSERT INTO Sets VALUES (831, 2, 25, 16);
INSERT INTO Sets VALUES (831, 3, 25, 17);
INSERT INTO Matches VALUES (832, 13, 437, 524, 2, 3);
INSERT INTO Sets VALUES (832, 1, 21, 25);
INSERT INTO Sets VALUES (832, 2, 25, 3);
INSERT INTO Sets VALUES (832, 3, 13, 25);
INSERT INTO Sets VALUES (832, 4, 25, 10);
INSERT INTO Sets VALUES (832, 5, 19, 15);
INSERT INTO Matches VALUES (833, 13, 415, 359, 3, 0);
INSERT INTO Sets VALUES (833, 1, 25, 1);
INSERT INTO Sets VALUES (833, 2, 25, 6);
INSERT INTO Sets VALUES (833, 3, 25, 20);
INSERT INTO Matches VALUES (834, 13, 422, 402, 2, 3);
INSERT INTO Sets VALUES (834, 1, 20, 25);
INSERT INTO Sets VALUES (834, 2, 25, 11);
INSERT INTO Sets VALUES (834, 3, 14, 25);
INSERT INTO Sets VALUES (834, 4, 25, 6);
INSERT INTO Sets VALUES (834, 5, 0, 15);
INSERT INTO Matches VALUES (835, 13, 524, 566, NULL, NULL);
INSERT INTO Matches VALUES (836, 13, 443, 566, 3, 1);
INSERT INTO Sets VALUES (836, 1, 25, 12);
INSERT INTO Sets VALUES (836, 2, 11, 25);
INSERT INTO Sets VALUES (836, 3, 25, 19);
INSERT INTO Sets VALUES (836, 4, 25, 0);
INSERT INTO Matches VALUES (837, 13, 677, 405, 2, 3);
INSERT INTO Sets VALUES (837, 1, 9, 25);
INSERT INTO Sets VALUES (837, 2, 3, 25);
INSERT INTO Sets VALUES (837, 3, 25, 4);
INSERT INTO Sets VALUES (837, 4, 25, 8);
INSERT INTO Sets VALUES (837, 5, 8, 15);
INSERT INTO Matches VALUES (838, 13, 383, 552, 3, 0);
INSERT INTO Sets VALUES (838, 1, 25, 20);
INSERT INTO Sets VALUES (838, 2, 25, 20);
INSERT INTO Sets VALUES (838, 3, 25, 13);
INSERT INTO Matches VALUES (839, 13, 566, 421, 3, 0);
INSERT INTO Sets VALUES (839, 1, 25, 11);
INSERT INTO Sets VALUES (839, 2, 25, 9);
INSERT INTO Sets VALUES (839, 3, 25, 19);
INSERT INTO Matches VALUES (840, 13, 421, 443, 3, 0);
INSERT INTO Sets VALUES (840, 1, 25, 9);
INSERT INTO Sets VALUES (840, 2, 25, 21);
INSERT INTO Sets VALUES (840, 3, 25, 19);
INSERT INTO Matches VALUES (841, 13, 399, 408, 3, 2);
INSERT INTO Sets VALUES (841, 1, 25, 14);
INSERT INTO Sets VALUES (841, 2, 2, 25);
INSERT INTO Sets VALUES (841, 3, 0, 25);
INSERT INTO Sets VALUES (841, 4, 25, 4);
INSERT INTO Sets VALUES (841, 5, 15, 10);
INSERT INTO Matches VALUES (842, 13, 443, 412, 3, 0);
INSERT INTO Sets VALUES (842, 1, 25, 2);
INSERT INTO Sets VALUES (842, 2, 25, 0);
INSERT INTO Sets VALUES (842, 3, 25, 0);
INSERT INTO Matches VALUES (843, 13, 533, 523, 3, 0);
INSERT INTO Sets VALUES (843, 1, 25, 9);
INSERT INTO Sets VALUES (843, 2, 25, 2);
INSERT INTO Sets VALUES (843, 3, 25, 8);
INSERT INTO Matches VALUES (844, 13, 422, 523, 3, 1);
INSERT INTO Sets VALUES (844, 1, 25, 20);
INSERT INTO Sets VALUES (844, 2, 15, 25);
INSERT INTO Sets VALUES (844, 3, 25, 12);
INSERT INTO Sets VALUES (844, 4, 25, 9);
INSERT INTO Matches VALUES (845, 13, 383, 552, 3, 1);
INSERT INTO Sets VALUES (845, 1, 22, 25);
INSERT INTO Sets VALUES (845, 2, 25, 10);
INSERT INTO Sets VALUES (845, 3, 25, 15);
INSERT INTO Sets VALUES (845, 4, 25, 10);
INSERT INTO Matches VALUES (846, 13, 405, 391, 3, 2);
INSERT INTO Sets VALUES (846, 1, 5, 25);
INSERT INTO Sets VALUES (846, 2, 0, 25);
INSERT INTO Sets VALUES (846, 3, 25, 5);
INSERT INTO Sets VALUES (846, 4, 25, 21);
INSERT INTO Sets VALUES (846, 5, 15, 7);
INSERT INTO Matches VALUES (847, 13, 492, 422, 1, 3);
INSERT INTO Sets VALUES (847, 1, 3, 25);
INSERT INTO Sets VALUES (847, 2, 0, 25);
INSERT INTO Sets VALUES (847, 3, 25, 15);
INSERT INTO Sets VALUES (847, 4, 18, 25);
INSERT INTO Matches VALUES (848, 14, 393, 410, 1, 3);
INSERT INTO Sets VALUES (848, 1, 0, 25);
INSERT INTO Sets VALUES (848, 2, 25, 18);
INSERT INTO Sets VALUES (848, 3, 14, 25);
INSERT INTO Sets VALUES (848, 4, 10, 25);
INSERT INTO Matches VALUES (849, 14, 378, 409, 3, 0);
INSERT INTO Sets VALUES (849, 1, 25, 18);
INSERT INTO Sets VALUES (849, 2, 25, 4);
INSERT INTO Sets VALUES (849, 3, 25, 5);
INSERT INTO Matches VALUES (850, 14, 535, 393, 3, 2);
INSERT INTO Sets VALUES (850, 1, 9, 25);
INSERT INTO Sets VALUES (850, 2, 0, 25);
INSERT INTO Sets VALUES (850, 3, 25, 17);
INSERT INTO Sets VALUES (850, 4, 25, 16);
INSERT INTO Sets VALUES (850, 5, 15, 4);
INSERT INTO Matches VALUES (851, 14, 535, 428, 2, 3);
INSERT INTO Sets VALUES (851, 1, 25, 0);
INSERT INTO Sets VALUES (851, 2, 6, 25);
INSERT INTO Sets VALUES (851, 3, 3, 25);
INSERT INTO Sets VALUES (851, 4, 25, 10);
INSERT INTO Sets VALUES (851, 5, 21, 15);
INSERT INTO Matches VALUES (852, 14, 393, 413, 3, 0);
INSERT INTO Sets VALUES (852, 1, 25, 6);
INSERT INTO Sets VALUES (852, 2, 25, 6);
INSERT INTO Sets VALUES (852, 3, 25, 10);
INSERT INTO Matches VALUES (853, 14, 394, 361, 3, 1);
INSERT INTO Sets VALUES (853, 1, 25, 15);
INSERT INTO Sets VALUES (853, 2, 10, 25);
INSERT INTO Sets VALUES (853, 3, 25, 5);
INSERT INTO Sets VALUES (853, 4, 25, 14);
INSERT INTO Matches VALUES (854, 14, 393, 413, NULL, NULL);
INSERT INTO Matches VALUES (855, 14, 414, 535, 3, 0);
INSERT INTO Sets VALUES (855, 1, 25, 16);
INSERT INTO Sets VALUES (855, 2, 25, 16);
INSERT INTO Sets VALUES (855, 3, 25, 16);
INSERT INTO Matches VALUES (856, 14, 414, 361, 3, 0);
INSERT INTO Sets VALUES (856, 1, 25, 4);
INSERT INTO Sets VALUES (856, 2, 25, 22);
INSERT INTO Sets VALUES (856, 3, 25, 17);
INSERT INTO Matches VALUES (857, 14, 598, 393, NULL, NULL);
INSERT INTO Matches VALUES (858, 14, 500, 369, 3, 1);
INSERT INTO Sets VALUES (858, 1, 6, 25);
INSERT INTO Sets VALUES (858, 2, 25, 8);
INSERT INTO Sets VALUES (858, 3, 25, 5);
INSERT INTO Sets VALUES (858, 4, 25, 22);
INSERT INTO Matches VALUES (859, 14, 413, 387, 2, 3);
INSERT INTO Sets VALUES (859, 1, 13, 25);
INSERT INTO Sets VALUES (859, 2, 25, 9);
INSERT INTO Sets VALUES (859, 3, 25, 15);
INSERT INTO Sets VALUES (859, 4, 20, 25);
INSERT INTO Sets VALUES (859, 5, 15, 15);
INSERT INTO Matches VALUES (860, 14, 680, 440, 3, 0);
INSERT INTO Sets VALUES (860, 1, 25, 13);
INSERT INTO Sets VALUES (860, 2, 25, 19);
INSERT INTO Sets VALUES (860, 3, 25, 4);
INSERT INTO Matches VALUES (861, 14, 409, 553, 3, 1);
INSERT INTO Sets VALUES (861, 1, 25, 11);
INSERT INTO Sets VALUES (861, 2, 3, 25);
INSERT INTO Sets VALUES (861, 3, 25, 16);
INSERT INTO Sets VALUES (861, 4, 25, 4);
INSERT INTO Matches VALUES (862, 14, 378, 500, 3, 1);
INSERT INTO Sets VALUES (862, 1, 25, 13);
INSERT INTO Sets VALUES (862, 2, 20, 25);
INSERT INTO Sets VALUES (862, 3, 25, 21);
INSERT INTO Sets VALUES (862, 4, 25, 6);
INSERT INTO Matches VALUES (863, 14, 393, 394, 3, 2);
INSERT INTO Sets VALUES (863, 1, 25, 10);
INSERT INTO Sets VALUES (863, 2, 25, 0);
INSERT INTO Sets VALUES (863, 3, 19, 25);
INSERT INTO Sets VALUES (863, 4, 16, 25);
INSERT INTO Sets VALUES (863, 5, 15, 8);
INSERT INTO Matches VALUES (864, 14, 598, 417, 3, 1);
INSERT INTO Sets VALUES (864, 1, 25, 17);
INSERT INTO Sets VALUES (864, 2, 10, 25);
INSERT INTO Sets VALUES (864, 3, 25, 4);
INSERT INTO Sets VALUES (864, 4, 25, 21);
INSERT INTO Matches VALUES (865, 14, 419, 440, 3, 1);
INSERT INTO Sets VALUES (865, 1, 21, 25);
INSERT INTO Sets VALUES (865, 2, 25, 7);
INSERT INTO Sets VALUES (865, 3, 25, 22);
INSERT INTO Sets VALUES (865, 4, 25, 21);
INSERT INTO Matches VALUES (866, 14, 423, 410, 3, 0);
INSERT INTO Sets VALUES (866, 1, 25, 18);
INSERT INTO Sets VALUES (866, 2, 25, 1);
INSERT INTO Sets VALUES (866, 3, 25, 0);
INSERT INTO Matches VALUES (867, 14, 417, 535, 0, 3);
INSERT INTO Sets VALUES (867, 1, 21, 25);
INSERT INTO Sets VALUES (867, 2, 7, 25);
INSERT INTO Sets VALUES (867, 3, 3, 25);
INSERT INTO Matches VALUES (868, 14, 387, 423, 3, 2);
INSERT INTO Sets VALUES (868, 1, 25, 3);
INSERT INTO Sets VALUES (868, 2, 25, 7);
INSERT INTO Sets VALUES (868, 3, 5, 25);
INSERT INTO Sets VALUES (868, 4, 0, 25);
INSERT INTO Sets VALUES (868, 5, 15, 9);
INSERT INTO Matches VALUES (869, 14, 423, 369, 3, 1);
INSERT INTO Sets VALUES (869, 1, 25, 17);
INSERT INTO Sets VALUES (869, 2, 13, 25);
INSERT INTO Sets VALUES (869, 3, 25, 9);
INSERT INTO Sets VALUES (869, 4, 25, 8);
INSERT INTO Matches VALUES (870, 14, 576, 410, 3, 2);
INSERT INTO Sets VALUES (870, 1, 7, 25);
INSERT INTO Sets VALUES (870, 2, 25, 21);
INSERT INTO Sets VALUES (870, 3, 25, 0);
INSERT INTO Sets VALUES (870, 4, 14, 25);
INSERT INTO Sets VALUES (870, 5, 15, 7);
INSERT INTO Matches VALUES (871, 14, 440, 409, 3, 1);
INSERT INTO Sets VALUES (871, 1, 25, 4);
INSERT INTO Sets VALUES (871, 2, 3, 25);
INSERT INTO Sets VALUES (871, 3, 25, 22);
INSERT INTO Sets VALUES (871, 4, 25, 11);
INSERT INTO Matches VALUES (872, 14, 378, 394, 3, 0);
INSERT INTO Sets VALUES (872, 1, 25, 9);
INSERT INTO Sets VALUES (872, 2, 25, 19);
INSERT INTO Sets VALUES (872, 3, 25, 11);
INSERT INTO Matches VALUES (873, 14, 394, 440, 3, 1);
INSERT INTO Sets VALUES (873, 1, 8, 25);
INSERT INTO Sets VALUES (873, 2, 25, 4);
INSERT INTO Sets VALUES (873, 3, 25, 0);
INSERT INTO Sets VALUES (873, 4, 25, 18);
INSERT INTO Matches VALUES (874, 14, 553, 423, 3, 2);
INSERT INTO Sets VALUES (874, 1, 25, 3);
INSERT INTO Sets VALUES (874, 2, 22, 25);
INSERT INTO Sets VALUES (874, 3, 25, 15);
INSERT INTO Sets VALUES (874, 4, 2, 25);
INSERT INTO Sets VALUES (874, 5, 15, 12);
INSERT INTO Matches VALUES (875, 14, 393, 440, 3, 0);
INSERT INTO Sets VALUES (875, 1, 25, 11);
INSERT INTO Sets VALUES (875, 2, 25, 6);
INSERT INTO Sets VALUES (875, 3, 25, 8);
INSERT INTO Matches VALUES (876, 14, 410, 417, 3, 0);
INSERT INTO Sets VALUES (876, 1, 25, 11);
INSERT INTO Sets VALUES (876, 2, 25, 9);
INSERT INTO Sets VALUES (876, 3, 25, 1);
INSERT INTO Matches VALUES (877, 14, 369, 428, 2, 3);
INSERT INTO Sets VALUES (877, 1, 25, 13);
INSERT INTO Sets VALUES (877, 2, 9, 25);
INSERT INTO Sets VALUES (877, 3, 25, 18);
INSERT INTO Sets VALUES (877, 4, 21, 25);
INSERT INTO Sets VALUES (877, 5, 2, 15);
INSERT INTO Matches VALUES (878, 14, 576, 387, 3, 0);
INSERT INTO Sets VALUES (878, 1, 25, 14);
INSERT INTO Sets VALUES (878, 2, 25, 15);
INSERT INTO Sets VALUES (878, 3, 25, 15);
INSERT INTO Matches VALUES (879, 14, 419, 433, 3, 1);
INSERT INTO Sets VALUES (879, 1, 15, 25);
INSERT INTO Sets VALUES (879, 2, 25, 3);
INSERT INTO Sets VALUES (879, 3, 25, 14);
INSERT INTO Sets VALUES (879, 4, 25, 19);
INSERT INTO Matches VALUES (880, 14, 409, 428, 3, 0);
INSERT INTO Sets VALUES (880, 1, 25, 15);
INSERT INTO Sets VALUES (880, 2, 25, 17);
INSERT INTO Sets VALUES (880, 3, 25, 1);
INSERT INTO Matches VALUES (881, 15, 463, 537, 3, 0);
INSERT INTO Sets VALUES (881, 1, 25, 18);
INSERT INTO Sets VALUES (881, 2, 25, 1);
INSERT INTO Sets VALUES (881, 3, 25, 6);
INSERT INTO Matches VALUES (882, 15, 509, 455, 3, 1);
INSERT INTO Sets VALUES (882, 1, 25, 13);
INSERT INTO Sets VALUES (882, 2, 25, 10);
INSERT INTO Sets VALUES (882, 3, 8, 25);
INSERT INTO Sets VALUES (882, 4, 25, 20);
INSERT INTO Matches VALUES (883, 15, 481, 455, 3, 0);
INSERT INTO Sets VALUES (883, 1, 25, 20);
INSERT INTO Sets VALUES (883, 2, 25, 16);
INSERT INTO Sets VALUES (883, 3, 25, 18);
INSERT INTO Matches VALUES (884, 15, 527, 509, 3, 2);
INSERT INTO Sets VALUES (884, 1, 25, 10);
INSERT INTO Sets VALUES (884, 2, 25, 8);
INSERT INTO Sets VALUES (884, 3, 10, 25);
INSERT INTO Sets VALUES (884, 4, 6, 25);
INSERT INTO Sets VALUES (884, 5, 15, 4);
INSERT INTO Matches VALUES (885, 15, 489, 449, 3, 1);
INSERT INTO Sets VALUES (885, 1, 25, 4);
INSERT INTO Sets VALUES (885, 2, 19, 25);
INSERT INTO Sets VALUES (885, 3, 25, 21);
INSERT INTO Sets VALUES (885, 4, 25, 21);
INSERT INTO Matches VALUES (886, 15, 527, 489, 3, 0);
INSERT INTO Sets VALUES (886, 1, 25, 21);
INSERT INTO Sets VALUES (886, 2, 25, 1);
INSERT INTO Sets VALUES (886, 3, 25, 19);
INSERT INTO Matches VALUES (887, 15, 502, 501, 2, 3);
INSERT INTO Sets VALUES (887, 1, 2, 25);
INSERT INTO Sets VALUES (887, 2, 25, 11);
INSERT INTO Sets VALUES (887, 3, 17, 25);
INSERT INTO Sets VALUES (887, 4, 25, 9);
INSERT INTO Sets VALUES (887, 5, 20, 15);
INSERT INTO Matches VALUES (888, 15, 566, 476, 3, 2);
INSERT INTO Sets VALUES (888, 1, 25, 10);
INSERT INTO Sets VALUES (888, 2, 4, 25);
INSERT INTO Sets VALUES (888, 3, 1, 25);
INSERT INTO Sets VALUES (888, 4, 25, 21);
INSERT INTO Sets VALUES (888, 5, 15, 2);
INSERT INTO Matches VALUES (889, 15, 444, 502, 3, 0);
INSERT INTO Sets VALUES (889, 1, 25, 7);
INSERT INTO Sets VALUES (889, 2, 25, 5);
INSERT INTO Sets VALUES (889, 3, 25, 9);
INSERT INTO Matches VALUES (890, 15, 495, 455, 3, 1);
INSERT INTO Sets VALUES (890, 1, 18, 25);
INSERT INTO Sets VALUES (890, 2, 25, 0);
INSERT INTO Sets VALUES (890, 3, 25, 10);
INSERT INTO Sets VALUES (890, 4, 25, 22);
INSERT INTO Matches VALUES (891, 15, 517, 566, 3, 1);
INSERT INTO Sets VALUES (891, 1, 1, 25);
INSERT INTO Sets VALUES (891, 2, 25, 22);
INSERT INTO Sets VALUES (891, 3, 25, 3);
INSERT INTO Sets VALUES (891, 4, 25, 5);
INSERT INTO Matches VALUES (892, 15, 444, 463, 3, 1);
INSERT INTO Sets VALUES (892, 1, 25, 11);
INSERT INTO Sets VALUES (892, 2, 25, 15);
INSERT INTO Sets VALUES (892, 3, 9, 25);
INSERT INTO Sets VALUES (892, 4, 25, 2);
INSERT INTO Matches VALUES (893, 15, 537, 463, 1, 3);
INSERT INTO Sets VALUES (893, 1, 0, 25);
INSERT INTO Sets VALUES (893, 2, 25, 15);
INSERT INTO Sets VALUES (893, 3, 4, 25);
INSERT INTO Sets VALUES (893, 4, 0, 25);
INSERT INTO Matches VALUES (894, 15, 502, 463, NULL, NULL);
INSERT INTO Matches VALUES (895, 15, 455, 450, 3, 1);
INSERT INTO Sets VALUES (895, 1, 0, 25);
INSERT INTO Sets VALUES (895, 2, 25, 10);
INSERT INTO Sets VALUES (895, 3, 25, 20);
INSERT INTO Sets VALUES (895, 4, 25, 17);
INSERT INTO Matches VALUES (896, 15, 481, 449, 2, 3);
INSERT INTO Sets VALUES (896, 1, 5, 25);
INSERT INTO Sets VALUES (896, 2, 25, 0);
INSERT INTO Sets VALUES (896, 3, 25, 14);
INSERT INTO Sets VALUES (896, 4, 0, 25);
INSERT INTO Sets VALUES (896, 5, 0, 15);
INSERT INTO Matches VALUES (897, 15, 566, 527, NULL, NULL);
INSERT INTO Matches VALUES (898, 15, 501, 455, 1, 3);
INSERT INTO Sets VALUES (898, 1, -1, 25);
INSERT INTO Sets VALUES (898, 2, -1, 25);
INSERT INTO Sets VALUES (898, 3, 25, 6);
INSERT INTO Sets VALUES (898, 4, 1, 25);
INSERT INTO Matches VALUES (899, 15, 517, 566, 3, 1);
INSERT INTO Sets VALUES (899, 1, 25, 3);
INSERT INTO Sets VALUES (899, 2, 7, 25);
INSERT INTO Sets VALUES (899, 3, 25, 20);
INSERT INTO Sets VALUES (899, 4, 25, 3);
INSERT INTO Matches VALUES (900, 15, 463, 495, 3, 1);
INSERT INTO Sets VALUES (900, 1, 4, 25);
INSERT INTO Sets VALUES (900, 2, 25, 21);
INSERT INTO Sets VALUES (900, 3, 25, 19);
INSERT INTO Sets VALUES (900, 4, 25, 22);
INSERT INTO Matches VALUES (901, 15, 455, 463, 1, 3);
INSERT INTO Sets VALUES (901, 1, 18, 25);
INSERT INTO Sets VALUES (901, 2, 25, 4);
INSERT INTO Sets VALUES (901, 3, 12, 25);
INSERT INTO Sets VALUES (901, 4, 0, 25);
INSERT INTO Matches VALUES (902, 15, 449, 476, NULL, NULL);
INSERT INTO Matches VALUES (903, 15, 517, 444, 3, 0);
INSERT INTO Sets VALUES (903, 1, 25, 2);
INSERT INTO Sets VALUES (903, 2, 25, 18);
INSERT INTO Sets VALUES (903, 3, 25, 1);
INSERT INTO Matches VALUES (904, 15, 517, 501, 3, 1);
INSERT INTO Sets VALUES (904, 1, 25, 3);
INSERT INTO Sets VALUES (904, 2, 2, 25);
INSERT INTO Sets VALUES (904, 3, 25, 11);
INSERT INTO Sets VALUES (904, 4, 25, 16);
INSERT INTO Matches VALUES (905, 15, 517, 509, 3, 1);
INSERT INTO Sets VALUES (905, 1, 25, 12);
INSERT INTO Sets VALUES (905, 2, 25, 17);
INSERT INTO Sets VALUES (905, 3, 3, 25);
INSERT INTO Sets VALUES (905, 4, 25, 17);
INSERT INTO Matches VALUES (906, 15, 545, 476, 3, 0);
INSERT INTO Sets VALUES (906, 1, 25, 4);
INSERT INTO Sets VALUES (906, 2, 25, 1);
INSERT INTO Sets VALUES (906, 3, 25, 19);
INSERT INTO Matches VALUES (907, 15, 537, 455, NULL, NULL);
INSERT INTO Matches VALUES (908, 15, 501, 476, 3, 2);
INSERT INTO Sets VALUES (908, 1, 14, 25);
INSERT INTO Sets VALUES (908, 2, 25, 4);
INSERT INTO Sets VALUES (908, 3, 25, 6);
INSERT INTO Sets VALUES (908, 4, 11, 25);
INSERT INTO Sets VALUES (908, 5, 15, 8);
INSERT INTO Matches VALUES (909, 15, 489, 502, NULL, NULL);
INSERT INTO Matches VALUES (910, 15, 463, 495, 2, 3);
INSERT INTO Sets VALUES (910, 1, 1, 25);
INSERT INTO Sets VALUES (910, 2, 0, 25);
INSERT INTO Sets VALUES (910, 3, 25, 19);
INSERT INTO Sets VALUES (910, 4, 25, 5);
INSERT INTO Sets VALUES (910, 5, 22, 15);
INSERT INTO Matches VALUES (911, 15, 449, 527, 3, 1);
INSERT INTO Sets VALUES (911, 1, 1, 25);
INSERT INTO Sets VALUES (911, 2, 25, 16);
INSERT INTO Sets VALUES (911, 3, 25, 2);
INSERT INTO Sets VALUES (911, 4, 25, 7);
INSERT INTO Matches VALUES (912, 15, 537, 450, 3, 1);
INSERT INTO Sets VALUES (912, 1, 14, 25);
INSERT INTO Sets VALUES (912, 2, 25, 17);
INSERT INTO Sets VALUES (912, 3, 25, 12);
INSERT INTO Sets VALUES (912, 4, 25, 5);
INSERT INTO Matches VALUES (913, 15, 463, 449, 3, 2);
INSERT INTO Sets VALUES (913, 1, 17, 25);
INSERT INTO Sets VALUES (913, 2, 25, 3);
INSERT INTO Sets VALUES (913, 3, 15, 25);
INSERT INTO Sets VALUES (913, 4, 25, 5);
INSERT INTO Sets VALUES (913, 5, 15, 6);
INSERT INTO Matches VALUES (914, 15, 509, 495, 3, 2);
INSERT INTO Sets VALUES (914, 1, 25, 4);
INSERT INTO Sets VALUES (914, 2, 0, 25);
INSERT INTO Sets VALUES (914, 3, -1, 25);
INSERT INTO Sets VALUES (914, 4, 25, 19);
INSERT INTO Sets VALUES (914, 5, 15, 1);
INSERT INTO Matches VALUES (915, 15, 566, 481, 3, 0);
INSERT INTO Sets VALUES (915, 1, 25, 1);
INSERT INTO Sets VALUES (915, 2, 25, 20);
INSERT INTO Sets VALUES (915, 3, 25, 7);
INSERT INTO Matches VALUES (916, 15, 489, 509, 3, 0);
INSERT INTO Sets VALUES (916, 1, 25, 20);
INSERT INTO Sets VALUES (916, 2, 25, 4);
INSERT INTO Sets VALUES (916, 3, 25, 11);
INSERT INTO Matches VALUES (917, 15, 444, 502, 3, 1);
INSERT INTO Sets VALUES (917, 1, 25, 7);
INSERT INTO Sets VALUES (917, 2, 25, 14);
INSERT INTO Sets VALUES (917, 3, 20, 25);
INSERT INTO Sets VALUES (917, 4, 25, 22);
INSERT INTO Matches VALUES (918, 15, 489, 450, 3, 2);
INSERT INTO Sets VALUES (918, 1, 13, 25);
INSERT INTO Sets VALUES (918, 2, 25, 0);
INSERT INTO Sets VALUES (918, 3, 14, 25);
INSERT INTO Sets VALUES (918, 4, 25, 11);
INSERT INTO Sets VALUES (918, 5, 15, 4);
INSERT INTO Matches VALUES (919, 15, 537, 455, 3, 0);
INSERT INTO Sets VALUES (919, 1, 25, 20);
INSERT INTO Sets VALUES (919, 2, 25, 6);
INSERT INTO Sets VALUES (919, 3, 25, 12);
INSERT INTO Matches VALUES (920, 15, 502, 566, 3, 2);
INSERT INTO Sets VALUES (920, 1, 25, 0);
INSERT INTO Sets VALUES (920, 2, 19, 25);
INSERT INTO Sets VALUES (920, 3, 25, 15);
INSERT INTO Sets VALUES (920, 4, 6, 25);
INSERT INTO Sets VALUES (920, 5, 15, 3);
INSERT INTO Matches VALUES (921, 15, 468, 527, 3, 0);
INSERT INTO Sets VALUES (921, 1, 25, 3);
INSERT INTO Sets VALUES (921, 2, 25, 15);
INSERT INTO Sets VALUES (921, 3, 25, 7);
INSERT INTO Matches VALUES (922, 15, 489, 455, 3, 0);
INSERT INTO Sets VALUES (922, 1, 25, 11);
INSERT INTO Sets VALUES (922, 2, 25, 3);
INSERT INTO Sets VALUES (922, 3, 25, 10);
INSERT INTO Matches VALUES (923, 15, 476, 463, 3, 0);
INSERT INTO Sets VALUES (923, 1, 25, 4);
INSERT INTO Sets VALUES (923, 2, 25, 14);
INSERT INTO Sets VALUES (923, 3, 25, 14);
INSERT INTO Matches VALUES (924, 15, 496, 476, 3, 0);
INSERT INTO Sets VALUES (924, 1, 25, 7);
INSERT INTO Sets VALUES (924, 2, 25, 16);
INSERT INTO Sets VALUES (924, 3, 25, 1);
INSERT INTO Matches VALUES (925, 15, 527, 566, 3, 1);
INSERT INTO Sets VALUES (925, 1, 25, 20);
INSERT INTO Sets VALUES (925, 2, 25, 1);
INSERT INTO Sets VALUES (925, 3, 0, 25);
INSERT INTO Sets VALUES (925, 4, 25, 11);
INSERT INTO Matches VALUES (926, 15, 545, 537, 3, 0);
INSERT INTO Sets VALUES (926, 1, 25, 9);
INSERT INTO Sets VALUES (926, 2, 25, 21);
INSERT INTO Sets VALUES (926, 3, 25, 10);
INSERT INTO Matches VALUES (927, 15, 476, 449, 3, 1);
INSERT INTO Sets VALUES (927, 1, 25, 19);
INSERT INTO Sets VALUES (927, 2, 7, 25);
INSERT INTO Sets VALUES (927, 3, 25, 1);
INSERT INTO Sets VALUES (927, 4, 25, 18);
INSERT INTO Matches VALUES (928, 15, 481, 444, 3, 0);
INSERT INTO Sets VALUES (928, 1, 25, 5);
INSERT INTO Sets VALUES (928, 2, 25, 7);
INSERT INTO Sets VALUES (928, 3, 25, 6);
INSERT INTO Matches VALUES (929, 15, 502, 566, 3, 1);
INSERT INTO Sets VALUES (929, 1, 17, 25);
INSERT INTO Sets VALUES (929, 2, 25, 9);
INSERT INTO Sets VALUES (929, 3, 25, 6);
INSERT INTO Sets VALUES (929, 4, 25, 0);
INSERT INTO Matches VALUES (930, 15, 481, 537, 3, 1);
INSERT INTO Sets VALUES (930, 1, 25, 18);
INSERT INTO Sets VALUES (930, 2, 9, 25);
INSERT INTO Sets VALUES (930, 3, 25, 12);
INSERT INTO Sets VALUES (930, 4, 25, 20);
INSERT INTO Matches VALUES (931, 15, 502, 463, 3, 1);
INSERT INTO Sets VALUES (931, 1, 25, 4);
INSERT INTO Sets VALUES (931, 2, 25, 21);
INSERT INTO Sets VALUES (931, 3, 1, 25);
INSERT INTO Sets VALUES (931, 4, 25, 22);
INSERT INTO Matches VALUES (932, 15, 501, 463, 3, 1);
INSERT INTO Sets VALUES (932, 1, 25, 6);
INSERT INTO Sets VALUES (932, 2, 0, 25);
INSERT INTO Sets VALUES (932, 3, 25, 10);
INSERT INTO Sets VALUES (932, 4, 25, 21);
INSERT INTO Matches VALUES (933, 15, 545, 517, 3, 1);
INSERT INTO Sets VALUES (933, 1, 25, 3);
INSERT INTO Sets VALUES (933, 2, 12, 25);
INSERT INTO Sets VALUES (933, 3, 25, 10);
INSERT INTO Sets VALUES (933, 4, 25, 9);
INSERT INTO Matches VALUES (934, 15, 509, 450, NULL, NULL);
INSERT INTO Matches VALUES (935, 15, 468, 501, 3, 0);
INSERT INTO Sets VALUES (935, 1, 25, 9);
INSERT INTO Sets VALUES (935, 2, 25, 4);
INSERT INTO Sets VALUES (935, 3, 25, 14);
INSERT INTO Matches VALUES (936, 15, 502, 463, 3, 1);
INSERT INTO Sets VALUES (936, 1, 25, 3);
INSERT INTO Sets VALUES (936, 2, 25, 15);
INSERT INTO Sets VALUES (936, 3, 20, 25);
INSERT INTO Sets VALUES (936, 4, 25, 1);
INSERT INTO Matches VALUES (937, 15, 450, 517, 2, 3);
INSERT INTO Sets VALUES (937, 1, 9, 25);
INSERT INTO Sets VALUES (937, 2, 25, 13);
INSERT INTO Sets VALUES (937, 3, 25, 10);
INSERT INTO Sets VALUES (937, 4, 15, 25);
INSERT INTO Sets VALUES (937, 5, 2, 15);
INSERT INTO Matches VALUES (938, 15, 468, 566, NULL, NULL);
INSERT INTO Matches VALUES (939, 15, 449, 495, 2, 3);
INSERT INTO Sets VALUES (939, 1, 0, 25);
INSERT INTO Sets VALUES (939, 2, 25, 22);
INSERT INTO Sets VALUES (939, 3, 20, 25);
INSERT INTO Sets VALUES (939, 4, 25, 3);
INSERT INTO Sets VALUES (939, 5, 7, 15);
INSERT INTO Matches VALUES (940, 15, 501, 537, 3, 0);
INSERT INTO Sets VALUES (940, 1, 25, 18);
INSERT INTO Sets VALUES (940, 2, 25, 18);
INSERT INTO Sets VALUES (940, 3, 25, 12);
INSERT INTO Matches VALUES (941, 15, 468, 537, 3, 0);
INSERT INTO Sets VALUES (941, 1, 25, 8);
INSERT INTO Sets VALUES (941, 2, 25, 11);
INSERT INTO Sets VALUES (941, 3, 25, 5);
INSERT INTO Matches VALUES (942, 15, 450, 468, 3, 2);
INSERT INTO Sets VALUES (942, 1, 25, 0);
INSERT INTO Sets VALUES (942, 2, 12, 25);
INSERT INTO Sets VALUES (942, 3, 5, 25);
INSERT INTO Sets VALUES (942, 4, 25, 20);
INSERT INTO Sets VALUES (942, 5, 15, 9);
INSERT INTO Matches VALUES (943, 15, 463, 517, NULL, NULL);
INSERT INTO Matches VALUES (944, 15, 449, 566, 0, 3);
INSERT INTO Sets VALUES (944, 1, 12, 25);
INSERT INTO Sets VALUES (944, 2, 3, 25);
INSERT INTO Sets VALUES (944, 3, 0, 25);
INSERT INTO Matches VALUES (945, 15, 537, 444, 3, 2);
INSERT INTO Sets VALUES (945, 1, 25, 15);
INSERT INTO Sets VALUES (945, 2, 21, 25);
INSERT INTO Sets VALUES (945, 3, 5, 25);
INSERT INTO Sets VALUES (945, 4, 25, 4);
INSERT INTO Sets VALUES (945, 5, 15, 8);
INSERT INTO Matches VALUES (946, 15, 537, 495, 3, 2);
INSERT INTO Sets VALUES (946, 1, 7, 25);
INSERT INTO Sets VALUES (946, 2, 4, 25);
INSERT INTO Sets VALUES (946, 3, 25, 2);
INSERT INTO Sets VALUES (946, 4, 25, 10);
INSERT INTO Sets VALUES (946, 5, 15, 12);
INSERT INTO Matches VALUES (947, 15, 509, 463, 3, 0);
INSERT INTO Sets VALUES (947, 1, 25, 9);
INSERT INTO Sets VALUES (947, 2, 25, 19);
INSERT INTO Sets VALUES (947, 3, 25, 19);
INSERT INTO Matches VALUES (948, 15, 566, 517, 2, 3);
INSERT INTO Sets VALUES (948, 1, 25, 17);
INSERT INTO Sets VALUES (948, 2, 25, 3);
INSERT INTO Sets VALUES (948, 3, 12, 25);
INSERT INTO Sets VALUES (948, 4, 4, 25);
INSERT INTO Sets VALUES (948, 5, 1, 15);
INSERT INTO Matches VALUES (949, 15, 495, 537, 3, 0);
INSERT INTO Sets VALUES (949, 1, 25, 20);
INSERT INTO Sets VALUES (949, 2, 25, 20);
INSERT INTO Sets VALUES (949, 3, 25, 22);
INSERT INTO Matches VALUES (950, 15, 502, 449, 3, 1);
INSERT INTO Sets VALUES (950, 1, 25, 13);
INSERT INTO Sets VALUES (950, 2, 9, 25);
INSERT INTO Sets VALUES (950, 3, 25, 19);
INSERT INTO Sets VALUES (950, 4, 25, 11);
INSERT INTO Matches VALUES (951, 15, 450, 566, 3, 1);
INSERT INTO Sets VALUES (951, 1, 25, 22);
INSERT INTO Sets VALUES (951, 2, 25, 2);
INSERT INTO Sets VALUES (951, 3, 19, 25);
INSERT INTO Sets VALUES (951, 4, 25, 9);
INSERT INTO Matches VALUES (952, 15, 566, 495, 3, 1);
INSERT INTO Sets VALUES (952, 1, 25, 17);
INSERT INTO Sets VALUES (952, 2, 3, 25);
INSERT INTO Sets VALUES (952, 3, 25, 11);
INSERT INTO Sets VALUES (952, 4, 25, 3);
INSERT INTO Matches VALUES (953, 15, 449, 476, 3, 1);
INSERT INTO Sets VALUES (953, 1, 25, 17);
INSERT INTO Sets VALUES (953, 2, 25, 4);
INSERT INTO Sets VALUES (953, 3, 8, 25);
INSERT INTO Sets VALUES (953, 4, 25, 22);
INSERT INTO Matches VALUES (954, 15, 455, 449, 1, 3);
INSERT INTO Sets VALUES (954, 1, 9, 25);
INSERT INTO Sets VALUES (954, 2, 0, 25);
INSERT INTO Sets VALUES (954, 3, 25, 18);
INSERT INTO Sets VALUES (954, 4, 11, 25);
INSERT INTO Matches VALUES (955, 15, 444, 527, NULL, NULL);
INSERT INTO Matches VALUES (956, 15, 496, 501, 3, 0);
INSERT INTO Sets VALUES (956, 1, 25, 2);
INSERT INTO Sets VALUES (956, 2, 25, 14);
INSERT INTO Sets VALUES (956, 3, 25, 20);
INSERT INTO Matches VALUES (957, 15, 476, 566, 3, 0);
INSERT INTO Sets VALUES (957, 1, 25, 21);
INSERT INTO Sets VALUES (957, 2, 25, 10);
INSERT INTO Sets VALUES (957, 3, 25, 16);
INSERT INTO Matches VALUES (958, 15, 501, 476, 3, 2);
INSERT INTO Sets VALUES (958, 1, 25, 7);
INSERT INTO Sets VALUES (958, 2, 25, 21);
INSERT INTO Sets VALUES (958, 3, 20, 25);
INSERT INTO Sets VALUES (958, 4, 8, 25);
INSERT INTO Sets VALUES (958, 5, 15, 9);
INSERT INTO Matches VALUES (959, 16, 490, 445, 3, 2);
INSERT INTO Sets VALUES (959, 1, 25, 15);
INSERT INTO Sets VALUES (959, 2, 10, 25);
INSERT INTO Sets VALUES (959, 3, 0, 25);
INSERT INTO Sets VALUES (959, 4, 25, 10);
INSERT INTO Sets VALUES (959, 5, 15, 4);
INSERT INTO Matches VALUES (960, 16, 512, 505, 3, 1);
INSERT INTO Sets VALUES (960, 1, 25, 4);
INSERT INTO Sets VALUES (960, 2, 16, 25);
INSERT INTO Sets VALUES (960, 3, 25, 10);
INSERT INTO Sets VALUES (960, 4, 25, 19);
INSERT INTO Matches VALUES (961, 16, 512, 451, 3, 1);
INSERT INTO Sets VALUES (961, 1, 25, 15);
INSERT INTO Sets VALUES (961, 2, 25, 18);
INSERT INTO Sets VALUES (961, 3, 17, 25);
INSERT INTO Sets VALUES (961, 4, 25, 20);
INSERT INTO Matches VALUES (962, 16, 451, 465, 3, 0);
INSERT INTO Sets VALUES (962, 1, 25, 18);
INSERT INTO Sets VALUES (962, 2, 25, 17);
INSERT INTO Sets VALUES (962, 3, 25, 5);
INSERT INTO Matches VALUES (963, 16, 485, 459, 3, 0);
INSERT INTO Sets VALUES (963, 1, 25, 14);
INSERT INTO Sets VALUES (963, 2, 25, 11);
INSERT INTO Sets VALUES (963, 3, 25, 18);
INSERT INTO Matches VALUES (964, 16, 546, 505, 1, 3);
INSERT INTO Sets VALUES (964, 1, 25, 17);
INSERT INTO Sets VALUES (964, 2, 2, 25);
INSERT INTO Sets VALUES (964, 3, 0, 25);
INSERT INTO Sets VALUES (964, 4, -1, 25);
INSERT INTO Matches VALUES (965, 16, 530, 485, 3, 2);
INSERT INTO Sets VALUES (965, 1, 0, 25);
INSERT INTO Sets VALUES (965, 2, 25, 5);
INSERT INTO Sets VALUES (965, 3, 8, 25);
INSERT INTO Sets VALUES (965, 4, 25, 8);
INSERT INTO Sets VALUES (965, 5, 15, 1);
INSERT INTO Matches VALUES (966, 16, 546, 530, 3, 1);
INSERT INTO Sets VALUES (966, 1, 25, 20);
INSERT INTO Sets VALUES (966, 2, 10, 25);
INSERT INTO Sets VALUES (966, 3, 25, 0);
INSERT INTO Sets VALUES (966, 4, 25, 19);
INSERT INTO Matches VALUES (967, 16, 445, 530, 3, 2);
INSERT INTO Sets VALUES (967, 1, 8, 25);
INSERT INTO Sets VALUES (967, 2, 25, 5);
INSERT INTO Sets VALUES (967, 3, 25, 3);
INSERT INTO Sets VALUES (967, 4, 20, 25);
INSERT INTO Sets VALUES (967, 5, 15, 11);
INSERT INTO Matches VALUES (968, 16, 459, 522, 3, 2);
INSERT INTO Sets VALUES (968, 1, 25, 19);
INSERT INTO Sets VALUES (968, 2, 0, 25);
INSERT INTO Sets VALUES (968, 3, 25, 22);
INSERT INTO Sets VALUES (968, 4, 4, 25);
INSERT INTO Sets VALUES (968, 5, 15, 3);
INSERT INTO Matches VALUES (969, 16, 546, 522, 3, 2);
INSERT INTO Sets VALUES (969, 1, 1, 25);
INSERT INTO Sets VALUES (969, 2, 0, 25);
INSERT INTO Sets VALUES (969, 3, 25, 18);
INSERT INTO Sets VALUES (969, 4, 25, 6);
INSERT INTO Sets VALUES (969, 5, 15, 2);
INSERT INTO Matches VALUES (970, 16, 445, 530, 3, 2);
INSERT INTO Sets VALUES (970, 1, 25, 6);
INSERT INTO Sets VALUES (970, 2, 4, 25);
INSERT INTO Sets VALUES (970, 3, 1, 25);
INSERT INTO Sets VALUES (970, 4, 25, 11);
INSERT INTO Sets VALUES (970, 5, 15, 7);
INSERT INTO Matches VALUES (971, 16, 530, 465, 3, 0);
INSERT INTO Sets VALUES (971, 1, 25, 17);
INSERT INTO Sets VALUES (971, 2, 25, 14);
INSERT INTO Sets VALUES (971, 3, 25, 12);
INSERT INTO Matches VALUES (972, 16, 485, 459, 3, 2);
INSERT INTO Sets VALUES (972, 1, 25, 22);
INSERT INTO Sets VALUES (972, 2, 8, 25);
INSERT INTO Sets VALUES (972, 3, 3, 25);
INSERT INTO Sets VALUES (972, 4, 25, 13);
INSERT INTO Sets VALUES (972, 5, 15, 4);
INSERT INTO Matches VALUES (973, 16, 465, 451, 2, 3);
INSERT INTO Sets VALUES (973, 1, 25, 1);
INSERT INTO Sets VALUES (973, 2, 25, 13);
INSERT INTO Sets VALUES (973, 3, 10, 25);
INSERT INTO Sets VALUES (973, 4, 7, 25);
INSERT INTO Sets VALUES (973, 5, 4, 15);
INSERT INTO Matches VALUES (974, 16, 459, 505, 3, 2);
INSERT INTO Sets VALUES (974, 1, 0, 25);
INSERT INTO Sets VALUES (974, 2, 25, 13);
INSERT INTO Sets VALUES (974, 3, 25, 9);
INSERT INTO Sets VALUES (974, 4, 7, 25);
INSERT INTO Sets VALUES (974, 5, 15, 3);
INSERT INTO Matches VALUES (975, 16, 546, 459, 3, 0);
INSERT INTO Sets VALUES (975, 1, 25, 18);
INSERT INTO Sets VALUES (975, 2, 25, 8);
INSERT INTO Sets VALUES (975, 3, 25, 12);
INSERT INTO Matches VALUES (976, 16, 490, 451, 3, 0);
INSERT INTO Sets VALUES (976, 1, 25, 5);
INSERT INTO Sets VALUES (976, 2, 25, 3);
INSERT INTO Sets VALUES (976, 3, 25, 21);
INSERT INTO Matches VALUES (977, 16, 490, 485, 3, 2);
INSERT INTO Sets VALUES (977, 1, 25, 11);
INSERT INTO Sets VALUES (977, 2, 7, 25);
INSERT INTO Sets VALUES (977, 3, 0, 25);
INSERT INTO Sets VALUES (977, 4, 25, 5);
INSERT INTO Sets VALUES (977, 5, 15, 0);
INSERT INTO Matches VALUES (978, 16, 479, 445, 3, 1);
INSERT INTO Sets VALUES (978, 1, 0, 25);
INSERT INTO Sets VALUES (978, 2, 25, 22);
INSERT INTO Sets VALUES (978, 3, 25, 6);
INSERT INTO Sets VALUES (978, 4, 25, 22);
INSERT INTO Matches VALUES (979, 16, 490, 522, 1, 3);
INSERT INTO Sets VALUES (979, 1, 19, 25);
INSERT INTO Sets VALUES (979, 2, 12, 25);
INSERT INTO Sets VALUES (979, 3, 25, 21);
INSERT INTO Sets VALUES (979, 4, 7, 25);
INSERT INTO Matches VALUES (980, 16, 546, 530, 1, 3);
INSERT INTO Sets VALUES (980, 1, 2, 25);
INSERT INTO Sets VALUES (980, 2, 0, 25);
INSERT INTO Sets VALUES (980, 3, 25, 2);
INSERT INTO Sets VALUES (980, 4, 7, 25);
INSERT INTO Matches VALUES (981, 16, 522, 479, 3, 1);
INSERT INTO Sets VALUES (981, 1, 2, 25);
INSERT INTO Sets VALUES (981, 2, 25, 14);
INSERT INTO Sets VALUES (981, 3, 25, 16);
INSERT INTO Sets VALUES (981, 4, 25, 0);
INSERT INTO Matches VALUES (982, 16, 445, 505, 3, 0);
INSERT INTO Sets VALUES (982, 1, 25, 15);
INSERT INTO Sets VALUES (982, 2, 25, 2);
INSERT INTO Sets VALUES (982, 3, 25, 5);
INSERT INTO Matches VALUES (983, 16, 505, 546, 3, 2);
INSERT INTO Sets VALUES (983, 1, 5, 25);
INSERT INTO Sets VALUES (983, 2, 25, 7);
INSERT INTO Sets VALUES (983, 3, 16, 25);
INSERT INTO Sets VALUES (983, 4, 25, 3);
INSERT INTO Sets VALUES (983, 5, 15, 4);
INSERT INTO Matches VALUES (984, 16, 530, 546, 3, 1);
INSERT INTO Sets VALUES (984, 1, 2, 25);
INSERT INTO Sets VALUES (984, 2, 25, 8);
INSERT INTO Sets VALUES (984, 3, 25, 3);
INSERT INTO Sets VALUES (984, 4, 25, 7);
INSERT INTO Matches VALUES (985, 16, 451, 546, 3, 1);
INSERT INTO Sets VALUES (985, 1, 25, 18);
INSERT INTO Sets VALUES (985, 2, 25, 6);
INSERT INTO Sets VALUES (985, 3, 10, 25);
INSERT INTO Sets VALUES (985, 4, 25, 0);
INSERT INTO Matches VALUES (986, 16, 512, 459, 3, 0);
INSERT INTO Sets VALUES (986, 1, 25, 22);
INSERT INTO Sets VALUES (986, 2, 25, 3);
INSERT INTO Sets VALUES (986, 3, 25, 5);
INSERT INTO Matches VALUES (987, 16, 459, 522, 2, 3);
INSERT INTO Sets VALUES (987, 1, 25, 13);
INSERT INTO Sets VALUES (987, 2, 1, 25);
INSERT INTO Sets VALUES (987, 3, 0, 25);
INSERT INTO Sets VALUES (987, 4, 25, 0);
INSERT INTO Sets VALUES (987, 5, 4, 15);
INSERT INTO Matches VALUES (988, 16, 451, 479, 3, 1);
INSERT INTO Sets VALUES (988, 1, 1, 25);
INSERT INTO Sets VALUES (988, 2, 25, 5);
INSERT INTO Sets VALUES (988, 3, 25, 18);
INSERT INTO Sets VALUES (988, 4, 25, 2);
INSERT INTO Matches VALUES (989, 16, 465, 485, 0, 3);
INSERT INTO Sets VALUES (989, 1, 12, 25);
INSERT INTO Sets VALUES (989, 2, 7, 25);
INSERT INTO Sets VALUES (989, 3, 0, 25);
INSERT INTO Matches VALUES (990, 16, 522, 512, NULL, NULL);
INSERT INTO Matches VALUES (991, 16, 485, 445, 1, 3);
INSERT INTO Sets VALUES (991, 1, 0, 25);
INSERT INTO Sets VALUES (991, 2, -1, 25);
INSERT INTO Sets VALUES (991, 3, 25, 12);
INSERT INTO Sets VALUES (991, 4, 21, 25);
INSERT INTO Matches VALUES (992, 16, 451, 530, NULL, NULL);
INSERT INTO Matches VALUES (993, 16, 530, 512, 3, 2);
INSERT INTO Sets VALUES (993, 1, 25, 9);
INSERT INTO Sets VALUES (993, 2, 9, 25);
INSERT INTO Sets VALUES (993, 3, 25, 9);
INSERT INTO Sets VALUES (993, 4, 13, 25);
INSERT INTO Sets VALUES (993, 5, 15, 7);
INSERT INTO Matches VALUES (994, 16, 459, 445, 3, 0);
INSERT INTO Sets VALUES (994, 1, 25, 4);
INSERT INTO Sets VALUES (994, 2, 25, 15);
INSERT INTO Sets VALUES (994, 3, 25, 17);
INSERT INTO Matches VALUES (995, 16, 459, 465, 3, 2);
INSERT INTO Sets VALUES (995, 1, 25, 8);
INSERT INTO Sets VALUES (995, 2, 25, 10);
INSERT INTO Sets VALUES (995, 3, 20, 25);
INSERT INTO Sets VALUES (995, 4, 17, 25);
INSERT INTO Sets VALUES (995, 5, 15, 11);
INSERT INTO Matches VALUES (996, 16, 512, 479, NULL, NULL);
INSERT INTO Matches VALUES (997, 16, 451, 546, 3, 0);
INSERT INTO Sets VALUES (997, 1, 25, 8);
INSERT INTO Sets VALUES (997, 2, 25, 16);
INSERT INTO Sets VALUES (997, 3, 25, 7);
INSERT INTO Matches VALUES (998, 16, 512, 465, 3, 0);
INSERT INTO Sets VALUES (998, 1, 25, 4);
INSERT INTO Sets VALUES (998, 2, 25, 18);
INSERT INTO Sets VALUES (998, 3, 25, 1);
INSERT INTO Matches VALUES (999, 16, 465, 505, 2, 3);
INSERT INTO Sets VALUES (999, 1, 25, 6);
INSERT INTO Sets VALUES (999, 2, 12, 25);
INSERT INTO Sets VALUES (999, 3, 0, 25);
INSERT INTO Sets VALUES (999, 4, 25, 11);
INSERT INTO Sets VALUES (999, 5, 10, 15);
INSERT INTO Matches VALUES (1000, 16, 451, 465, 2, 3);
INSERT INTO Sets VALUES (1000, 1, 25, 11);
INSERT INTO Sets VALUES (1000, 2, 25, 20);
INSERT INTO Sets VALUES (1000, 3, 18, 25);
INSERT INTO Sets VALUES (1000, 4, 4, 25);
INSERT INTO Sets VALUES (1000, 5, 1, 15);
INSERT INTO Matches VALUES (1001, 16, 459, 530, NULL, NULL);
INSERT INTO Matches VALUES (1002, 16, 459, 465, NULL, NULL);
INSERT INTO Matches VALUES (1003, 16, 490, 451, 3, 1);
INSERT INTO Sets VALUES (1003, 1, 25, 18);
INSERT INTO Sets VALUES (1003, 2, 25, 0);
INSERT INTO Sets VALUES (1003, 3, 12, 25);
INSERT INTO Sets VALUES (1003, 4, 25, 2);
INSERT INTO Matches VALUES (1004, 16, 490, 459, 3, 1);
INSERT INTO Sets VALUES (1004, 1, 25, 13);
INSERT INTO Sets VALUES (1004, 2, 25, 5);
INSERT INTO Sets VALUES (1004, 3, 20, 25);
INSERT INTO Sets VALUES (1004, 4, 25, 16);
INSERT INTO Matches VALUES (1005, 16, 505, 479, 3, 0);
INSERT INTO Sets VALUES (1005, 1, 25, 1);
INSERT INTO Sets VALUES (1005, 2, 25, 17);
INSERT INTO Sets VALUES (1005, 3, 25, 17);
INSERT INTO Matches VALUES (1006, 16, 490, 479, 3, 2);
INSERT INTO Sets VALUES (1006, 1, 25, 5);
INSERT INTO Sets VALUES (1006, 2, 13, 25);
INSERT INTO Sets VALUES (1006, 3, 9, 25);
INSERT INTO Sets VALUES (1006, 4, 25, 6);
INSERT INTO Sets VALUES (1006, 5, 15, 9);
INSERT INTO Matches VALUES (1007, 16, 505, 479, 3, 2);
INSERT INTO Sets VALUES (1007, 1, 4, 25);
INSERT INTO Sets VALUES (1007, 2, 25, 16);
INSERT INTO Sets VALUES (1007, 3, 9, 25);
INSERT INTO Sets VALUES (1007, 4, 25, 17);
INSERT INTO Sets VALUES (1007, 5, 15, 11);
INSERT INTO Matches VALUES (1008, 16, 479, 459, 3, 1);
INSERT INTO Sets VALUES (1008, 1, 25, 5);
INSERT INTO Sets VALUES (1008, 2, 19, 25);
INSERT INTO Sets VALUES (1008, 3, 25, 22);
INSERT INTO Sets VALUES (1008, 4, 25, 19);
INSERT INTO Matches VALUES (1009, 16, 459, 465, 3, 0);
INSERT INTO Sets VALUES (1009, 1, 25, 6);
INSERT INTO Sets VALUES (1009, 2, 25, 3);
INSERT INTO Sets VALUES (1009, 3, 25, 0);
INSERT INTO Matches VALUES (1010, 16, 485, 465, NULL, NULL);
INSERT INTO Matches VALUES (1011, 16, 546, 505, 3, 0);
INSERT INTO Sets VALUES (1011, 1, 25, 3);
INSERT INTO Sets VALUES (1011, 2, 25, 13);
INSERT INTO Sets VALUES (1011, 3, 25, 5);
INSERT INTO Matches VALUES (1012, 16, 479, 459, 3, 0);
INSERT INTO Sets VALUES (1012, 1, 25, 1);
INSERT INTO Sets VALUES (1012, 2, 25, 6);
INSERT INTO Sets VALUES (1012, 3, 25, 8);
INSERT INTO Matches VALUES (1013, 16, 445, 522, NULL, NULL);
INSERT INTO Matches VALUES (1014, 16, 479, 546, 3, 1);
INSERT INTO Sets VALUES (1014, 1, 25, 6);
INSERT INTO Sets VALUES (1014, 2, 25, 2);
INSERT INTO Sets VALUES (1014, 3, 6, 25);
INSERT INTO Sets VALUES (1014, 4, 25, 1);
INSERT INTO Matches VALUES (1015, 16, 490, 546, 1, 3);
INSERT INTO Sets VALUES (1015, 1, 25, 4);
INSERT INTO Sets VALUES (1015, 2, 10, 25);
INSERT INTO Sets VALUES (1015, 3, 0, 25);
INSERT INTO Sets VALUES (1015, 4, -1, 25);
INSERT INTO Matches VALUES (1016, 16, 479, 459, 3, 0);
INSERT INTO Sets VALUES (1016, 1, 25, 6);
INSERT INTO Sets VALUES (1016, 2, 25, 2);
INSERT INTO Sets VALUES (1016, 3, 25, 6);
INSERT INTO Matches VALUES (1017, 16, 512, 445, 3, 0);
INSERT INTO Sets VALUES (1017, 1, 25, 0);
INSERT INTO Sets VALUES (1017, 2, 25, 16);
INSERT INTO Sets VALUES (1017, 3, 25, 14);
INSERT INTO Matches VALUES (1018, 16, 512, 445, 3, 0);
INSERT INTO Sets VALUES (1018, 1, 25, 21);
INSERT INTO Sets VALUES (1018, 2, 25, 0);
INSERT INTO Sets VALUES (1018, 3, 25, 10);
INSERT INTO Matches VALUES (1019, 16, 479, 530, 3, 2);
INSERT INTO Sets VALUES (1019, 1, 8, 25);
INSERT INTO Sets VALUES (1019, 2, 0, 25);
INSERT INTO Sets VALUES (1019, 3, 25, 20);
INSERT INTO Sets VALUES (1019, 4, 25, 5);
INSERT INTO Sets VALUES (1019, 5, 15, 6);
INSERT INTO Matches VALUES (1020, 16, 505, 512, 0, 3);
INSERT INTO Sets VALUES (1020, 1, 0, 25);
INSERT INTO Sets VALUES (1020, 2, -1, 25);
INSERT INTO Sets VALUES (1020, 3, -2, 25);
INSERT INTO Matches VALUES (1021, 16, 505, 546, 3, 0);
INSERT INTO Sets VALUES (1021, 1, 25, 14);
INSERT INTO Sets VALUES (1021, 2, 25, 21);
INSERT INTO Sets VALUES (1021, 3, 25, 19);
INSERT INTO Matches VALUES (1022, 17, 494, 519, NULL, NULL);
INSERT INTO Matches VALUES (1023, 17, 513, 514, 3, 0);
INSERT INTO Sets VALUES (1023, 1, 25, 19);
INSERT INTO Sets VALUES (1023, 2, 25, 22);
INSERT INTO Sets VALUES (1023, 3, 25, 14);
INSERT INTO Matches VALUES (1024, 17, 525, 466, 2, 3);
INSERT INTO Sets VALUES (1024, 1, 5, 25);
INSERT INTO Sets VALUES (1024, 2, 2, 25);
INSERT INTO Sets VALUES (1024, 3, 25, 21);
INSERT INTO Sets VALUES (1024, 4, 25, 8);
INSERT INTO Sets VALUES (1024, 5, 8, 15);
INSERT INTO Matches VALUES (1025, 17, 534, 514, 3, 2);
INSERT INTO Sets VALUES (1025, 1, 2, 25);
INSERT INTO Sets VALUES (1025, 2, 25, 8);
INSERT INTO Sets VALUES (1025, 3, 25, 18);
INSERT INTO Sets VALUES (1025, 4, 22, 25);
INSERT INTO Sets VALUES (1025, 5, 15, 12);
INSERT INTO Matches VALUES (1026, 17, 513, 514, 3, 2);
INSERT INTO Sets VALUES (1026, 1, 25, 5);
INSERT INTO Sets VALUES (1026, 2, 25, 12);
INSERT INTO Sets VALUES (1026, 3, 9, 25);
INSERT INTO Sets VALUES (1026, 4, 6, 25);
INSERT INTO Sets VALUES (1026, 5, 15, 11);
INSERT INTO Matches VALUES (1027, 17, 513, 507, 3, 2);
INSERT INTO Sets VALUES (1027, 1, 6, 25);
INSERT INTO Sets VALUES (1027, 2, 25, 0);
INSERT INTO Sets VALUES (1027, 3, 11, 25);
INSERT INTO Sets VALUES (1027, 4, 25, 0);
INSERT INTO Sets VALUES (1027, 5, 15, 10);
INSERT INTO Matches VALUES (1028, 17, 494, 446, 3, 0);
INSERT INTO Sets VALUES (1028, 1, 25, 9);
INSERT INTO Sets VALUES (1028, 2, 25, 4);
INSERT INTO Sets VALUES (1028, 3, 25, 4);
INSERT INTO Matches VALUES (1029, 17, 466, 525, 3, 0);
INSERT INTO Sets VALUES (1029, 1, 25, 12);
INSERT INTO Sets VALUES (1029, 2, 25, 0);
INSERT INTO Sets VALUES (1029, 3, 25, 0);
INSERT INTO Matches VALUES (1030, 17, 534, 513, 3, 1);
INSERT INTO Sets VALUES (1030, 1, 18, 25);
INSERT INTO Sets VALUES (1030, 2, 25, 6);
INSERT INTO Sets VALUES (1030, 3, 25, 0);
INSERT INTO Sets VALUES (1030, 4, 25, 11);
INSERT INTO Matches VALUES (1031, 17, 507, 519, 3, 0);
INSERT INTO Sets VALUES (1031, 1, 25, 10);
INSERT INTO Sets VALUES (1031, 2, 25, 1);
INSERT INTO Sets VALUES (1031, 3, 25, 0);
INSERT INTO Matches VALUES (1032, 17, 494, 467, 3, 2);
INSERT INTO Sets VALUES (1032, 1, 25, 22);
INSERT INTO Sets VALUES (1032, 2, 25, 9);
INSERT INTO Sets VALUES (1032, 3, 20, 25);
INSERT INTO Sets VALUES (1032, 4, 2, 25);
INSERT INTO Sets VALUES (1032, 5, 15, 3);
INSERT INTO Matches VALUES (1033, 17, 472, 460, 1, 3);
INSERT INTO Sets VALUES (1033, 1, 12, 25);
INSERT INTO Sets VALUES (1033, 2, 4, 25);
INSERT INTO Sets VALUES (1033, 3, 25, 17);
INSERT INTO Sets VALUES (1033, 4, 10, 25);
INSERT INTO Matches VALUES (1034, 17, 460, 514, 3, 2);
INSERT INTO Sets VALUES (1034, 1, 25, 13);
INSERT INTO Sets VALUES (1034, 2, 8, 25);
INSERT INTO Sets VALUES (1034, 3, 0, 25);
INSERT INTO Sets VALUES (1034, 4, 25, 15);
INSERT INTO Sets VALUES (1034, 5, 15, 2);
INSERT INTO Matches VALUES (1035, 17, 460, 525, 3, 2);
INSERT INTO Sets VALUES (1035, 1, 25, 2);
INSERT INTO Sets VALUES (1035, 2, 22, 25);
INSERT INTO Sets VALUES (1035, 3, 25, 16);
INSERT INTO Sets VALUES (1035, 4, 15, 25);
INSERT INTO Sets VALUES (1035, 5, 15, 4);
INSERT INTO Matches VALUES (1036, 17, 507, 534, 3, 1);
INSERT INTO Sets VALUES (1036, 1, 25, 19);
INSERT INTO Sets VALUES (1036, 2, 25, 16);
INSERT INTO Sets VALUES (1036, 3, 21, 25);
INSERT INTO Sets VALUES (1036, 4, 25, 4);
INSERT INTO Matches VALUES (1037, 17, 499, 453, 3, 2);
INSERT INTO Sets VALUES (1037, 1, 25, 13);
INSERT INTO Sets VALUES (1037, 2, 8, 25);
INSERT INTO Sets VALUES (1037, 3, 4, 25);
INSERT INTO Sets VALUES (1037, 4, 25, 1);
INSERT INTO Sets VALUES (1037, 5, 15, 8);
INSERT INTO Matches VALUES (1038, 17, 472, 513, 3, 2);
INSERT INTO Sets VALUES (1038, 1, 25, 18);
INSERT INTO Sets VALUES (1038, 2, 25, 1);
INSERT INTO Sets VALUES (1038, 3, 4, 25);
INSERT INTO Sets VALUES (1038, 4, 0, 25);
INSERT INTO Sets VALUES (1038, 5, 15, 3);
INSERT INTO Matches VALUES (1039, 17, 513, 494, NULL, NULL);
INSERT INTO Matches VALUES (1040, 17, 466, 446, NULL, NULL);
INSERT INTO Matches VALUES (1041, 17, 453, 514, 3, 1);
INSERT INTO Sets VALUES (1041, 1, 25, 1);
INSERT INTO Sets VALUES (1041, 2, 4, 25);
INSERT INTO Sets VALUES (1041, 3, 25, 19);
INSERT INTO Sets VALUES (1041, 4, 25, 2);
INSERT INTO Matches VALUES (1042, 17, 519, 446, 3, 0);
INSERT INTO Sets VALUES (1042, 1, 25, 16);
INSERT INTO Sets VALUES (1042, 2, 25, 11);
INSERT INTO Sets VALUES (1042, 3, 25, 22);
INSERT INTO Matches VALUES (1043, 17, 525, 534, 3, 0);
INSERT INTO Sets VALUES (1043, 1, 25, 21);
INSERT INTO Sets VALUES (1043, 2, 25, 6);
INSERT INTO Sets VALUES (1043, 3, 25, 1);
INSERT INTO Matches VALUES (1044, 17, 693, 460, 2, 3);
INSERT INTO Sets VALUES (1044, 1, 25, 8);
INSERT INTO Sets VALUES (1044, 2, 25, 0);
INSERT INTO Sets VALUES (1044, 3, 4, 25);
INSERT INTO Sets VALUES (1044, 4, 1, 25);
INSERT INTO Sets VALUES (1044, 5, 0, 15);
INSERT INTO Matches VALUES (1045, 17, 446, 534, NULL, NULL);
INSERT INTO Matches VALUES (1046, 17, 499, 494, 3, 1);
INSERT INTO Sets VALUES (1046, 1, -1, 25);
INSERT INTO Sets VALUES (1046, 2, 25, 13);
INSERT INTO Sets VALUES (1046, 3, 25, 18);
INSERT INTO Sets VALUES (1046, 4, 25, 11);
INSERT INTO Matches VALUES (1047, 17, 514, 693, 3, 0);
INSERT INTO Sets VALUES (1047, 1, 25, 16);
INSERT INTO Sets VALUES (1047, 2, 25, 22);
INSERT INTO Sets VALUES (1047, 3, 25, 14);
INSERT INTO Matches VALUES (1048, 17, 499, 460, NULL, NULL);
INSERT INTO Matches VALUES (1049, 17, 466, 486, 3, 2);
INSERT INTO Sets VALUES (1049, 1, 21, 25);
INSERT INTO Sets VALUES (1049, 2, 25, 7);
INSERT INTO Sets VALUES (1049, 3, 25, 13);
INSERT INTO Sets VALUES (1049, 4, 0, 25);
INSERT INTO Sets VALUES (1049, 5, 15, 8);
INSERT INTO Matches VALUES (1050, 17, 525, 693, 3, 0);
INSERT INTO Sets VALUES (1050, 1, 25, 12);
INSERT INTO Sets VALUES (1050, 2, 25, 1);
INSERT INTO Sets VALUES (1050, 3, 25, 7);
INSERT INTO Matches VALUES (1051, 17, 486, 466, 3, 2);
INSERT INTO Sets VALUES (1051, 1, 18, 25);
INSERT INTO Sets VALUES (1051, 2, 25, 5);
INSERT INTO Sets VALUES (1051, 3, 25, 5);
INSERT INTO Sets VALUES (1051, 4, 9, 25);
INSERT INTO Sets VALUES (1051, 5, 15, 11);
INSERT INTO Matches VALUES (1052, 17, 467, 499, 3, 1);
INSERT INTO Sets VALUES (1052, 1, 9, 25);
INSERT INTO Sets VALUES (1052, 2, 25, 6);
INSERT INTO Sets VALUES (1052, 3, 25, 3);
INSERT INTO Sets VALUES (1052, 4, 25, 21);
INSERT INTO Matches VALUES (1053, 17, 460, 525, 3, 0);
INSERT INTO Sets VALUES (1053, 1, 25, 14);
INSERT INTO Sets VALUES (1053, 2, 25, 0);
INSERT INTO Sets VALUES (1053, 3, 25, 21);
INSERT INTO Matches VALUES (1054, 17, 525, 693, 3, 1);
INSERT INTO Sets VALUES (1054, 1, 14, 25);
INSERT INTO Sets VALUES (1054, 2, 25, 8);
INSERT INTO Sets VALUES (1054, 3, 25, 6);
INSERT INTO Sets VALUES (1054, 4, 25, 13);
INSERT INTO Matches VALUES (1055, 17, 519, 494, 3, 2);
INSERT INTO Sets VALUES (1055, 1, 7, 25);
INSERT INTO Sets VALUES (1055, 2, 2, 25);
INSERT INTO Sets VALUES (1055, 3, 25, 13);
INSERT INTO Sets VALUES (1055, 4, 25, 14);
INSERT INTO Sets VALUES (1055, 5, 15, 9);
INSERT INTO Matches VALUES (1056, 17, 514, 525, 3, 1);
INSERT INTO Sets VALUES (1056, 1, 25, 10);
INSERT INTO Sets VALUES (1056, 2, 0, 25);
INSERT INTO Sets VALUES (1056, 3, 25, 19);
INSERT INTO Sets VALUES (1056, 4, 25, 19);
INSERT INTO Matches VALUES (1057, 17, 693, 499, 1, 3);
INSERT INTO Sets VALUES (1057, 1, 10, 25);
INSERT INTO Sets VALUES (1057, 2, 6, 25);
INSERT INTO Sets VALUES (1057, 3, 25, 15);
INSERT INTO Sets VALUES (1057, 4, 22, 25);
INSERT INTO Matches VALUES (1058, 17, 514, 534, 3, 0);
INSERT INTO Sets VALUES (1058, 1, 25, 16);
INSERT INTO Sets VALUES (1058, 2, 25, 6);
INSERT INTO Sets VALUES (1058, 3, 25, 15);
INSERT INTO Matches VALUES (1059, 17, 472, 513, 1, 3);
INSERT INTO Sets VALUES (1059, 1, 0, 25);
INSERT INTO Sets VALUES (1059, 2, 0, 25);
INSERT INTO Sets VALUES (1059, 3, 25, 13);
INSERT INTO Sets VALUES (1059, 4, 20, 25);
INSERT INTO Matches VALUES (1060, 17, 513, 486, 3, 1);
INSERT INTO Sets VALUES (1060, 1, 25, 2);
INSERT INTO Sets VALUES (1060, 2, 25, 13);
INSERT INTO Sets VALUES (1060, 3, 12, 25);
INSERT INTO Sets VALUES (1060, 4, 25, 8);
INSERT INTO Matches VALUES (1061, 17, 507, 499, NULL, NULL);
INSERT INTO Matches VALUES (1062, 17, 460, 507, 3, 1);
INSERT INTO Sets VALUES (1062, 1, 7, 25);
INSERT INTO Sets VALUES (1062, 2, 25, 0);
INSERT INTO Sets VALUES (1062, 3, 25, 3);
INSERT INTO Sets VALUES (1062, 4, 25, 4);
INSERT INTO Matches VALUES (1063, 17, 525, 513, 3, 1);
INSERT INTO Sets VALUES (1063, 1, 25, 15);
INSERT INTO Sets VALUES (1063, 2, 3, 25);
INSERT INTO Sets VALUES (1063, 3, 25, 7);
INSERT INTO Sets VALUES (1063, 4, 25, 20);
INSERT INTO Matches VALUES (1064, 17, 513, 466, 3, 1);
INSERT INTO Sets VALUES (1064, 1, 25, 19);
INSERT INTO Sets VALUES (1064, 2, 11, 25);
INSERT INTO Sets VALUES (1064, 3, 25, 7);
INSERT INTO Sets VALUES (1064, 4, 25, 13);
INSERT INTO Matches VALUES (1065, 17, 534, 467, NULL, NULL);
INSERT INTO Matches VALUES (1066, 17, 693, 466, 2, 3);
INSERT INTO Sets VALUES (1066, 1, 8, 25);
INSERT INTO Sets VALUES (1066, 2, 25, 14);
INSERT INTO Sets VALUES (1066, 3, 25, 21);
INSERT INTO Sets VALUES (1066, 4, 3, 25);
INSERT INTO Sets VALUES (1066, 5, 0, 15);
INSERT INTO Matches VALUES (1067, 17, 466, 499, 3, 2);
INSERT INTO Sets VALUES (1067, 1, 0, 25);
INSERT INTO Sets VALUES (1067, 2, 25, 19);
INSERT INTO Sets VALUES (1067, 3, 22, 25);
INSERT INTO Sets VALUES (1067, 4, 25, 7);
INSERT INTO Sets VALUES (1067, 5, 15, 6);
INSERT INTO Matches VALUES (1068, 17, 499, 467, 3, 1);
INSERT INTO Sets VALUES (1068, 1, 25, 12);
INSERT INTO Sets VALUES (1068, 2, 11, 25);
INSERT INTO Sets VALUES (1068, 3, 25, 11);
INSERT INTO Sets VALUES (1068, 4, 25, 9);
INSERT INTO Matches VALUES (1069, 17, 693, 525, 3, 0);
INSERT INTO Sets VALUES (1069, 1, 25, 0);
INSERT INTO Sets VALUES (1069, 2, 25, 20);
INSERT INTO Sets VALUES (1069, 3, 25, 0);
INSERT INTO Matches VALUES (1070, 17, 499, 460, 3, 1);
INSERT INTO Sets VALUES (1070, 1, 5, 25);
INSERT INTO Sets VALUES (1070, 2, 25, 17);
INSERT INTO Sets VALUES (1070, 3, 25, 4);
INSERT INTO Sets VALUES (1070, 4, 25, 6);
INSERT INTO Matches VALUES (1071, 17, 466, 507, 3, 0);
INSERT INTO Sets VALUES (1071, 1, 25, 14);
INSERT INTO Sets VALUES (1071, 2, 25, 14);
INSERT INTO Sets VALUES (1071, 3, 25, 22);
INSERT INTO Matches VALUES (1072, 17, 507, 466, 3, 2);
INSERT INTO Sets VALUES (1072, 1, 11, 25);
INSERT INTO Sets VALUES (1072, 2, 25, 9);
INSERT INTO Sets VALUES (1072, 3, 25, 4);
INSERT INTO Sets VALUES (1072, 4, 19, 25);
INSERT INTO Sets VALUES (1072, 5, 15, 8);
INSERT INTO Matches VALUES (1073, 17, 466, 486, 3, 1);
INSERT INTO Sets VALUES (1073, 1, 25, 10);
INSERT INTO Sets VALUES (1073, 2, 25, 2);
INSERT INTO Sets VALUES (1073, 3, 18, 25);
INSERT INTO Sets VALUES (1073, 4, 25, 19);
INSERT INTO Matches VALUES (1074, 17, 507, 446, 1, 3);
INSERT INTO Sets VALUES (1074, 1, 5, 25);
INSERT INTO Sets VALUES (1074, 2, 25, 19);
INSERT INTO Sets VALUES (1074, 3, 21, 25);
INSERT INTO Sets VALUES (1074, 4, 13, 25);
INSERT INTO Matches VALUES (1075, 17, 507, 486, 2, 3);
INSERT INTO Sets VALUES (1075, 1, 25, 13);
INSERT INTO Sets VALUES (1075, 2, 7, 25);
INSERT INTO Sets VALUES (1075, 3, 1, 25);
INSERT INTO Sets VALUES (1075, 4, 25, 6);
INSERT INTO Sets VALUES (1075, 5, 18, 15);
INSERT INTO Matches VALUES (1076, 17, 453, 467, 3, 2);
INSERT INTO Sets VALUES (1076, 1, 4, 25);
INSERT INTO Sets VALUES (1076, 2, 25, 3);
INSERT INTO Sets VALUES (1076, 3, 2, 25);
INSERT INTO Sets VALUES (1076, 4, 25, 8);
INSERT INTO Sets VALUES (1076, 5, 15, 2);
INSERT INTO Matches VALUES (1077, 17, 472, 534, 3, 0);
INSERT INTO Sets VALUES (1077, 1, 25, 17);
INSERT INTO Sets VALUES (1077, 2, 25, 14);
INSERT INTO Sets VALUES (1077, 3, 25, 15);
INSERT INTO Matches VALUES (1078, 17, 507, 513, NULL, NULL);
INSERT INTO Matches VALUES (1079, 17, 534, 466, 3, 0);
INSERT INTO Sets VALUES (1079, 1, 25, 20);
INSERT INTO Sets VALUES (1079, 2, 25, 7);
INSERT INTO Sets VALUES (1079, 3, 25, 20);
INSERT INTO Matches VALUES (1080, 17, 507, 525, 3, 2);
INSERT INTO Sets VALUES (1080, 1, 17, 25);
INSERT INTO Sets VALUES (1080, 2, 25, 9);
INSERT INTO Sets VALUES (1080, 3, 25, 7);
INSERT INTO Sets VALUES (1080, 4, 22, 25);
INSERT INTO Sets VALUES (1080, 5, 15, 7);
INSERT INTO Matches VALUES (1081, 17, 486, 453, 3, 1);
INSERT INTO Sets VALUES (1081, 1, 6, 25);
INSERT INTO Sets VALUES (1081, 2, 25, 4);
INSERT INTO Sets VALUES (1081, 3, 25, 6);
INSERT INTO Sets VALUES (1081, 4, 25, 3);
INSERT INTO Matches VALUES (1082, 17, 467, 513, 3, 1);
INSERT INTO Sets VALUES (1082, 1, 25, 14);
INSERT INTO Sets VALUES (1082, 2, 25, 6);
INSERT INTO Sets VALUES (1082, 3, 18, 25);
INSERT INTO Sets VALUES (1082, 4, 25, 8);
INSERT INTO Matches VALUES (1083, 17, 446, 494, NULL, NULL);
INSERT INTO Matches VALUES (1084, 17, 494, 525, 3, 1);
INSERT INTO Sets VALUES (1084, 1, 25, 21);
INSERT INTO Sets VALUES (1084, 2, 3, 25);
INSERT INTO Sets VALUES (1084, 3, 25, 2);
INSERT INTO Sets VALUES (1084, 4, 25, 13);
INSERT INTO Matches VALUES (1085, 17, 486, 499, 3, 1);
INSERT INTO Sets VALUES (1085, 1, 25, 12);
INSERT INTO Sets VALUES (1085, 2, 20, 25);
INSERT INTO Sets VALUES (1085, 3, 25, 15);
INSERT INTO Sets VALUES (1085, 4, 25, 0);
INSERT INTO Matches VALUES (1086, 17, 472, 466, 3, 0);
INSERT INTO Sets VALUES (1086, 1, 25, 15);
INSERT INTO Sets VALUES (1086, 2, 25, 8);
INSERT INTO Sets VALUES (1086, 3, 25, 4);
INSERT INTO Matches VALUES (1087, 17, 514, 486, 3, 0);
INSERT INTO Sets VALUES (1087, 1, 25, 11);
INSERT INTO Sets VALUES (1087, 2, 25, 10);
INSERT INTO Sets VALUES (1087, 3, 25, 0);
INSERT INTO Matches VALUES (1088, 17, 466, 472, 0, 3);
INSERT INTO Sets VALUES (1088, 1, 18, 25);
INSERT INTO Sets VALUES (1088, 2, 11, 25);
INSERT INTO Sets VALUES (1088, 3, 4, 25);
INSERT INTO Matches VALUES (1089, 17, 472, 693, 2, 3);
INSERT INTO Sets VALUES (1089, 1, 25, 12);
INSERT INTO Sets VALUES (1089, 2, 9, 25);
INSERT INTO Sets VALUES (1089, 3, 25, 0);
INSERT INTO Sets VALUES (1089, 4, 10, 25);
INSERT INTO Sets VALUES (1089, 5, 6, 15);
INSERT INTO Matches VALUES (1090, 17, 499, 534, 3, 0);
INSERT INTO Sets VALUES (1090, 1, 25, 10);
INSERT INTO Sets VALUES (1090, 2, 25, 0);
INSERT INTO Sets VALUES (1090, 3, 25, 14);
INSERT INTO Matches VALUES (1091, 17, 514, 486, 3, 1);
INSERT INTO Sets VALUES (1091, 1, 15, 25);
INSERT INTO Sets VALUES (1091, 2, 25, 6);
INSERT INTO Sets VALUES (1091, 3, 25, 0);
INSERT INTO Sets VALUES (1091, 4, 25, 18);
INSERT INTO Matches VALUES (1092, 17, 534, 499, 3, 0);
INSERT INTO Sets VALUES (1092, 1, 25, 21);
INSERT INTO Sets VALUES (1092, 2, 25, 10);
INSERT INTO Sets VALUES (1092, 3, 25, 8);
INSERT INTO Matches VALUES (1093, 17, 446, 693, 3, 1);
INSERT INTO Sets VALUES (1093, 1, 25, 6);
INSERT INTO Sets VALUES (1093, 2, 25, 3);
INSERT INTO Sets VALUES (1093, 3, 21, 25);
INSERT INTO Sets VALUES (1093, 4, 25, 8);
INSERT INTO Matches VALUES (1094, 17, 499, 472, 3, 0);
INSERT INTO Sets VALUES (1094, 1, 25, 5);
INSERT INTO Sets VALUES (1094, 2, 25, 17);
INSERT INTO Sets VALUES (1094, 3, 25, 14);
INSERT INTO Matches VALUES (1095, 17, 494, 513, 3, 0);
INSERT INTO Sets VALUES (1095, 1, 25, 1);
INSERT INTO Sets VALUES (1095, 2, 25, 12);
INSERT INTO Sets VALUES (1095, 3, 25, 12);
INSERT INTO Matches VALUES (1096, 17, 499, 494, 3, 1);
INSERT INTO Sets VALUES (1096, 1, 25, 14);
INSERT INTO Sets VALUES (1096, 2, 25, 8);
INSERT INTO Sets VALUES (1096, 3, 3, 25);
INSERT INTO Sets VALUES (1096, 4, 25, 9);
INSERT INTO Matches VALUES (1097, 17, 467, 514, 3, 0);
INSERT INTO Sets VALUES (1097, 1, 25, 0);
INSERT INTO Sets VALUES (1097, 2, 25, 17);
INSERT INTO Sets VALUES (1097, 3, 25, 19);
INSERT INTO Matches VALUES (1098, 17, 453, 534, 3, 1);
INSERT INTO Sets VALUES (1098, 1, 25, 15);
INSERT INTO Sets VALUES (1098, 2, 25, 20);
INSERT INTO Sets VALUES (1098, 3, 3, 25);
INSERT INTO Sets VALUES (1098, 4, 25, 22);
INSERT INTO Matches VALUES (1099, 17, 534, 453, 3, 1);
INSERT INTO Sets VALUES (1099, 1, 4, 25);
INSERT INTO Sets VALUES (1099, 2, 25, 12);
INSERT INTO Sets VALUES (1099, 3, 25, 18);
INSERT INTO Sets VALUES (1099, 4, 25, 0);
INSERT INTO Matches VALUES (1100, 17, 525, 472, 3, 1);
INSERT INTO Sets VALUES (1100, 1, 25, 12);
INSERT INTO Sets VALUES (1100, 2, 25, 13);
INSERT INTO Sets VALUES (1100, 3, 22, 25);
INSERT INTO Sets VALUES (1100, 4, 25, 8);
INSERT INTO Matches VALUES (1101, 17, 513, 525, NULL, NULL);
INSERT INTO Matches VALUES (1102, 17, 494, 525, 2, 3);
INSERT INTO Sets VALUES (1102, 1, 6, 25);
INSERT INTO Sets VALUES (1102, 2, 1, 25);
INSERT INTO Sets VALUES (1102, 3, 25, 6);
INSERT INTO Sets VALUES (1102, 4, 25, 0);
INSERT INTO Sets VALUES (1102, 5, 2, 15);
INSERT INTO Matches VALUES (1103, 17, 534, 453, NULL, NULL);
INSERT INTO Matches VALUES (1104, 17, 534, 519, 3, 0);
INSERT INTO Sets VALUES (1104, 1, 25, 16);
INSERT INTO Sets VALUES (1104, 2, 25, 10);
INSERT INTO Sets VALUES (1104, 3, 25, 19);
INSERT INTO Matches VALUES (1105, 17, 519, 693, 1, 3);
INSERT INTO Sets VALUES (1105, 1, 9, 25);
INSERT INTO Sets VALUES (1105, 2, 25, 7);
INSERT INTO Sets VALUES (1105, 3, 0, 25);
INSERT INTO Sets VALUES (1105, 4, -1, 25);
INSERT INTO Matches VALUES (1106, 17, 446, 514, 3, 1);
INSERT INTO Sets VALUES (1106, 1, 25, 14);
INSERT INTO Sets VALUES (1106, 2, 25, 10);
INSERT INTO Sets VALUES (1106, 3, 3, 25);
INSERT INTO Sets VALUES (1106, 4, 25, 0);
INSERT INTO Matches VALUES (1107, 17, 486, 507, 3, 2);
INSERT INTO Sets VALUES (1107, 1, 7, 25);
INSERT INTO Sets VALUES (1107, 2, 25, 20);
INSERT INTO Sets VALUES (1107, 3, 5, 25);
INSERT INTO Sets VALUES (1107, 4, 25, 11);
INSERT INTO Sets VALUES (1107, 5, 15, 8);
INSERT INTO Matches VALUES (1108, 17, 525, 472, 3, 0);
INSERT INTO Sets VALUES (1108, 1, 25, 10);
INSERT INTO Sets VALUES (1108, 2, 25, 2);
INSERT INTO Sets VALUES (1108, 3, 25, 4);
INSERT INTO Matches VALUES (1109, 17, 507, 525, 3, 0);
INSERT INTO Sets VALUES (1109, 1, 25, 6);
INSERT INTO Sets VALUES (1109, 2, 25, 3);
INSERT INTO Sets VALUES (1109, 3, 25, 3);
INSERT INTO Matches VALUES (1110, 17, 486, 514, 3, 0);
INSERT INTO Sets VALUES (1110, 1, 25, 15);
INSERT INTO Sets VALUES (1110, 2, 25, 20);
INSERT INTO Sets VALUES (1110, 3, 25, 5);
INSERT INTO Matches VALUES (1111, 17, 486, 446, NULL, NULL);
INSERT INTO Matches VALUES (1112, 17, 486, 494, 2, 3);
INSERT INTO Sets VALUES (1112, 1, 6, 25);
INSERT INTO Sets VALUES (1112, 2, 25, 1);
INSERT INTO Sets VALUES (1112, 3, 25, 12);
INSERT INTO Sets VALUES (1112, 4, 1, 25);
INSERT INTO Sets VALUES (1112, 5, 0, 15);
INSERT INTO Matches VALUES (1113, 17, 467, 499, 3, 0);
INSERT INTO Sets VALUES (1113, 1, 25, 16);
INSERT INTO Sets VALUES (1113, 2, 25, 10);
INSERT INTO Sets VALUES (1113, 3, 25, 6);
INSERT INTO Matches VALUES (1114, 17, 513, 525, 3, 0);
INSERT INTO Sets VALUES (1114, 1, 25, 9);
INSERT INTO Sets VALUES (1114, 2, 25, 19);
INSERT INTO Sets VALUES (1114, 3, 25, 15);
INSERT INTO Matches VALUES (1115, 17, 467, 513, 3, 2);
INSERT INTO Sets VALUES (1115, 1, 8, 25);
INSERT INTO Sets VALUES (1115, 2, 25, 12);
INSERT INTO Sets VALUES (1115, 3, 6, 25);
INSERT INTO Sets VALUES (1115, 4, 25, 16);
INSERT INTO Sets VALUES (1115, 5, 15, 7);
INSERT INTO Matches VALUES (1116, 17, 446, 472, 3, 2);
INSERT INTO Sets VALUES (1116, 1, 25, 14);
INSERT INTO Sets VALUES (1116, 2, 7, 25);
INSERT INTO Sets VALUES (1116, 3, 2, 25);
INSERT INTO Sets VALUES (1116, 4, 25, 9);
INSERT INTO Sets VALUES (1116, 5, 15, 8);
INSERT INTO Matches VALUES (1117, 17, 472, 519, 3, 1);
INSERT INTO Sets VALUES (1117, 1, 8, 25);
INSERT INTO Sets VALUES (1117, 2, 25, 3);
INSERT INTO Sets VALUES (1117, 3, 25, 17);
INSERT INTO Sets VALUES (1117, 4, 25, 19);
INSERT INTO Matches VALUES (1118, 17, 519, 460, 0, 3);
INSERT INTO Sets VALUES (1118, 1, 10, 25);
INSERT INTO Sets VALUES (1118, 2, 1, 25);
INSERT INTO Sets VALUES (1118, 3, 0, 25);
INSERT INTO Matches VALUES (1119, 17, 507, 472, 3, 2);
INSERT INTO Sets VALUES (1119, 1, 25, 21);
INSERT INTO Sets VALUES (1119, 2, 11, 25);
INSERT INTO Sets VALUES (1119, 3, 3, 25);
INSERT INTO Sets VALUES (1119, 4, 25, 7);
INSERT INTO Sets VALUES (1119, 5, 15, 12);
INSERT INTO Matches VALUES (1120, 17, 494, 472, 3, 2);
INSERT INTO Sets VALUES (1120, 1, 5, 25);
INSERT INTO Sets VALUES (1120, 2, 25, 20);
INSERT INTO Sets VALUES (1120, 3, 25, 2);
INSERT INTO Sets VALUES (1120, 4, 11, 25);
INSERT INTO Sets VALUES (1120, 5, 15, 12);
INSERT INTO Matches VALUES (1121, 17, 472, 453, 3, 1);
INSERT INTO Sets VALUES (1121, 1, 25, 10);
INSERT INTO Sets VALUES (1121, 2, 25, 20);
INSERT INTO Sets VALUES (1121, 3, 11, 25);
INSERT INTO Sets VALUES (1121, 4, 25, 2);
INSERT INTO Matches VALUES (1122, 17, 486, 460, 2, 3);
INSERT INTO Sets VALUES (1122, 1, 25, 8);
INSERT INTO Sets VALUES (1122, 2, 25, 7);
INSERT INTO Sets VALUES (1122, 3, 16, 25);
INSERT INTO Sets VALUES (1122, 4, 7, 25);
INSERT INTO Sets VALUES (1122, 5, 3, 15);
INSERT INTO Matches VALUES (1123, 17, 466, 460, 3, 0);
INSERT INTO Sets VALUES (1123, 1, 25, 21);
INSERT INTO Sets VALUES (1123, 2, 25, 18);
INSERT INTO Sets VALUES (1123, 3, 25, 8);
INSERT INTO Matches VALUES (1124, 17, 534, 693, 3, 2);
INSERT INTO Sets VALUES (1124, 1, 8, 25);
INSERT INTO Sets VALUES (1124, 2, 25, 15);
INSERT INTO Sets VALUES (1124, 3, 8, 25);
INSERT INTO Sets VALUES (1124, 4, 25, 8);
INSERT INTO Sets VALUES (1124, 5, 15, 4);
INSERT INTO Matches VALUES (1125, 17, 446, 472, 3, 2);
INSERT INTO Sets VALUES (1125, 1, 25, 10);
INSERT INTO Sets VALUES (1125, 2, 2, 25);
INSERT INTO Sets VALUES (1125, 3, 25, 8);
INSERT INTO Sets VALUES (1125, 4, 18, 25);
INSERT INTO Sets VALUES (1125, 5, 15, 6);
INSERT INTO Matches VALUES (1126, 18, 536, 588, 3, 0);
INSERT INTO Sets VALUES (1126, 1, 25, 1);
INSERT INTO Sets VALUES (1126, 2, 25, 17);
INSERT INTO Sets VALUES (1126, 3, 25, 15);
INSERT INTO Matches VALUES (1127, 18, 583, 633, 3, 1);
INSERT INTO Sets VALUES (1127, 1, 25, 6);
INSERT INTO Sets VALUES (1127, 2, 4, 25);
INSERT INTO Sets VALUES (1127, 3, 25, 10);
INSERT INTO Sets VALUES (1127, 4, 25, 2);
INSERT INTO Matches VALUES (1128, 18, 640, 588, 3, 0);
INSERT INTO Sets VALUES (1128, 1, 25, 22);
INSERT INTO Sets VALUES (1128, 2, 25, 10);
INSERT INTO Sets VALUES (1128, 3, 25, 13);
INSERT INTO Matches VALUES (1129, 18, 640, 555, 3, 1);
INSERT INTO Sets VALUES (1129, 1, 25, 22);
INSERT INTO Sets VALUES (1129, 2, 25, 15);
INSERT INTO Sets VALUES (1129, 3, 0, 25);
INSERT INTO Sets VALUES (1129, 4, 25, 11);
INSERT INTO Matches VALUES (1130, 18, 544, 633, 3, 0);
INSERT INTO Sets VALUES (1130, 1, 25, 15);
INSERT INTO Sets VALUES (1130, 2, 25, 9);
INSERT INTO Sets VALUES (1130, 3, 25, 13);
INSERT INTO Matches VALUES (1131, 18, 594, 640, 1, 3);
INSERT INTO Sets VALUES (1131, 1, 5, 25);
INSERT INTO Sets VALUES (1131, 2, 25, 15);
INSERT INTO Sets VALUES (1131, 3, 11, 25);
INSERT INTO Sets VALUES (1131, 4, 1, 25);
INSERT INTO Matches VALUES (1132, 18, 583, 619, 3, 0);
INSERT INTO Sets VALUES (1132, 1, 25, 20);
INSERT INTO Sets VALUES (1132, 2, 25, 11);
INSERT INTO Sets VALUES (1132, 3, 25, 16);
INSERT INTO Matches VALUES (1133, 18, 640, 670, 3, 1);
INSERT INTO Sets VALUES (1133, 1, 25, 18);
INSERT INTO Sets VALUES (1133, 2, 4, 25);
INSERT INTO Sets VALUES (1133, 3, 25, 4);
INSERT INTO Sets VALUES (1133, 4, 25, 0);
INSERT INTO Matches VALUES (1134, 18, 589, 614, 3, 0);
INSERT INTO Sets VALUES (1134, 1, 25, 3);
INSERT INTO Sets VALUES (1134, 2, 25, 4);
INSERT INTO Sets VALUES (1134, 3, 25, 14);
INSERT INTO Matches VALUES (1135, 18, 588, 555, 0, 3);
INSERT INTO Sets VALUES (1135, 1, 7, 25);
INSERT INTO Sets VALUES (1135, 2, 4, 25);
INSERT INTO Sets VALUES (1135, 3, 1, 25);
INSERT INTO Matches VALUES (1136, 18, 555, 588, 3, 1);
INSERT INTO Sets VALUES (1136, 1, 25, 9);
INSERT INTO Sets VALUES (1136, 2, 10, 25);
INSERT INTO Sets VALUES (1136, 3, 25, 16);
INSERT INTO Sets VALUES (1136, 4, 25, 3);
INSERT INTO Matches VALUES (1137, 18, 594, 633, 1, 3);
INSERT INTO Sets VALUES (1137, 1, 25, 12);
INSERT INTO Sets VALUES (1137, 2, 16, 25);
INSERT INTO Sets VALUES (1137, 3, 5, 25);
INSERT INTO Sets VALUES (1137, 4, 2, 25);
INSERT INTO Matches VALUES (1138, 18, 588, 619, 2, 3);
INSERT INTO Sets VALUES (1138, 1, 0, 25);
INSERT INTO Sets VALUES (1138, 2, 25, 10);
INSERT INTO Sets VALUES (1138, 3, 25, 17);
INSERT INTO Sets VALUES (1138, 4, 12, 25);
INSERT INTO Sets VALUES (1138, 5, 9, 15);
INSERT INTO Matches VALUES (1139, 18, 555, 544, 2, 3);
INSERT INTO Sets VALUES (1139, 1, 25, 1);
INSERT INTO Sets VALUES (1139, 2, 25, 8);
INSERT INTO Sets VALUES (1139, 3, 22, 25);
INSERT INTO Sets VALUES (1139, 4, 18, 25);
INSERT INTO Sets VALUES (1139, 5, 11, 15);
INSERT INTO Matches VALUES (1140, 18, 619, 555, 3, 1);
INSERT INTO Sets VALUES (1140, 1, 25, 13);
INSERT INTO Sets VALUES (1140, 2, 25, 10);
INSERT INTO Sets VALUES (1140, 3, 18, 25);
INSERT INTO Sets VALUES (1140, 4, 25, 6);
INSERT INTO Matches VALUES (1141, 18, 536, 594, 3, 2);
INSERT INTO Sets VALUES (1141, 1, 18, 25);
INSERT INTO Sets VALUES (1141, 2, 25, 22);
INSERT INTO Sets VALUES (1141, 3, 12, 25);
INSERT INTO Sets VALUES (1141, 4, 25, 1);
INSERT INTO Sets VALUES (1141, 5, 15, 7);
INSERT INTO Matches VALUES (1142, 18, 614, 594, 3, 1);
INSERT INTO Sets VALUES (1142, 1, 25, 12);
INSERT INTO Sets VALUES (1142, 2, 25, 18);
INSERT INTO Sets VALUES (1142, 3, 16, 25);
INSERT INTO Sets VALUES (1142, 4, 25, 22);
INSERT INTO Matches VALUES (1143, 18, 614, 536, 3, 1);
INSERT INTO Sets VALUES (1143, 1, 25, 17);
INSERT INTO Sets VALUES (1143, 2, 25, 12);
INSERT INTO Sets VALUES (1143, 3, 12, 25);
INSERT INTO Sets VALUES (1143, 4, 25, 17);
INSERT INTO Matches VALUES (1144, 18, 640, 583, 2, 3);
INSERT INTO Sets VALUES (1144, 1, 10, 25);
INSERT INTO Sets VALUES (1144, 2, 6, 25);
INSERT INTO Sets VALUES (1144, 3, 25, 12);
INSERT INTO Sets VALUES (1144, 4, 25, 21);
INSERT INTO Sets VALUES (1144, 5, 19, 15);
INSERT INTO Matches VALUES (1145, 18, 633, 614, 3, 0);
INSERT INTO Sets VALUES (1145, 1, 25, 10);
INSERT INTO Sets VALUES (1145, 2, 25, 6);
INSERT INTO Sets VALUES (1145, 3, 25, 17);
INSERT INTO Matches VALUES (1146, 18, 588, 583, 3, 1);
INSERT INTO Sets VALUES (1146, 1, 25, 4);
INSERT INTO Sets VALUES (1146, 2, 13, 25);
INSERT INTO Sets VALUES (1146, 3, 25, 4);
INSERT INTO Sets VALUES (1146, 4, 25, 3);
INSERT INTO Matches VALUES (1147, 18, 633, 594, 3, 1);
INSERT INTO Sets VALUES (1147, 1, 22, 25);
INSERT INTO Sets VALUES (1147, 2, 25, 6);
INSERT INTO Sets VALUES (1147, 3, 25, 22);
INSERT INTO Sets VALUES (1147, 4, 25, 4);
INSERT INTO Matches VALUES (1148, 18, 614, 555, 3, 1);
INSERT INTO Sets VALUES (1148, 1, 25, 1);
INSERT INTO Sets VALUES (1148, 2, 19, 25);
INSERT INTO Sets VALUES (1148, 3, 25, 7);
INSERT INTO Sets VALUES (1148, 4, 25, 12);
INSERT INTO Matches VALUES (1149, 18, 588, 536, 3, 2);
INSERT INTO Sets VALUES (1149, 1, 25, 10);
INSERT INTO Sets VALUES (1149, 2, 4, 25);
INSERT INTO Sets VALUES (1149, 3, 1, 25);
INSERT INTO Sets VALUES (1149, 4, 25, 11);
INSERT INTO Sets VALUES (1149, 5, 15, 10);
INSERT INTO Matches VALUES (1150, 18, 544, 640, 2, 3);
INSERT INTO Sets VALUES (1150, 1, 25, 13);
INSERT INTO Sets VALUES (1150, 2, 16, 25);
INSERT INTO Sets VALUES (1150, 3, 25, 14);
INSERT INTO Sets VALUES (1150, 4, 22, 25);
INSERT INTO Sets VALUES (1150, 5, 19, 15);
INSERT INTO Matches VALUES (1151, 18, 583, 614, 3, 2);
INSERT INTO Sets VALUES (1151, 1, 13, 25);
INSERT INTO Sets VALUES (1151, 2, 25, 3);
INSERT INTO Sets VALUES (1151, 3, 25, 8);
INSERT INTO Sets VALUES (1151, 4, 7, 25);
INSERT INTO Sets VALUES (1151, 5, 15, 9);
INSERT INTO Matches VALUES (1152, 18, 619, 588, 2, 3);
INSERT INTO Sets VALUES (1152, 1, 7, 25);
INSERT INTO Sets VALUES (1152, 2, 25, 17);
INSERT INTO Sets VALUES (1152, 3, 25, 20);
INSERT INTO Sets VALUES (1152, 4, 5, 25);
INSERT INTO Sets VALUES (1152, 5, 0, 15);
INSERT INTO Matches VALUES (1153, 18, 583, 589, 3, 1);
INSERT INTO Sets VALUES (1153, 1, 25, 9);
INSERT INTO Sets VALUES (1153, 2, 0, 25);
INSERT INTO Sets VALUES (1153, 3, 25, 0);
INSERT INTO Sets VALUES (1153, 4, 25, 1);
INSERT INTO Matches VALUES (1154, 18, 588, 544, 1, 3);
INSERT INTO Sets VALUES (1154, 1, 25, 4);
INSERT INTO Sets VALUES (1154, 2, 21, 25);
INSERT INTO Sets VALUES (1154, 3, 0, 25);
INSERT INTO Sets VALUES (1154, 4, 0, 25);
INSERT INTO Matches VALUES (1155, 18, 640, 589, 3, 2);
INSERT INTO Sets VALUES (1155, 1, -1, 25);
INSERT INTO Sets VALUES (1155, 2, -2, 25);
INSERT INTO Sets VALUES (1155, 3, 25, 15);
INSERT INTO Sets VALUES (1155, 4, 25, 6);
INSERT INTO Sets VALUES (1155, 5, 15, 11);
INSERT INTO Matches VALUES (1156, 18, 588, 633, NULL, NULL);
INSERT INTO Matches VALUES (1157, 18, 594, 633, NULL, NULL);
INSERT INTO Matches VALUES (1158, 18, 583, 633, 3, 0);
INSERT INTO Sets VALUES (1158, 1, 25, 21);
INSERT INTO Sets VALUES (1158, 2, 25, 16);
INSERT INTO Sets VALUES (1158, 3, 25, 11);
INSERT INTO Matches VALUES (1159, 18, 640, 670, 3, 0);
INSERT INTO Sets VALUES (1159, 1, 25, 9);
INSERT INTO Sets VALUES (1159, 2, 25, 4);
INSERT INTO Sets VALUES (1159, 3, 25, 15);
INSERT INTO Matches VALUES (1160, 18, 583, 555, 3, 2);
INSERT INTO Sets VALUES (1160, 1, 25, 6);
INSERT INTO Sets VALUES (1160, 2, 25, 22);
INSERT INTO Sets VALUES (1160, 3, 14, 25);
INSERT INTO Sets VALUES (1160, 4, 8, 25);
INSERT INTO Sets VALUES (1160, 5, 15, 12);
INSERT INTO Matches VALUES (1161, 18, 583, 555, 3, 2);
INSERT INTO Sets VALUES (1161, 1, 5, 25);
INSERT INTO Sets VALUES (1161, 2, 25, 8);
INSERT INTO Sets VALUES (1161, 3, 25, 6);
INSERT INTO Sets VALUES (1161, 4, 17, 25);
INSERT INTO Sets VALUES (1161, 5, 15, 8);
INSERT INTO Matches VALUES (1162, 18, 536, 640, 3, 0);
INSERT INTO Sets VALUES (1162, 1, 25, 14);
INSERT INTO Sets VALUES (1162, 2, 25, 22);
INSERT INTO Sets VALUES (1162, 3, 25, 3);
INSERT INTO Matches VALUES (1163, 18, 555, 594, 3, 2);
INSERT INTO Sets VALUES (1163, 1, 25, 9);
INSERT INTO Sets VALUES (1163, 2, 12, 25);
INSERT INTO Sets VALUES (1163, 3, 25, 14);
INSERT INTO Sets VALUES (1163, 4, 7, 25);
INSERT INTO Sets VALUES (1163, 5, 15, 5);
INSERT INTO Matches VALUES (1164, 18, 536, 589, 3, 1);
INSERT INTO Sets VALUES (1164, 1, 25, 10);
INSERT INTO Sets VALUES (1164, 2, 5, 25);
INSERT INTO Sets VALUES (1164, 3, 25, 22);
INSERT INTO Sets VALUES (1164, 4, 25, 5);
INSERT INTO Matches VALUES (1165, 18, 536, 670, 3, 0);
INSERT INTO Sets VALUES (1165, 1, 25, 7);
INSERT INTO Sets VALUES (1165, 2, 25, 15);
INSERT INTO Sets VALUES (1165, 3, 25, 16);
INSERT INTO Matches VALUES (1166, 18, 589, 555, 3, 1);
INSERT INTO Sets VALUES (1166, 1, 1, 25);
INSERT INTO Sets VALUES (1166, 2, 25, 17);
INSERT INTO Sets VALUES (1166, 3, 25, 13);
INSERT INTO Sets VALUES (1166, 4, 25, 21);
INSERT INTO Matches VALUES (1167, 18, 588, 619, 3, 1);
INSERT INTO Sets VALUES (1167, 1, 4, 25);
INSERT INTO Sets VALUES (1167, 2, 25, 8);
INSERT INTO Sets VALUES (1167, 3, 25, 21);
INSERT INTO Sets VALUES (1167, 4, 25, 12);
INSERT INTO Matches VALUES (1168, 18, 670, 594, 2, 3);
INSERT INTO Sets VALUES (1168, 1, 25, 7);
INSERT INTO Sets VALUES (1168, 2, 25, 3);
INSERT INTO Sets VALUES (1168, 3, 5, 25);
INSERT INTO Sets VALUES (1168, 4, 0, 25);
INSERT INTO Sets VALUES (1168, 5, 0, 15);
INSERT INTO Matches VALUES (1169, 18, 640, 544, 3, 1);
INSERT INTO Sets VALUES (1169, 1, -1, 25);
INSERT INTO Sets VALUES (1169, 2, 25, 19);
INSERT INTO Sets VALUES (1169, 3, 25, 2);
INSERT INTO Sets VALUES (1169, 4, 25, 10);
INSERT INTO Matches VALUES (1170, 18, 555, 619, 0, 3);
INSERT INTO Sets VALUES (1170, 1, 13, 25);
INSERT INTO Sets VALUES (1170, 2, 9, 25);
INSERT INTO Sets VALUES (1170, 3, 4, 25);
INSERT INTO Matches VALUES (1171, 18, 633, 536, 3, 1);
INSERT INTO Sets VALUES (1171, 1, 25, 19);
INSERT INTO Sets VALUES (1171, 2, 13, 25);
INSERT INTO Sets VALUES (1171, 3, 25, 22);
INSERT INTO Sets VALUES (1171, 4, 25, 11);
INSERT INTO Matches VALUES (1172, 18, 588, 555, 3, 1);
INSERT INTO Sets VALUES (1172, 1, 25, 5);
INSERT INTO Sets VALUES (1172, 2, 25, 4);
INSERT INTO Sets VALUES (1172, 3, 8, 25);
INSERT INTO Sets VALUES (1172, 4, 25, 19);
INSERT INTO Matches VALUES (1173, 18, 670, 588, 3, 2);
INSERT INTO Sets VALUES (1173, 1, 3, 25);
INSERT INTO Sets VALUES (1173, 2, 25, 17);
INSERT INTO Sets VALUES (1173, 3, 19, 25);
INSERT INTO Sets VALUES (1173, 4, 25, 8);
INSERT INTO Sets VALUES (1173, 5, 15, 12);
INSERT INTO Matches VALUES (1174, 18, 640, 536, 3, 1);
INSERT INTO Sets VALUES (1174, 1, 25, 9);
INSERT INTO Sets VALUES (1174, 2, 20, 25);
INSERT INTO Sets VALUES (1174, 3, 25, 13);
INSERT INTO Sets VALUES (1174, 4, 25, 2);
INSERT INTO Matches VALUES (1175, 18, 536, 640, 3, 0);
INSERT INTO Sets VALUES (1175, 1, 25, 11);
INSERT INTO Sets VALUES (1175, 2, 25, 19);
INSERT INTO Sets VALUES (1175, 3, 25, 12);
INSERT INTO Matches VALUES (1176, 18, 670, 588, 3, 1);
INSERT INTO Sets VALUES (1176, 1, 25, 9);
INSERT INTO Sets VALUES (1176, 2, 19, 25);
INSERT INTO Sets VALUES (1176, 3, 25, 7);
INSERT INTO Sets VALUES (1176, 4, 25, 7);
INSERT INTO Matches VALUES (1177, 18, 619, 555, 3, 1);
INSERT INTO Sets VALUES (1177, 1, 3, 25);
INSERT INTO Sets VALUES (1177, 2, 25, 15);
INSERT INTO Sets VALUES (1177, 3, 25, 20);
INSERT INTO Sets VALUES (1177, 4, 25, 12);
INSERT INTO Matches VALUES (1178, 18, 536, 544, 2, 3);
INSERT INTO Sets VALUES (1178, 1, 14, 25);
INSERT INTO Sets VALUES (1178, 2, 10, 25);
INSERT INTO Sets VALUES (1178, 3, 25, 8);
INSERT INTO Sets VALUES (1178, 4, 25, 0);
INSERT INTO Sets VALUES (1178, 5, 20, 15);
INSERT INTO Matches VALUES (1179, 18, 583, 536, 2, 3);
INSERT INTO Sets VALUES (1179, 1, 25, 1);
INSERT INTO Sets VALUES (1179, 2, 25, 5);
INSERT INTO Sets VALUES (1179, 3, 21, 25);
INSERT INTO Sets VALUES (1179, 4, 14, 25);
INSERT INTO Sets VALUES (1179, 5, 10, 15);
INSERT INTO Matches VALUES (1180, 18, 544, 536, 3, 0);
INSERT INTO Sets VALUES (1180, 1, 25, 8);
INSERT INTO Sets VALUES (1180, 2, 25, 7);
INSERT INTO Sets VALUES (1180, 3, 25, 17);
INSERT INTO Matches VALUES (1181, 18, 555, 670, 3, 1);
INSERT INTO Sets VALUES (1181, 1, 25, 18);
INSERT INTO Sets VALUES (1181, 2, 16, 25);
INSERT INTO Sets VALUES (1181, 3, 25, 10);
INSERT INTO Sets VALUES (1181, 4, 25, 1);
INSERT INTO Matches VALUES (1182, 18, 555, 536, 3, 0);
INSERT INTO Sets VALUES (1182, 1, 25, 10);
INSERT INTO Sets VALUES (1182, 2, 25, 21);
INSERT INTO Sets VALUES (1182, 3, 25, 11);
INSERT INTO Matches VALUES (1183, 18, 614, 640, 3, 0);
INSERT INTO Sets VALUES (1183, 1, 25, 13);
INSERT INTO Sets VALUES (1183, 2, 25, 13);
INSERT INTO Sets VALUES (1183, 3, 25, 14);
INSERT INTO Matches VALUES (1184, 18, 614, 633, NULL, NULL);
INSERT INTO Matches VALUES (1185, 18, 619, 583, 3, 0);
INSERT INTO Sets VALUES (1185, 1, 25, 3);
INSERT INTO Sets VALUES (1185, 2, 25, 13);
INSERT INTO Sets VALUES (1185, 3, 25, 11);
INSERT INTO Matches VALUES (1186, 18, 670, 640, 3, 0);
INSERT INTO Sets VALUES (1186, 1, 25, 13);
INSERT INTO Sets VALUES (1186, 2, 25, 11);
INSERT INTO Sets VALUES (1186, 3, 25, 3);
INSERT INTO Matches VALUES (1187, 18, 555, 619, NULL, NULL);
INSERT INTO Matches VALUES (1188, 18, 588, 619, 3, 0);
INSERT INTO Sets VALUES (1188, 1, 25, 19);
INSERT INTO Sets VALUES (1188, 2, 25, 5);
INSERT INTO Sets VALUES (1188, 3, 25, 7);
INSERT INTO Matches VALUES (1189, 18, 633, 594, 1, 3);
INSERT INTO Sets VALUES (1189, 1, 25, 14);
INSERT INTO Sets VALUES (1189, 2, 0, 25);
INSERT INTO Sets VALUES (1189, 3, 0, 25);
INSERT INTO Sets VALUES (1189, 4, 0, 25);
INSERT INTO Matches VALUES (1190, 18, 536, 614, NULL, NULL);
INSERT INTO Matches VALUES (1191, 18, 583, 619, 3, 1);
INSERT INTO Sets VALUES (1191, 1, 0, 25);
INSERT INTO Sets VALUES (1191, 2, 25, 20);
INSERT INTO Sets VALUES (1191, 3, 25, 2);
INSERT INTO Sets VALUES (1191, 4, 25, 18);
INSERT INTO Matches VALUES (1192, 18, 594, 555, 3, 1);
INSERT INTO Sets VALUES (1192, 1, 25, 10);
INSERT INTO Sets VALUES (1192, 2, 12, 25);
INSERT INTO Sets VALUES (1192, 3, 25, 15);
INSERT INTO Sets VALUES (1192, 4, 25, 16);
INSERT INTO Matches VALUES (1193, 18, 670, 633, 3, 2);
INSERT INTO Sets VALUES (1193, 1, 25, 14);
INSERT INTO Sets VALUES (1193, 2, 25, 2);
INSERT INTO Sets VALUES (1193, 3, 0, 25);
INSERT INTO Sets VALUES (1193, 4, 0, 25);
INSERT INTO Sets VALUES (1193, 5, 15, 5);
INSERT INTO Matches VALUES (1194, 18, 583, 614, 3, 1);
INSERT INTO Sets VALUES (1194, 1, 25, 21);
INSERT INTO Sets VALUES (1194, 2, 17, 25);
INSERT INTO Sets VALUES (1194, 3, 25, 9);
INSERT INTO Sets VALUES (1194, 4, 25, 15);
INSERT INTO Matches VALUES (1195, 18, 536, 555, 3, 1);
INSERT INTO Sets VALUES (1195, 1, 25, 5);
INSERT INTO Sets VALUES (1195, 2, 25, 5);
INSERT INTO Sets VALUES (1195, 3, 10, 25);
INSERT INTO Sets VALUES (1195, 4, 25, 2);
INSERT INTO Matches VALUES (1196, 18, 588, 619, 3, 0);
INSERT INTO Sets VALUES (1196, 1, 25, 8);
INSERT INTO Sets VALUES (1196, 2, 25, 10);
INSERT INTO Sets VALUES (1196, 3, 25, 17);
INSERT INTO Matches VALUES (1197, 18, 594, 633, 3, 1);
INSERT INTO Sets VALUES (1197, 1, 25, 11);
INSERT INTO Sets VALUES (1197, 2, 25, 13);
INSERT INTO Sets VALUES (1197, 3, 15, 25);
INSERT INTO Sets VALUES (1197, 4, 25, 20);
INSERT INTO Matches VALUES (1198, 18, 544, 614, NULL, NULL);
INSERT INTO Matches VALUES (1199, 18, 544, 588, 3, 1);
INSERT INTO Sets VALUES (1199, 1, 25, 22);
INSERT INTO Sets VALUES (1199, 2, 8, 25);
INSERT INTO Sets VALUES (1199, 3, 25, 19);
INSERT INTO Sets VALUES (1199, 4, 25, 22);
INSERT INTO Matches VALUES (1200, 18, 589, 583, 3, 2);
INSERT INTO Sets VALUES (1200, 1, 15, 25);
INSERT INTO Sets VALUES (1200, 2, 25, 0);
INSERT INTO Sets VALUES (1200, 3, 19, 25);
INSERT INTO Sets VALUES (1200, 4, 25, 14);
INSERT INTO Sets VALUES (1200, 5, 15, 2);
INSERT INTO Matches VALUES (1201, 18, 555, 536, NULL, NULL);
INSERT INTO Matches VALUES (1202, 18, 588, 614, 3, 0);
INSERT INTO Sets VALUES (1202, 1, 25, 15);
INSERT INTO Sets VALUES (1202, 2, 25, 21);
INSERT INTO Sets VALUES (1202, 3, 25, 13);
INSERT INTO Matches VALUES (1203, 18, 614, 536, 3, 2);
INSERT INTO Sets VALUES (1203, 1, 25, 6);
INSERT INTO Sets VALUES (1203, 2, 25, 8);
INSERT INTO Sets VALUES (1203, 3, 13, 25);
INSERT INTO Sets VALUES (1203, 4, 5, 25);
INSERT INTO Sets VALUES (1203, 5, 15, 12);
INSERT INTO Matches VALUES (1204, 18, 633, 640, NULL, NULL);
INSERT INTO Matches VALUES (1205, 18, 633, 555, 3, 0);
INSERT INTO Sets VALUES (1205, 1, 25, 0);
INSERT INTO Sets VALUES (1205, 2, 25, 20);
INSERT INTO Sets VALUES (1205, 3, 25, 12);
INSERT INTO Matches VALUES (1206, 19, 549, 612, 3, 1);
INSERT INTO Sets VALUES (1206, 1, 3, 25);
INSERT INTO Sets VALUES (1206, 2, 25, 19);
INSERT INTO Sets VALUES (1206, 3, 25, 0);
INSERT INTO Sets VALUES (1206, 4, 25, 11);
INSERT INTO Matches VALUES (1207, 19, 547, 601, 3, 1);
INSERT INTO Sets VALUES (1207, 1, 25, 8);
INSERT INTO Sets VALUES (1207, 2, 19, 25);
INSERT INTO Sets VALUES (1207, 3, 25, 18);
INSERT INTO Sets VALUES (1207, 4, 25, 4);
INSERT INTO Matches VALUES (1208, 19, 606, 540, 3, 0);
INSERT INTO Sets VALUES (1208, 1, 25, 20);
INSERT INTO Sets VALUES (1208, 2, 25, 4);
INSERT INTO Sets VALUES (1208, 3, 25, 8);
INSERT INTO Matches VALUES (1209, 19, 596, 577, 3, 0);
INSERT INTO Sets VALUES (1209, 1, 25, 11);
INSERT INTO Sets VALUES (1209, 2, 25, 1);
INSERT INTO Sets VALUES (1209, 3, 25, 13);
INSERT INTO Matches VALUES (1210, 19, 601, 571, NULL, NULL);
INSERT INTO Matches VALUES (1211, 19, 590, 559, 3, 2);
INSERT INTO Sets VALUES (1211, 1, 13, 25);
INSERT INTO Sets VALUES (1211, 2, 25, 20);
INSERT INTO Sets VALUES (1211, 3, 18, 25);
INSERT INTO Sets VALUES (1211, 4, 25, 6);
INSERT INTO Sets VALUES (1211, 5, 15, 2);
INSERT INTO Matches VALUES (1212, 19, 540, 549, 3, 1);
INSERT INTO Sets VALUES (1212, 1, 25, 19);
INSERT INTO Sets VALUES (1212, 2, 12, 25);
INSERT INTO Sets VALUES (1212, 3, 25, 0);
INSERT INTO Sets VALUES (1212, 4, 25, 18);
INSERT INTO Matches VALUES (1213, 19, 601, 606, 2, 3);
INSERT INTO Sets VALUES (1213, 1, 13, 25);
INSERT INTO Sets VALUES (1213, 2, 25, 3);
INSERT INTO Sets VALUES (1213, 3, 25, 3);
INSERT INTO Sets VALUES (1213, 4, 6, 25);
INSERT INTO Sets VALUES (1213, 5, 0, 15);
INSERT INTO Matches VALUES (1214, 19, 563, 612, NULL, NULL);
INSERT INTO Matches VALUES (1215, 19, 601, 571, NULL, NULL);
INSERT INTO Matches VALUES (1216, 19, 571, 547, 3, 0);
INSERT INTO Sets VALUES (1216, 1, 25, 11);
INSERT INTO Sets VALUES (1216, 2, 25, 22);
INSERT INTO Sets VALUES (1216, 3, 25, 3);
INSERT INTO Matches VALUES (1217, 19, 577, 564, 3, 2);
INSERT INTO Sets VALUES (1217, 1, 25, 3);
INSERT INTO Sets VALUES (1217, 2, 25, 1);
INSERT INTO Sets VALUES (1217, 3, 4, 25);
INSERT INTO Sets VALUES (1217, 4, 0, 25);
INSERT INTO Sets VALUES (1217, 5, 15, 7);
INSERT INTO Matches VALUES (1218, 19, 577, 547, 3, 1);
INSERT INTO Sets VALUES (1218, 1, 2, 25);
INSERT INTO Sets VALUES (1218, 2, 25, 15);
INSERT INTO Sets VALUES (1218, 3, 25, 2);
INSERT INTO Sets VALUES (1218, 4, 25, 2);
INSERT INTO Matches VALUES (1219, 19, 596, 571, 3, 1);
INSERT INTO Sets VALUES (1219, 1, 3, 25);
INSERT INTO Sets VALUES (1219, 2, 25, 7);
INSERT INTO Sets VALUES (1219, 3, 25, 12);
INSERT INTO Sets VALUES (1219, 4, 25, 4);
INSERT INTO Matches VALUES (1220, 19, 620, 564, 3, 0);
INSERT INTO Sets VALUES (1220, 1, 25, 8);
INSERT INTO Sets VALUES (1220, 2, 25, 14);
INSERT INTO Sets VALUES (1220, 3, 25, 11);
INSERT INTO Matches VALUES (1221, 19, 590, 601, 3, 1);
INSERT INTO Sets VALUES (1221, 1, 25, 8);
INSERT INTO Sets VALUES (1221, 2, 16, 25);
INSERT INTO Sets VALUES (1221, 3, 25, 2);
INSERT INTO Sets VALUES (1221, 4, 25, 1);
INSERT INTO Matches VALUES (1222, 19, 620, 564, 3, 0);
INSERT INTO Sets VALUES (1222, 1, 25, 14);
INSERT INTO Sets VALUES (1222, 2, 25, 11);
INSERT INTO Sets VALUES (1222, 3, 25, 14);
INSERT INTO Matches VALUES (1223, 19, 547, 549, 2, 3);
INSERT INTO Sets VALUES (1223, 1, 25, 1);
INSERT INTO Sets VALUES (1223, 2, 10, 25);
INSERT INTO Sets VALUES (1223, 3, 25, 16);
INSERT INTO Sets VALUES (1223, 4, 21, 25);
INSERT INTO Sets VALUES (1223, 5, 1, 15);
INSERT INTO Matches VALUES (1224, 19, 564, 547, 3, 2);
INSERT INTO Sets VALUES (1224, 1, 25, 11);
INSERT INTO Sets VALUES (1224, 2, 6, 25);
INSERT INTO Sets VALUES (1224, 3, 0, 25);
INSERT INTO Sets VALUES (1224, 4, 25, 6);
INSERT INTO Sets VALUES (1224, 5, 15, 5);
INSERT INTO Matches VALUES (1225, 19, 596, 620, 3, 0);
INSERT INTO Sets VALUES (1225, 1, 25, 7);
INSERT INTO Sets VALUES (1225, 2, 25, 16);
INSERT INTO Sets VALUES (1225, 3, 25, 20);
INSERT INTO Matches VALUES (1226, 19, 577, 563, 3, 2);
INSERT INTO Sets VALUES (1226, 1, 25, 13);
INSERT INTO Sets VALUES (1226, 2, 25, 8);
INSERT INTO Sets VALUES (1226, 3, 4, 25);
INSERT INTO Sets VALUES (1226, 4, 1, 25);
INSERT INTO Sets VALUES (1226, 5, 15, 6);
INSERT INTO Matches VALUES (1227, 19, 601, 549, 2, 3);
INSERT INTO Sets VALUES (1227, 1, 25, 0);
INSERT INTO Sets VALUES (1227, 2, 25, 17);
INSERT INTO Sets VALUES (1227, 3, 2, 25);
INSERT INTO Sets VALUES (1227, 4, 0, 25);
INSERT INTO Sets VALUES (1227, 5, 0, 15);
INSERT INTO Matches VALUES (1228, 19, 577, 590, 3, 2);
INSERT INTO Sets VALUES (1228, 1, 25, 9);
INSERT INTO Sets VALUES (1228, 2, 25, 17);
INSERT INTO Sets VALUES (1228, 3, 4, 25);
INSERT INTO Sets VALUES (1228, 4, 1, 25);
INSERT INTO Sets VALUES (1228, 5, 15, 9);
INSERT INTO Matches VALUES (1229, 19, 590, 620, 3, 0);
INSERT INTO Sets VALUES (1229, 1, 25, 12);
INSERT INTO Sets VALUES (1229, 2, 25, 19);
INSERT INTO Sets VALUES (1229, 3, 25, 13);
INSERT INTO Matches VALUES (1230, 19, 559, 612, 3, 1);
INSERT INTO Sets VALUES (1230, 1, 16, 25);
INSERT INTO Sets VALUES (1230, 2, 25, 3);
INSERT INTO Sets VALUES (1230, 3, 25, 6);
INSERT INTO Sets VALUES (1230, 4, 25, 12);
INSERT INTO Matches VALUES (1231, 19, 620, 540, 3, 1);
INSERT INTO Sets VALUES (1231, 1, 18, 25);
INSERT INTO Sets VALUES (1231, 2, 25, 1);
INSERT INTO Sets VALUES (1231, 3, 25, 2);
INSERT INTO Sets VALUES (1231, 4, 25, 16);
INSERT INTO Matches VALUES (1232, 19, 540, 596, 3, 1);
INSERT INTO Sets VALUES (1232, 1, 25, 5);
INSERT INTO Sets VALUES (1232, 2, 7, 25);
INSERT INTO Sets VALUES (1232, 3, 25, 21);
INSERT INTO Sets VALUES (1232, 4, 25, 18);
INSERT INTO Matches VALUES (1233, 19, 540, 563, 3, 1);
INSERT INTO Sets VALUES (1233, 1, 25, 11);
INSERT INTO Sets VALUES (1233, 2, 25, 7);
INSERT INTO Sets VALUES (1233, 3, 6, 25);
INSERT INTO Sets VALUES (1233, 4, 25, 15);
INSERT INTO Matches VALUES (1234, 19, 547, 590, 3, 1);
INSERT INTO Sets VALUES (1234, 1, 0, 25);
INSERT INTO Sets VALUES (1234, 2, 25, 12);
INSERT INTO Sets VALUES (1234, 3, 25, 20);
INSERT INTO Sets VALUES (1234, 4, 25, 3);
INSERT INTO Matches VALUES (1235, 19, 563, 601, 3, 1);
INSERT INTO Sets VALUES (1235, 1, 25, 8);
INSERT INTO Sets VALUES (1235, 2, 3, 25);
INSERT INTO Sets VALUES (1235, 3, 25, 9);
INSERT INTO Sets VALUES (1235, 4, 25, 11);
INSERT INTO Matches VALUES (1236, 19, 549, 612, 3, 0);
INSERT INTO Sets VALUES (1236, 1, 25, 0);
INSERT INTO Sets VALUES (1236, 2, 25, 13);
INSERT INTO Sets VALUES (1236, 3, 25, 22);
INSERT INTO Matches VALUES (1237, 19, 590, 606, 3, 1);
INSERT INTO Sets VALUES (1237, 1, 25, 8);
INSERT INTO Sets VALUES (1237, 2, 18, 25);
INSERT INTO Sets VALUES (1237, 3, 25, 21);
INSERT INTO Sets VALUES (1237, 4, 25, 14);
INSERT INTO Matches VALUES (1238, 19, 564, 606, 3, 0);
INSERT INTO Sets VALUES (1238, 1, 25, 15);
INSERT INTO Sets VALUES (1238, 2, 25, 22);
INSERT INTO Sets VALUES (1238, 3, 25, 2);
INSERT INTO Matches VALUES (1239, 19, 549, 612, 3, 0);
INSERT INTO Sets VALUES (1239, 1, 25, 4);
INSERT INTO Sets VALUES (1239, 2, 25, 7);
INSERT INTO Sets VALUES (1239, 3, 25, 13);
INSERT INTO Matches VALUES (1240, 19, 571, 540, 3, 0);
INSERT INTO Sets VALUES (1240, 1, 25, 8);
INSERT INTO Sets VALUES (1240, 2, 25, 3);
INSERT INTO Sets VALUES (1240, 3, 25, 18);
INSERT INTO Matches VALUES (1241, 19, 590, 577, 3, 0);
INSERT INTO Sets VALUES (1241, 1, 25, 6);
INSERT INTO Sets VALUES (1241, 2, 25, 15);
INSERT INTO Sets VALUES (1241, 3, 25, 3);
INSERT INTO Matches VALUES (1242, 19, 601, 540, 3, 2);
INSERT INTO Sets VALUES (1242, 1, 8, 25);
INSERT INTO Sets VALUES (1242, 2, 25, 13);
INSERT INTO Sets VALUES (1242, 3, 11, 25);
INSERT INTO Sets VALUES (1242, 4, 25, 22);
INSERT INTO Sets VALUES (1242, 5, 15, 9);
INSERT INTO Matches VALUES (1243, 19, 571, 563, 3, 0);
INSERT INTO Sets VALUES (1243, 1, 25, 2);
INSERT INTO Sets VALUES (1243, 2, 25, 20);
INSERT INTO Sets VALUES (1243, 3, 25, 21);
INSERT INTO Matches VALUES (1244, 19, 563, 571, 3, 0);
INSERT INTO Sets VALUES (1244, 1, 25, 5);
INSERT INTO Sets VALUES (1244, 2, 25, 9);
INSERT INTO Sets VALUES (1244, 3, 25, 16);
INSERT INTO Matches VALUES (1245, 19, 563, 559, 3, 2);
INSERT INTO Sets VALUES (1245, 1, 1, 25);
INSERT INTO Sets VALUES (1245, 2, 25, 2);
INSERT INTO Sets VALUES (1245, 3, 25, 12);
INSERT INTO Sets VALUES (1245, 4, 12, 25);
INSERT INTO Sets VALUES (1245, 5, 15, 2);
INSERT INTO Matches VALUES (1246, 19, 549, 620, 3, 0);
INSERT INTO Sets VALUES (1246, 1, 25, 22);
INSERT INTO Sets VALUES (1246, 2, 25, 16);
INSERT INTO Sets VALUES (1246, 3, 25, 1);
INSERT INTO Matches VALUES (1247, 19, 559, 564, 3, 2);
INSERT INTO Sets VALUES (1247, 1, 25, 7);
INSERT INTO Sets VALUES (1247, 2, 25, 14);
INSERT INTO Sets VALUES (1247, 3, 7, 25);
INSERT INTO Sets VALUES (1247, 4, 1, 25);
INSERT INTO Sets VALUES (1247, 5, 15, 12);
INSERT INTO Matches VALUES (1248, 19, 596, 564, 3, 1);
INSERT INTO Sets VALUES (1248, 1, 25, 16);
INSERT INTO Sets VALUES (1248, 2, 25, 5);
INSERT INTO Sets VALUES (1248, 3, 12, 25);
INSERT INTO Sets VALUES (1248, 4, 25, 14);
INSERT INTO Matches VALUES (1249, 19, 547, 601, 1, 3);
INSERT INTO Sets VALUES (1249, 1, 25, 21);
INSERT INTO Sets VALUES (1249, 2, 4, 25);
INSERT INTO Sets VALUES (1249, 3, 0, 25);
INSERT INTO Sets VALUES (1249, 4, -1, 25);
INSERT INTO Matches VALUES (1250, 19, 547, 612, 3, 2);
INSERT INTO Sets VALUES (1250, 1, 25, 22);
INSERT INTO Sets VALUES (1250, 2, 10, 25);
INSERT INTO Sets VALUES (1250, 3, 0, 25);
INSERT INTO Sets VALUES (1250, 4, 25, 9);
INSERT INTO Sets VALUES (1250, 5, 15, 11);
INSERT INTO Matches VALUES (1251, 19, 577, 590, NULL, NULL);
INSERT INTO Matches VALUES (1252, 19, 547, 612, 3, 0);
INSERT INTO Sets VALUES (1252, 1, 25, 5);
INSERT INTO Sets VALUES (1252, 2, 25, 8);
INSERT INTO Sets VALUES (1252, 3, 25, 2);
INSERT INTO Matches VALUES (1253, 19, 559, 596, 3, 2);
INSERT INTO Sets VALUES (1253, 1, 3, 25);
INSERT INTO Sets VALUES (1253, 2, 25, 16);
INSERT INTO Sets VALUES (1253, 3, 20, 25);
INSERT INTO Sets VALUES (1253, 4, 25, 13);
INSERT INTO Sets VALUES (1253, 5, 15, 0);
INSERT INTO Matches VALUES (1254, 19, 559, 577, 3, 0);
INSERT INTO Sets VALUES (1254, 1, 25, 22);
INSERT INTO Sets VALUES (1254, 2, 25, 20);
INSERT INTO Sets VALUES (1254, 3, 25, 4);
INSERT INTO Matches VALUES (1255, 19, 596, 547, 3, 0);
INSERT INTO Sets VALUES (1255, 1, 25, 2);
INSERT INTO Sets VALUES (1255, 2, 25, 3);
INSERT INTO Sets VALUES (1255, 3, 25, 18);
INSERT INTO Matches VALUES (1256, 19, 620, 571, 0, 3);
INSERT INTO Sets VALUES (1256, 1, 20, 25);
INSERT INTO Sets VALUES (1256, 2, 14, 25);
INSERT INTO Sets VALUES (1256, 3, 9, 25);
INSERT INTO Matches VALUES (1257, 19, 559, 564, 3, 0);
INSERT INTO Sets VALUES (1257, 1, 25, 12);
INSERT INTO Sets VALUES (1257, 2, 25, 22);
INSERT INTO Sets VALUES (1257, 3, 25, 8);
INSERT INTO Matches VALUES (1258, 19, 601, 596, 3, 1);
INSERT INTO Sets VALUES (1258, 1, 8, 25);
INSERT INTO Sets VALUES (1258, 2, 25, 21);
INSERT INTO Sets VALUES (1258, 3, 25, 0);
INSERT INTO Sets VALUES (1258, 4, 25, 22);
INSERT INTO Matches VALUES (1259, 19, 559, 606, 3, 1);
INSERT INTO Sets VALUES (1259, 1, 5, 25);
INSERT INTO Sets VALUES (1259, 2, 25, 15);
INSERT INTO Sets VALUES (1259, 3, 25, 0);
INSERT INTO Sets VALUES (1259, 4, 25, 7);
INSERT INTO Matches VALUES (1260, 19, 559, 564, 3, 0);
INSERT INTO Sets VALUES (1260, 1, 25, 14);
INSERT INTO Sets VALUES (1260, 2, 25, 1);
INSERT INTO Sets VALUES (1260, 3, 25, 8);
INSERT INTO Matches VALUES (1261, 19, 590, 549, 3, 1);
INSERT INTO Sets VALUES (1261, 1, 25, 7);
INSERT INTO Sets VALUES (1261, 2, 25, 12);
INSERT INTO Sets VALUES (1261, 3, 16, 25);
INSERT INTO Sets VALUES (1261, 4, 25, 11);
INSERT INTO Matches VALUES (1262, 19, 612, 596, 3, 1);
INSERT INTO Sets VALUES (1262, 1, 15, 25);
INSERT INTO Sets VALUES (1262, 2, 25, 1);
INSERT INTO Sets VALUES (1262, 3, 25, 7);
INSERT INTO Sets VALUES (1262, 4, 25, 17);
INSERT INTO Matches VALUES (1263, 19, 547, 571, NULL, NULL);
INSERT INTO Matches VALUES (1264, 19, 606, 601, 3, 0);
INSERT INTO Sets VALUES (1264, 1, 25, 19);
INSERT INTO Sets VALUES (1264, 2, 25, 18);
INSERT INTO Sets VALUES (1264, 3, 25, 11);
INSERT INTO Matches VALUES (1265, 19, 559, 549, 3, 0);
INSERT INTO Sets VALUES (1265, 1, 25, 15);
INSERT INTO Sets VALUES (1265, 2, 25, 7);
INSERT INTO Sets VALUES (1265, 3, 25, 17);
INSERT INTO Matches VALUES (1266, 19, 559, 563, NULL, NULL);
INSERT INTO Matches VALUES (1267, 19, 571, 577, 3, 0);
INSERT INTO Sets VALUES (1267, 1, 25, 21);
INSERT INTO Sets VALUES (1267, 2, 25, 0);
INSERT INTO Sets VALUES (1267, 3, 25, 4);
INSERT INTO Matches VALUES (1268, 19, 564, 547, 2, 3);
INSERT INTO Sets VALUES (1268, 1, 25, 19);
INSERT INTO Sets VALUES (1268, 2, 25, 3);
INSERT INTO Sets VALUES (1268, 3, 10, 25);
INSERT INTO Sets VALUES (1268, 4, 0, 25);
INSERT INTO Sets VALUES (1268, 5, 0, 15);
INSERT INTO Matches VALUES (1269, 19, 571, 547, 1, 3);
INSERT INTO Sets VALUES (1269, 1, 25, 7);
INSERT INTO Sets VALUES (1269, 2, 14, 25);
INSERT INTO Sets VALUES (1269, 3, 7, 25);
INSERT INTO Sets VALUES (1269, 4, 1, 25);
INSERT INTO Matches VALUES (1270, 19, 559, 540, NULL, NULL);
INSERT INTO Matches VALUES (1271, 19, 549, 606, 3, 1);
INSERT INTO Sets VALUES (1271, 1, 0, 25);
INSERT INTO Sets VALUES (1271, 2, 25, 16);
INSERT INTO Sets VALUES (1271, 3, 25, 17);
INSERT INTO Sets VALUES (1271, 4, 25, 0);
INSERT INTO Matches VALUES (1272, 19, 563, 601, 3, 0);
INSERT INTO Sets VALUES (1272, 1, 25, 11);
INSERT INTO Sets VALUES (1272, 2, 25, 22);
INSERT INTO Sets VALUES (1272, 3, 25, 17);
INSERT INTO Matches VALUES (1273, 19, 620, 577, 3, 2);
INSERT INTO Sets VALUES (1273, 1, 21, 25);
INSERT INTO Sets VALUES (1273, 2, 25, 3);
INSERT INTO Sets VALUES (1273, 3, 21, 25);
INSERT INTO Sets VALUES (1273, 4, 25, 18);
INSERT INTO Sets VALUES (1273, 5, 15, 9);
INSERT INTO Matches VALUES (1274, 19, 563, 564, 3, 0);
INSERT INTO Sets VALUES (1274, 1, 25, 9);
INSERT INTO Sets VALUES (1274, 2, 25, 20);
INSERT INTO Sets VALUES (1274, 3, 25, 19);
INSERT INTO Matches VALUES (1275, 19, 606, 563, NULL, NULL);
INSERT INTO Matches VALUES (1276, 19, 563, 547, 3, 2);
INSERT INTO Sets VALUES (1276, 1, 25, 21);
INSERT INTO Sets VALUES (1276, 2, 12, 25);
INSERT INTO Sets VALUES (1276, 3, 25, 22);
INSERT INTO Sets VALUES (1276, 4, 9, 25);
INSERT INTO Sets VALUES (1276, 5, 15, 12);
INSERT INTO Matches VALUES (1277, 19, 590, 620, 3, 0);
INSERT INTO Sets VALUES (1277, 1, 25, 19);
INSERT INTO Sets VALUES (1277, 2, 25, 14);
INSERT INTO Sets VALUES (1277, 3, 25, 2);
INSERT INTO Matches VALUES (1278, 19, 571, 564, 3, 1);
INSERT INTO Sets VALUES (1278, 1, 8, 25);
INSERT INTO Sets VALUES (1278, 2, 25, 17);
INSERT INTO Sets VALUES (1278, 3, 25, 22);
INSERT INTO Sets VALUES (1278, 4, 25, 22);
INSERT INTO Matches VALUES (1279, 19, 547, 612, 3, 1);
INSERT INTO Sets VALUES (1279, 1, 1, 25);
INSERT INTO Sets VALUES (1279, 2, 25, 0);
INSERT INTO Sets VALUES (1279, 3, 25, 15);
INSERT INTO Sets VALUES (1279, 4, 25, 11);
INSERT INTO Matches VALUES (1280, 19, 571, 563, 3, 1);
INSERT INTO Sets VALUES (1280, 1, 22, 25);
INSERT INTO Sets VALUES (1280, 2, 25, 20);
INSERT INTO Sets VALUES (1280, 3, 25, 4);
INSERT INTO Sets VALUES (1280, 4, 25, 0);
INSERT INTO Matches VALUES (1281, 19, 559, 571, 3, 0);
INSERT INTO Sets VALUES (1281, 1, 25, 8);
INSERT INTO Sets VALUES (1281, 2, 25, 18);
INSERT INTO Sets VALUES (1281, 3, 25, 12);
INSERT INTO Matches VALUES (1282, 19, 606, 564, 2, 3);
INSERT INTO Sets VALUES (1282, 1, 25, 8);
INSERT INTO Sets VALUES (1282, 2, 25, 18);
INSERT INTO Sets VALUES (1282, 3, 10, 25);
INSERT INTO Sets VALUES (1282, 4, 2, 25);
INSERT INTO Sets VALUES (1282, 5, 0, 15);
INSERT INTO Matches VALUES (1283, 19, 559, 606, 3, 1);
INSERT INTO Sets VALUES (1283, 1, 0, 25);
INSERT INTO Sets VALUES (1283, 2, 25, 22);
INSERT INTO Sets VALUES (1283, 3, 25, 0);
INSERT INTO Sets VALUES (1283, 4, 25, 10);
INSERT INTO Matches VALUES (1284, 19, 540, 559, 3, 0);
INSERT INTO Sets VALUES (1284, 1, 25, 22);
INSERT INTO Sets VALUES (1284, 2, 25, 20);
INSERT INTO Sets VALUES (1284, 3, 25, 22);
INSERT INTO Matches VALUES (1285, 19, 596, 571, 3, 2);
INSERT INTO Sets VALUES (1285, 1, 4, 25);
INSERT INTO Sets VALUES (1285, 2, 0, 25);
INSERT INTO Sets VALUES (1285, 3, 25, 14);
INSERT INTO Sets VALUES (1285, 4, 25, 18);
INSERT INTO Sets VALUES (1285, 5, 15, 7);
INSERT INTO Matches VALUES (1286, 19, 559, 577, 3, 0);
INSERT INTO Sets VALUES (1286, 1, 25, 13);
INSERT INTO Sets VALUES (1286, 2, 25, 16);
INSERT INTO Sets VALUES (1286, 3, 25, 2);
INSERT INTO Matches VALUES (1287, 19, 571, 563, 2, 3);
INSERT INTO Sets VALUES (1287, 1, 25, 12);
INSERT INTO Sets VALUES (1287, 2, 10, 25);
INSERT INTO Sets VALUES (1287, 3, 25, 8);
INSERT INTO Sets VALUES (1287, 4, 1, 25);
INSERT INTO Sets VALUES (1287, 5, 0, 15);
INSERT INTO Matches VALUES (1288, 19, 606, 596, 3, 0);
INSERT INTO Sets VALUES (1288, 1, 25, 7);
INSERT INTO Sets VALUES (1288, 2, 25, 16);
INSERT INTO Sets VALUES (1288, 3, 25, 16);
INSERT INTO Matches VALUES (1289, 19, 540, 549, 3, 2);
INSERT INTO Sets VALUES (1289, 1, 9, 25);
INSERT INTO Sets VALUES (1289, 2, 25, 20);
INSERT INTO Sets VALUES (1289, 3, 22, 25);
INSERT INTO Sets VALUES (1289, 4, 25, 2);
INSERT INTO Sets VALUES (1289, 5, 15, 8);
INSERT INTO Matches VALUES (1290, 19, 577, 620, 3, 1);
INSERT INTO Sets VALUES (1290, 1, 25, 2);
INSERT INTO Sets VALUES (1290, 2, 25, 20);
INSERT INTO Sets VALUES (1290, 3, 4, 25);
INSERT INTO Sets VALUES (1290, 4, 25, 14);
INSERT INTO Matches VALUES (1291, 19, 571, 601, 3, 1);
INSERT INTO Sets VALUES (1291, 1, 25, 3);
INSERT INTO Sets VALUES (1291, 2, 25, 13);
INSERT INTO Sets VALUES (1291, 3, 13, 25);
INSERT INTO Sets VALUES (1291, 4, 25, 3);
INSERT INTO Matches VALUES (1292, 19, 571, 590, 3, 1);
INSERT INTO Sets VALUES (1292, 1, 25, 4);
INSERT INTO Sets VALUES (1292, 2, 25, 22);
INSERT INTO Sets VALUES (1292, 3, 5, 25);
INSERT INTO Sets VALUES (1292, 4, 25, 14);
INSERT INTO Matches VALUES (1293, 19, 559, 564, NULL, NULL);
INSERT INTO Matches VALUES (1294, 19, 606, 547, 3, 0);
INSERT INTO Sets VALUES (1294, 1, 25, 14);
INSERT INTO Sets VALUES (1294, 2, 25, 12);
INSERT INTO Sets VALUES (1294, 3, 25, 3);
INSERT INTO Matches VALUES (1295, 19, 577, 612, 3, 2);
INSERT INTO Sets VALUES (1295, 1, 25, 17);
INSERT INTO Sets VALUES (1295, 2, 8, 25);
INSERT INTO Sets VALUES (1295, 3, 3, 25);
INSERT INTO Sets VALUES (1295, 4, 25, 18);
INSERT INTO Sets VALUES (1295, 5, 15, 11);
INSERT INTO Matches VALUES (1296, 19, 540, 571, 2, 3);
INSERT INTO Sets VALUES (1296, 1, 25, 1);
INSERT INTO Sets VALUES (1296, 2, 7, 25);
INSERT INTO Sets VALUES (1296, 3, 25, 2);
INSERT INTO Sets VALUES (1296, 4, 3, 25);
INSERT INTO Sets VALUES (1296, 5, 0, 15);
INSERT INTO Matches VALUES (1297, 19, 549, 540, 1, 3);
INSERT INTO Sets VALUES (1297, 1, 25, 9);
INSERT INTO Sets VALUES (1297, 2, 13, 25);
INSERT INTO Sets VALUES (1297, 3, 1, 25);
INSERT INTO Sets VALUES (1297, 4, 0, 25);
INSERT INTO Matches VALUES (1298, 19, 590, 547, 3, 1);
INSERT INTO Sets VALUES (1298, 1, 25, 15);
INSERT INTO Sets VALUES (1298, 2, 25, 20);
INSERT INTO Sets VALUES (1298, 3, 22, 25);
INSERT INTO Sets VALUES (1298, 4, 25, 4);
INSERT INTO Matches VALUES (1299, 19, 577, 606, 3, 2);
INSERT INTO Sets VALUES (1299, 1, 18, 25);
INSERT INTO Sets VALUES (1299, 2, 2, 25);
INSERT INTO Sets VALUES (1299, 3, 25, 8);
INSERT INTO Sets VALUES (1299, 4, 25, 0);
INSERT INTO Sets VALUES (1299, 5, 15, 10);
INSERT INTO Matches VALUES (1300, 19, 547, 601, 3, 0);
INSERT INTO Sets VALUES (1300, 1, 25, 17);
INSERT INTO Sets VALUES (1300, 2, 25, 7);
INSERT INTO Sets VALUES (1300, 3, 25, 16);
INSERT INTO Matches VALUES (1301, 19, 590, 606, 3, 0);
INSERT INTO Sets VALUES (1301, 1, 25, 2);
INSERT INTO Sets VALUES (1301, 2, 25, 13);
INSERT INTO Sets VALUES (1301, 3, 25, 18);
INSERT INTO Matches VALUES (1302, 19, 564, 571, NULL, NULL);
INSERT INTO Matches VALUES (1303, 19, 540, 590, 2, 3);
INSERT INTO Sets VALUES (1303, 1, 25, 2);
INSERT INTO Sets VALUES (1303, 2, 10, 25);
INSERT INTO Sets VALUES (1303, 3, 25, 20);
INSERT INTO Sets VALUES (1303, 4, 14, 25);
INSERT INTO Sets VALUES (1303, 5, 7, 15);
INSERT INTO Matches VALUES (1304, 19, 612, 577, 3, 1);
INSERT INTO Sets VALUES (1304, 1, 25, 15);
INSERT INTO Sets VALUES (1304, 2, 25, 19);
INSERT INTO Sets VALUES (1304, 3, 9, 25);
INSERT INTO Sets VALUES (1304, 4, 25, 13);
INSERT INTO Matches VALUES (1305, 19, 571, 547, 3, 1);
INSERT INTO Sets VALUES (1305, 1, 25, 13);
INSERT INTO Sets VALUES (1305, 2, 25, 20);
INSERT INTO Sets VALUES (1305, 3, 2, 25);
INSERT INTO Sets VALUES (1305, 4, 25, 14);
INSERT INTO Matches VALUES (1306, 19, 540, 620, 3, 0);
INSERT INTO Sets VALUES (1306, 1, 25, 8);
INSERT INTO Sets VALUES (1306, 2, 25, 18);
INSERT INTO Sets VALUES (1306, 3, 25, 5);
INSERT INTO Matches VALUES (1307, 19, 606, 549, 3, 0);
INSERT INTO Sets VALUES (1307, 1, 25, 19);
INSERT INTO Sets VALUES (1307, 2, 25, 2);
INSERT INTO Sets VALUES (1307, 3, 25, 19);
INSERT INTO Matches VALUES (1308, 19, 620, 571, NULL, NULL);
INSERT INTO Matches VALUES (1309, 19, 577, 601, 3, 0);
INSERT INTO Sets VALUES (1309, 1, 25, 22);
INSERT INTO Sets VALUES (1309, 2, 25, 9);
INSERT INTO Sets VALUES (1309, 3, 25, 2);
INSERT INTO Matches VALUES (1310, 19, 571, 596, 3, 0);
INSERT INTO Sets VALUES (1310, 1, 25, 5);
INSERT INTO Sets VALUES (1310, 2, 25, 16);
INSERT INTO Sets VALUES (1310, 3, 25, 17);
INSERT INTO Matches VALUES (1311, 19, 540, 564, NULL, NULL);
INSERT INTO Matches VALUES (1312, 20, 573, 615, 2, 3);
INSERT INTO Sets VALUES (1312, 1, 9, 25);
INSERT INTO Sets VALUES (1312, 2, 25, 10);
INSERT INTO Sets VALUES (1312, 3, 25, 0);
INSERT INTO Sets VALUES (1312, 4, 19, 25);
INSERT INTO Sets VALUES (1312, 5, 9, 15);
INSERT INTO Matches VALUES (1313, 20, 616, 613, 3, 0);
INSERT INTO Sets VALUES (1313, 1, 25, 4);
INSERT INTO Sets VALUES (1313, 2, 25, 19);
INSERT INTO Sets VALUES (1313, 3, 25, 16);
INSERT INTO Matches VALUES (1314, 20, 567, 579, 3, 0);
INSERT INTO Sets VALUES (1314, 1, 25, 19);
INSERT INTO Sets VALUES (1314, 2, 25, 12);
INSERT INTO Sets VALUES (1314, 3, 25, 18);
INSERT INTO Matches VALUES (1315, 20, 574, 615, 3, 2);
INSERT INTO Sets VALUES (1315, 1, 7, 25);
INSERT INTO Sets VALUES (1315, 2, 25, 14);
INSERT INTO Sets VALUES (1315, 3, 3, 25);
INSERT INTO Sets VALUES (1315, 4, 25, 22);
INSERT INTO Sets VALUES (1315, 5, 15, 6);
INSERT INTO Matches VALUES (1316, 20, 585, 604, 3, 2);
INSERT INTO Sets VALUES (1316, 1, 12, 25);
INSERT INTO Sets VALUES (1316, 2, 25, 3);
INSERT INTO Sets VALUES (1316, 3, 10, 25);
INSERT INTO Sets VALUES (1316, 4, 25, 10);
INSERT INTO Sets VALUES (1316, 5, 15, 0);
INSERT INTO Matches VALUES (1317, 20, 604, 622, 3, 1);
INSERT INTO Sets VALUES (1317, 1, 25, 12);
INSERT INTO Sets VALUES (1317, 2, 6, 25);
INSERT INTO Sets VALUES (1317, 3, 25, 20);
INSERT INTO Sets VALUES (1317, 4, 25, 21);
INSERT INTO Matches VALUES (1318, 20, 600, 573, 3, 0);
INSERT INTO Sets VALUES (1318, 1, 25, 11);
INSERT INTO Sets VALUES (1318, 2, 25, 13);
INSERT INTO Sets VALUES (1318, 3, 25, 11);
INSERT INTO Matches VALUES (1319, 20, 573, 604, 3, 1);
INSERT INTO Sets VALUES (1319, 1, 25, 11);
INSERT INTO Sets VALUES (1319, 2, 25, 13);
INSERT INTO Sets VALUES (1319, 3, 22, 25);
INSERT INTO Sets VALUES (1319, 4, 25, 10);
INSERT INTO Matches VALUES (1320, 20, 609, 599, 3, 2);
INSERT INTO Sets VALUES (1320, 1, 6, 25);
INSERT INTO Sets VALUES (1320, 2, 3, 25);
INSERT INTO Sets VALUES (1320, 3, 25, 22);
INSERT INTO Sets VALUES (1320, 4, 25, 17);
INSERT INTO Sets VALUES (1320, 5, 15, 6);
INSERT INTO Matches VALUES (1321, 20, 593, 579, 3, 2);
INSERT INTO Sets VALUES (1321, 1, 10, 25);
INSERT INTO Sets VALUES (1321, 2, 25, 5);
INSERT INTO Sets VALUES (1321, 3, 25, 9);
INSERT INTO Sets VALUES (1321, 4, 18, 25);
INSERT INTO Sets VALUES (1321, 5, 15, 11);
INSERT INTO Matches VALUES (1322, 20, 579, 613, 3, 0);
INSERT INTO Sets VALUES (1322, 1, 25, 5);
INSERT INTO Sets VALUES (1322, 2, 25, 5);
INSERT INTO Sets VALUES (1322, 3, 25, 10);
INSERT INTO Matches VALUES (1323, 20, 579, 551, 3, 0);
INSERT INTO Sets VALUES (1323, 1, 25, 1);
INSERT INTO Sets VALUES (1323, 2, 25, 12);
INSERT INTO Sets VALUES (1323, 3, 25, 14);
INSERT INTO Matches VALUES (1324, 20, 585, 622, 3, 2);
INSERT INTO Sets VALUES (1324, 1, 17, 25);
INSERT INTO Sets VALUES (1324, 2, 25, 4);
INSERT INTO Sets VALUES (1324, 3, 13, 25);
INSERT INTO Sets VALUES (1324, 4, 25, 20);
INSERT INTO Sets VALUES (1324, 5, 15, 10);
INSERT INTO Matches VALUES (1325, 20, 579, 622, 3, 2);
INSERT INTO Sets VALUES (1325, 1, 25, 22);
INSERT INTO Sets VALUES (1325, 2, 6, 25);
INSERT INTO Sets VALUES (1325, 3, 25, 1);
INSERT INTO Sets VALUES (1325, 4, 18, 25);
INSERT INTO Sets VALUES (1325, 5, 15, 8);
INSERT INTO Matches VALUES (1326, 20, 573, 600, 3, 0);
INSERT INTO Sets VALUES (1326, 1, 25, 16);
INSERT INTO Sets VALUES (1326, 2, 25, 21);
INSERT INTO Sets VALUES (1326, 3, 25, 8);
INSERT INTO Matches VALUES (1327, 20, 616, 600, 3, 2);
INSERT INTO Sets VALUES (1327, 1, 22, 25);
INSERT INTO Sets VALUES (1327, 2, 25, 0);
INSERT INTO Sets VALUES (1327, 3, 25, 10);
INSERT INTO Sets VALUES (1327, 4, 12, 25);
INSERT INTO Sets VALUES (1327, 5, 15, 0);
INSERT INTO Matches VALUES (1328, 20, 604, 609, 3, 1);
INSERT INTO Sets VALUES (1328, 1, 10, 25);
INSERT INTO Sets VALUES (1328, 2, 25, 22);
INSERT INTO Sets VALUES (1328, 3, 25, 3);
INSERT INTO Sets VALUES (1328, 4, 25, 17);
INSERT INTO Matches VALUES (1329, 20, 567, 551, 3, 1);
INSERT INTO Sets VALUES (1329, 1, 13, 25);
INSERT INTO Sets VALUES (1329, 2, 25, 22);
INSERT INTO Sets VALUES (1329, 3, 25, 22);
INSERT INTO Sets VALUES (1329, 4, 25, 8);
INSERT INTO Matches VALUES (1330, 20, 574, 622, 3, 2);
INSERT INTO Sets VALUES (1330, 1, 25, 7);
INSERT INTO Sets VALUES (1330, 2, 25, 8);
INSERT INTO Sets VALUES (1330, 3, 22, 25);
INSERT INTO Sets VALUES (1330, 4, 7, 25);
INSERT INTO Sets VALUES (1330, 5, 15, 10);
INSERT INTO Matches VALUES (1331, 20, 622, 609, 2, 3);
INSERT INTO Sets VALUES (1331, 1, 0, 25);
INSERT INTO Sets VALUES (1331, 2, 25, 3);
INSERT INTO Sets VALUES (1331, 3, 17, 25);
INSERT INTO Sets VALUES (1331, 4, 25, 21);
INSERT INTO Sets VALUES (1331, 5, 10, 15);
INSERT INTO Matches VALUES (1332, 20, 551, 609, NULL, NULL);
INSERT INTO Matches VALUES (1333, 20, 604, 573, NULL, NULL);
INSERT INTO Matches VALUES (1334, 20, 574, 616, 3, 0);
INSERT INTO Sets VALUES (1334, 1, 25, 16);
INSERT INTO Sets VALUES (1334, 2, 25, 17);
INSERT INTO Sets VALUES (1334, 3, 25, 16);
INSERT INTO Matches VALUES (1335, 20, 609, 573, 3, 1);
INSERT INTO Sets VALUES (1335, 1, 25, 0);
INSERT INTO Sets VALUES (1335, 2, 25, 19);
INSERT INTO Sets VALUES (1335, 3, 22, 25);
INSERT INTO Sets VALUES (1335, 4, 25, 12);
INSERT INTO Matches VALUES (1336, 20, 615, 604, 3, 0);
INSERT INTO Sets VALUES (1336, 1, 25, 6);
INSERT INTO Sets VALUES (1336, 2, 25, 22);
INSERT INTO Sets VALUES (1336, 3, 25, 1);
INSERT INTO Matches VALUES (1337, 20, 615, 616, 3, 2);
INSERT INTO Sets VALUES (1337, 1, 13, 25);
INSERT INTO Sets VALUES (1337, 2, 25, 7);
INSERT INTO Sets VALUES (1337, 3, 13, 25);
INSERT INTO Sets VALUES (1337, 4, 25, 21);
INSERT INTO Sets VALUES (1337, 5, 15, 4);
INSERT INTO Matches VALUES (1338, 20, 541, 604, 3, 0);
INSERT INTO Sets VALUES (1338, 1, 25, 6);
INSERT INTO Sets VALUES (1338, 2, 25, 20);
INSERT INTO Sets VALUES (1338, 3, 25, 16);
INSERT INTO Matches VALUES (1339, 20, 613, 593, 3, 0);
INSERT INTO Sets VALUES (1339, 1, 25, 11);
INSERT INTO Sets VALUES (1339, 2, 25, 14);
INSERT INTO Sets VALUES (1339, 3, 25, 3);
INSERT INTO Matches VALUES (1340, 20, 541, 573, 3, 0);
INSERT INTO Sets VALUES (1340, 1, 25, 7);
INSERT INTO Sets VALUES (1340, 2, 25, 2);
INSERT INTO Sets VALUES (1340, 3, 25, 19);
INSERT INTO Matches VALUES (1341, 20, 599, 593, 3, 2);
INSERT INTO Sets VALUES (1341, 1, 25, 20);
INSERT INTO Sets VALUES (1341, 2, 15, 25);
INSERT INTO Sets VALUES (1341, 3, 25, 12);
INSERT INTO Sets VALUES (1341, 4, 18, 25);
INSERT INTO Sets VALUES (1341, 5, 15, 2);
INSERT INTO Matches VALUES (1342, 20, 613, 600, NULL, NULL);
INSERT INTO Matches VALUES (1343, 20, 615, 604, 3, 0);
INSERT INTO Sets VALUES (1343, 1, 25, 6);
INSERT INTO Sets VALUES (1343, 2, 25, 5);
INSERT INTO Sets VALUES (1343, 3, 25, 7);
INSERT INTO Matches VALUES (1344, 20, 599, 567, 3, 0);
INSERT INTO Sets VALUES (1344, 1, 25, 15);
INSERT INTO Sets VALUES (1344, 2, 25, 1);
INSERT INTO Sets VALUES (1344, 3, 25, 15);
INSERT INTO Matches VALUES (1345, 20, 573, 567, 3, 0);
INSERT INTO Sets VALUES (1345, 1, 25, 0);
INSERT INTO Sets VALUES (1345, 2, 25, 1);
INSERT INTO Sets VALUES (1345, 3, 25, 11);
INSERT INTO Matches VALUES (1346, 20, 579, 574, 3, 0);
INSERT INTO Sets VALUES (1346, 1, 25, 11);
INSERT INTO Sets VALUES (1346, 2, 25, 1);
INSERT INTO Sets VALUES (1346, 3, 25, 2);
INSERT INTO Matches VALUES (1347, 20, 541, 551, 0, 3);
INSERT INTO Sets VALUES (1347, 1, 18, 25);
INSERT INTO Sets VALUES (1347, 2, 11, 25);
INSERT INTO Sets VALUES (1347, 3, 6, 25);
INSERT INTO Matches VALUES (1348, 20, 574, 551, NULL, NULL);
INSERT INTO Matches VALUES (1349, 20, 551, 567, NULL, NULL);
INSERT INTO Matches VALUES (1350, 20, 541, 585, 3, 0);
INSERT INTO Sets VALUES (1350, 1, 25, 3);
INSERT INTO Sets VALUES (1350, 2, 25, 18);
INSERT INTO Sets VALUES (1350, 3, 25, 11);
INSERT INTO Matches VALUES (1351, 20, 622, 541, 3, 1);
INSERT INTO Sets VALUES (1351, 1, 8, 25);
INSERT INTO Sets VALUES (1351, 2, 25, 21);
INSERT INTO Sets VALUES (1351, 3, 25, 2);
INSERT INTO Sets VALUES (1351, 4, 25, 12);
INSERT INTO Matches VALUES (1352, 20, 613, 622, 3, 2);
INSERT INTO Sets VALUES (1352, 1, 2, 25);
INSERT INTO Sets VALUES (1352, 2, 25, 5);
INSERT INTO Sets VALUES (1352, 3, 18, 25);
INSERT INTO Sets VALUES (1352, 4, 25, 2);
INSERT INTO Sets VALUES (1352, 5, 15, 8);
INSERT INTO Matches VALUES (1353, 20, 599, 622, 3, 0);
INSERT INTO Sets VALUES (1353, 1, 25, 10);
INSERT INTO Sets VALUES (1353, 2, 25, 12);
INSERT INTO Sets VALUES (1353, 3, 25, 22);
INSERT INTO Matches VALUES (1354, 20, 551, 574, 3, 0);
INSERT INTO Sets VALUES (1354, 1, 25, 10);
INSERT INTO Sets VALUES (1354, 2, 25, 19);
INSERT INTO Sets VALUES (1354, 3, 25, 12);
INSERT INTO Matches VALUES (1355, 20, 615, 574, 3, 0);
INSERT INTO Sets VALUES (1355, 1, 25, 16);
INSERT INTO Sets VALUES (1355, 2, 25, 9);
INSERT INTO Sets VALUES (1355, 3, 25, 18);
INSERT INTO Matches VALUES (1356, 20, 574, 622, 3, 2);
INSERT INTO Sets VALUES (1356, 1, 25, 10);
INSERT INTO Sets VALUES (1356, 2, 3, 25);
INSERT INTO Sets VALUES (1356, 3, 0, 25);
INSERT INTO Sets VALUES (1356, 4, 25, 1);
INSERT INTO Sets VALUES (1356, 5, 15, 6);
INSERT INTO Matches VALUES (1357, 20, 599, 585, 1, 3);
INSERT INTO Sets VALUES (1357, 1, 9, 25);
INSERT INTO Sets VALUES (1357, 2, 25, 6);
INSERT INTO Sets VALUES (1357, 3, 15, 25);
INSERT INTO Sets VALUES (1357, 4, 2, 25);
INSERT INTO Matches VALUES (1358, 20, 604, 541, 3, 2);
INSERT INTO Sets VALUES (1358, 1, 0, 25);
INSERT INTO Sets VALUES (1358, 2, 25, 18);
INSERT INTO Sets VALUES (1358, 3, 6, 25);
INSERT INTO Sets VALUES (1358, 4, 25, 7);
INSERT INTO Sets VALUES (1358, 5, 15, 3);
INSERT INTO Matches VALUES (1359, 20, 593, 551, 0, 3);
INSERT INTO Sets VALUES (1359, 1, 4, 25);
INSERT INTO Sets VALUES (1359, 2, 0, 25);
INSERT INTO Sets VALUES (1359, 3, -1, 25);
INSERT INTO Matches VALUES (1360, 20, 551, 604, 3, 0);
INSERT INTO Sets VALUES (1360, 1, 25, 22);
INSERT INTO Sets VALUES (1360, 2, 25, 16);
INSERT INTO Sets VALUES (1360, 3, 25, 8);
INSERT INTO Matches VALUES (1361, 20, 541, 599, 3, 1);
INSERT INTO Sets VALUES (1361, 1, 25, 6);
INSERT INTO Sets VALUES (1361, 2, 25, 11);
INSERT INTO Sets VALUES (1361, 3, 17, 25);
INSERT INTO Sets VALUES (1361, 4, 25, 22);
INSERT INTO Matches VALUES (1362, 20, 613, 574, 3, 1);
INSERT INTO Sets VALUES (1362, 1, 25, 14);
INSERT INTO Sets VALUES (1362, 2, 25, 7);
INSERT INTO Sets VALUES (1362, 3, 3, 25);
INSERT INTO Sets VALUES (1362, 4, 25, 17);
INSERT INTO Matches VALUES (1363, 20, 609, 573, 0, 3);
INSERT INTO Sets VALUES (1363, 1, 18, 25);
INSERT INTO Sets VALUES (1363, 2, 8, 25);
INSERT INTO Sets VALUES (1363, 3, 5, 25);
INSERT INTO Matches VALUES (1364, 20, 600, 615, 3, 0);
INSERT INTO Sets VALUES (1364, 1, 25, 9);
INSERT INTO Sets VALUES (1364, 2, 25, 6);
INSERT INTO Sets VALUES (1364, 3, 25, 8);
INSERT INTO Matches VALUES (1365, 20, 551, 573, 2, 3);
INSERT INTO Sets VALUES (1365, 1, 22, 25);
INSERT INTO Sets VALUES (1365, 2, 10, 25);
INSERT INTO Sets VALUES (1365, 3, 25, 19);
INSERT INTO Sets VALUES (1365, 4, 25, 4);
INSERT INTO Sets VALUES (1365, 5, 20, 15);
INSERT INTO Matches VALUES (1366, 20, 599, 604, 3, 2);
INSERT INTO Sets VALUES (1366, 1, 5, 25);
INSERT INTO Sets VALUES (1366, 2, 25, 9);
INSERT INTO Sets VALUES (1366, 3, 0, 25);
INSERT INTO Sets VALUES (1366, 4, 25, 15);
INSERT INTO Sets VALUES (1366, 5, 15, 3);
INSERT INTO Matches VALUES (1367, 20, 579, 567, 3, 1);
INSERT INTO Sets VALUES (1367, 1, 11, 25);
INSERT INTO Sets VALUES (1367, 2, 25, 1);
INSERT INTO Sets VALUES (1367, 3, 25, 21);
INSERT INTO Sets VALUES (1367, 4, 25, 11);
INSERT INTO Matches VALUES (1368, 20, 599, 541, 0, 3);
INSERT INTO Sets VALUES (1368, 1, 10, 25);
INSERT INTO Sets VALUES (1368, 2, 7, 25);
INSERT INTO Sets VALUES (1368, 3, 3, 25);
INSERT INTO Matches VALUES (1369, 20, 551, 613, 1, 3);
INSERT INTO Sets VALUES (1369, 1, 0, 25);
INSERT INTO Sets VALUES (1369, 2, 25, 11);
INSERT INTO Sets VALUES (1369, 3, 16, 25);
INSERT INTO Sets VALUES (1369, 4, 11, 25);
INSERT INTO Matches VALUES (1370, 20, 573, 593, 3, 1);
INSERT INTO Sets VALUES (1370, 1, 25, 16);
INSERT INTO Sets VALUES (1370, 2, 5, 25);
INSERT INTO Sets VALUES (1370, 3, 25, 5);
INSERT INTO Sets VALUES (1370, 4, 25, 1);
INSERT INTO Matches VALUES (1371, 20, 613, 600, NULL, NULL);
INSERT INTO Matches VALUES (1372, 20, 551, 541, 3, 1);
INSERT INTO Sets VALUES (1372, 1, 25, 10);
INSERT INTO Sets VALUES (1372, 2, 25, 5);
INSERT INTO Sets VALUES (1372, 3, 15, 25);
INSERT INTO Sets VALUES (1372, 4, 25, 20);
INSERT INTO Matches VALUES (1373, 20, 600, 541, 3, 2);
INSERT INTO Sets VALUES (1373, 1, 25, 4);
INSERT INTO Sets VALUES (1373, 2, 20, 25);
INSERT INTO Sets VALUES (1373, 3, 12, 25);
INSERT INTO Sets VALUES (1373, 4, 25, 11);
INSERT INTO Sets VALUES (1373, 5, 15, 7);
INSERT INTO Matches VALUES (1374, 20, 622, 609, 3, 0);
INSERT INTO Sets VALUES (1374, 1, 25, 7);
INSERT INTO Sets VALUES (1374, 2, 25, 1);
INSERT INTO Sets VALUES (1374, 3, 25, 5);
INSERT INTO Matches VALUES (1375, 20, 599, 593, 1, 3);
INSERT INTO Sets VALUES (1375, 1, 25, 2);
INSERT INTO Sets VALUES (1375, 2, 16, 25);
INSERT INTO Sets VALUES (1375, 3, 13, 25);
INSERT INTO Sets VALUES (1375, 4, 2, 25);
INSERT INTO Matches VALUES (1376, 20, 585, 613, 2, 3);
INSERT INTO Sets VALUES (1376, 1, 0, 25);
INSERT INTO Sets VALUES (1376, 2, 25, 20);
INSERT INTO Sets VALUES (1376, 3, 25, 4);
INSERT INTO Sets VALUES (1376, 4, 12, 25);
INSERT INTO Sets VALUES (1376, 5, 1, 15);
INSERT INTO Matches VALUES (1377, 20, 574, 573, 3, 2);
INSERT INTO Sets VALUES (1377, 1, 0, 25);
INSERT INTO Sets VALUES (1377, 2, 25, 6);
INSERT INTO Sets VALUES (1377, 3, 25, 20);
INSERT INTO Sets VALUES (1377, 4, 3, 25);
INSERT INTO Sets VALUES (1377, 5, 15, 8);
INSERT INTO Matches VALUES (1378, 20, 593, 599, 3, 1);
INSERT INTO Sets VALUES (1378, 1, 25, 5);
INSERT INTO Sets VALUES (1378, 2, 25, 14);
INSERT INTO Sets VALUES (1378, 3, 10, 25);
INSERT INTO Sets VALUES (1378, 4, 25, 21);
INSERT INTO Matches VALUES (1379, 20, 541, 609, 2, 3);
INSERT INTO Sets VALUES (1379, 1, 25, 18);
INSERT INTO Sets VALUES (1379, 2, 25, 14);
INSERT INTO Sets VALUES (1379, 3, 1, 25);
INSERT INTO Sets VALUES (1379, 4, 0, 25);
INSERT INTO Sets VALUES (1379, 5, 0, 15);
INSERT INTO Matches VALUES (1380, 20, 579, 585, 1, 3);
INSERT INTO Sets VALUES (1380, 1, 25, 15);
INSERT INTO Sets VALUES (1380, 2, 4, 25);
INSERT INTO Sets VALUES (1380, 3, 1, 25);
INSERT INTO Sets VALUES (1380, 4, 0, 25);
INSERT INTO Matches VALUES (1381, 20, 600, 541, 3, 2);
INSERT INTO Sets VALUES (1381, 1, 25, 7);
INSERT INTO Sets VALUES (1381, 2, 25, 12);
INSERT INTO Sets VALUES (1381, 3, 20, 25);
INSERT INTO Sets VALUES (1381, 4, 2, 25);
INSERT INTO Sets VALUES (1381, 5, 15, 8);
INSERT INTO Matches VALUES (1382, 20, 615, 604, 1, 3);
INSERT INTO Sets VALUES (1382, 1, 25, 7);
INSERT INTO Sets VALUES (1382, 2, 2, 25);
INSERT INTO Sets VALUES (1382, 3, 0, 25);
INSERT INTO Sets VALUES (1382, 4, -1, 25);
INSERT INTO Matches VALUES (1383, 20, 567, 574, 3, 1);
INSERT INTO Sets VALUES (1383, 1, 25, 13);
INSERT INTO Sets VALUES (1383, 2, 25, 0);
INSERT INTO Sets VALUES (1383, 3, 20, 25);
INSERT INTO Sets VALUES (1383, 4, 25, 9);
INSERT INTO Matches VALUES (1384, 20, 616, 574, 2, 3);
INSERT INTO Sets VALUES (1384, 1, 25, 12);
INSERT INTO Sets VALUES (1384, 2, 25, 15);
INSERT INTO Sets VALUES (1384, 3, 7, 25);
INSERT INTO Sets VALUES (1384, 4, 0, 25);
INSERT INTO Sets VALUES (1384, 5, 0, 15);
INSERT INTO Matches VALUES (1385, 20, 567, 579, 3, 2);
INSERT INTO Sets VALUES (1385, 1, 25, 5);
INSERT INTO Sets VALUES (1385, 2, 5, 25);
INSERT INTO Sets VALUES (1385, 3, 0, 25);
INSERT INTO Sets VALUES (1385, 4, 25, 18);
INSERT INTO Sets VALUES (1385, 5, 15, 1);
INSERT INTO Matches VALUES (1386, 20, 585, 574, 3, 0);
INSERT INTO Sets VALUES (1386, 1, 25, 13);
INSERT INTO Sets VALUES (1386, 2, 25, 9);
INSERT INTO Sets VALUES (1386, 3, 25, 15);
INSERT INTO Matches VALUES (1387, 20, 599, 615, 3, 0);
INSERT INTO Sets VALUES (1387, 1, 25, 13);
INSERT INTO Sets VALUES (1387, 2, 25, 18);
INSERT INTO Sets VALUES (1387, 3, 25, 17);
INSERT INTO Matches VALUES (1388, 20, 600, 593, 3, 2);
INSERT INTO Sets VALUES (1388, 1, 14, 25);
INSERT INTO Sets VALUES (1388, 2, 25, 5);
INSERT INTO Sets VALUES (1388, 3, 25, 19);
INSERT INTO Sets VALUES (1388, 4, 4, 25);
INSERT INTO Sets VALUES (1388, 5, 15, 11);
INSERT INTO Matches VALUES (1389, 20, 622, 604, 3, 1);
INSERT INTO Sets VALUES (1389, 1, 25, 8);
INSERT INTO Sets VALUES (1389, 2, 2, 25);
INSERT INTO Sets VALUES (1389, 3, 25, 18);
INSERT INTO Sets VALUES (1389, 4, 25, 21);
INSERT INTO Matches VALUES (1390, 20, 622, 600, 3, 0);
INSERT INTO Sets VALUES (1390, 1, 25, 17);
INSERT INTO Sets VALUES (1390, 2, 25, 0);
INSERT INTO Sets VALUES (1390, 3, 25, 21);
INSERT INTO Matches VALUES (1391, 20, 551, 573, 3, 0);
INSERT INTO Sets VALUES (1391, 1, 25, 19);
INSERT INTO Sets VALUES (1391, 2, 25, 0);
INSERT INTO Sets VALUES (1391, 3, 25, 8);
INSERT INTO Matches VALUES (1392, 20, 622, 541, 3, 1);
INSERT INTO Sets VALUES (1392, 1, 10, 25);
INSERT INTO Sets VALUES (1392, 2, 25, 10);
INSERT INTO Sets VALUES (1392, 3, 25, 18);
INSERT INTO Sets VALUES (1392, 4, 25, 10);
INSERT INTO Matches VALUES (1393, 20, 622, 616, 3, 0);
INSERT INTO Sets VALUES (1393, 1, 25, 0);
INSERT INTO Sets VALUES (1393, 2, 25, 2);
INSERT INTO Sets VALUES (1393, 3, 25, 6);
INSERT INTO Matches VALUES (1394, 20, 593, 600, 3, 0);
INSERT INTO Sets VALUES (1394, 1, 25, 19);
INSERT INTO Sets VALUES (1394, 2, 25, 9);
INSERT INTO Sets VALUES (1394, 3, 25, 11);
INSERT INTO Matches VALUES (1395, 20, 579, 604, 3, 1);
INSERT INTO Sets VALUES (1395, 1, 19, 25);
INSERT INTO Sets VALUES (1395, 2, 25, 12);
INSERT INTO Sets VALUES (1395, 3, 25, 10);
INSERT INTO Sets VALUES (1395, 4, 25, 11);
INSERT INTO Matches VALUES (1396, 20, 622, 615, 3, 2);
INSERT INTO Sets VALUES (1396, 1, 10, 25);
INSERT INTO Sets VALUES (1396, 2, 25, 4);
INSERT INTO Sets VALUES (1396, 3, 25, 13);
INSERT INTO Sets VALUES (1396, 4, 3, 25);
INSERT INTO Sets VALUES (1396, 5, 15, 0);
INSERT INTO Matches VALUES (1397, 20, 579, 573, 3, 0);
INSERT INTO Sets VALUES (1397, 1, 25, 13);
INSERT INTO Sets VALUES (1397, 2, 25, 2);
INSERT INTO Sets VALUES (1397, 3, 25, 11);
INSERT INTO Matches VALUES (1398, 20, 604, 551, 3, 0);
INSERT INTO Sets VALUES (1398, 1, 25, 17);
INSERT INTO Sets VALUES (1398, 2, 25, 3);
INSERT INTO Sets VALUES (1398, 3, 25, 5);
INSERT INTO Matches VALUES (1399, 20, 579, 541, 3, 2);
INSERT INTO Sets VALUES (1399, 1, 22, 25);
INSERT INTO Sets VALUES (1399, 2, 25, 13);
INSERT INTO Sets VALUES (1399, 3, 25, 11);
INSERT INTO Sets VALUES (1399, 4, 2, 25);
INSERT INTO Sets VALUES (1399, 5, 15, 3);
INSERT INTO Matches VALUES (1400, 20, 622, 615, 3, 1);
INSERT INTO Sets VALUES (1400, 1, 10, 25);
INSERT INTO Sets VALUES (1400, 2, 25, 17);
INSERT INTO Sets VALUES (1400, 3, 25, 14);
INSERT INTO Sets VALUES (1400, 4, 25, 11);
INSERT INTO Matches VALUES (1401, 20, 609, 599, 3, 0);
INSERT INTO Sets VALUES (1401, 1, 25, 20);
INSERT INTO Sets VALUES (1401, 2, 25, 8);
INSERT INTO Sets VALUES (1401, 3, 25, 10);
INSERT INTO Matches VALUES (1402, 20, 551, 574, 3, 0);
INSERT INTO Sets VALUES (1402, 1, 25, 7);
INSERT INTO Sets VALUES (1402, 2, 25, 0);
INSERT INTO Sets VALUES (1402, 3, 25, 15);
INSERT INTO Matches VALUES (1403, 20, 622, 573, 3, 2);
INSERT INTO Sets VALUES (1403, 1, 25, 14);
INSERT INTO Sets VALUES (1403, 2, 19, 25);
INSERT INTO Sets VALUES (1403, 3, 2, 25);
INSERT INTO Sets VALUES (1403, 4, 25, 10);
INSERT INTO Sets VALUES (1403, 5, 15, 1);
INSERT INTO Matches VALUES (1404, 20, 567, 600, 0, 3);
INSERT INTO Sets VALUES (1404, 1, 5, 25);
INSERT INTO Sets VALUES (1404, 2, 0, 25);
INSERT INTO Sets VALUES (1404, 3, 0, 25);
INSERT INTO Matches VALUES (1405, 20, 613, 567, 3, 0);
INSERT INTO Sets VALUES (1405, 1, 25, 22);
INSERT INTO Sets VALUES (1405, 2, 25, 13);
INSERT INTO Sets VALUES (1405, 3, 25, 12);
INSERT INTO Matches VALUES (1406, 20, 622, 616, 3, 1);
INSERT INTO Sets VALUES (1406, 1, 25, 10);
INSERT INTO Sets VALUES (1406, 2, 25, 12);
INSERT INTO Sets VALUES (1406, 3, 8, 25);
INSERT INTO Sets VALUES (1406, 4, 25, 20);
INSERT INTO Matches VALUES (1407, 20, 579, 573, 2, 3);
INSERT INTO Sets VALUES (1407, 1, 25, 0);
INSERT INTO Sets VALUES (1407, 2, 11, 25);
INSERT INTO Sets VALUES (1407, 3, 1, 25);
INSERT INTO Sets VALUES (1407, 4, 25, 8);
INSERT INTO Sets VALUES (1407, 5, 4, 15);
INSERT INTO Matches VALUES (1408, 20, 622, 600, 3, 1);
INSERT INTO Sets VALUES (1408, 1, 25, 13);
INSERT INTO Sets VALUES (1408, 2, 25, 3);
INSERT INTO Sets VALUES (1408, 3, 15, 25);
INSERT INTO Sets VALUES (1408, 4, 25, 13);
INSERT INTO Matches VALUES (1409, 20, 567, 616, 3, 2);
INSERT INTO Sets VALUES (1409, 1, 15, 25);
INSERT INTO Sets VALUES (1409, 2, 25, 3);
INSERT INTO Sets VALUES (1409, 3, 25, 18);
INSERT INTO Sets VALUES (1409, 4, 12, 25);
INSERT INTO Sets VALUES (1409, 5, 15, 3);
INSERT INTO Matches VALUES (1410, 20, 574, 567, 3, 1);
INSERT INTO Sets VALUES (1410, 1, 25, 21);
INSERT INTO Sets VALUES (1410, 2, 0, 25);
INSERT INTO Sets VALUES (1410, 3, 25, 7);
INSERT INTO Sets VALUES (1410, 4, 25, 11);
INSERT INTO Matches VALUES (1411, 20, 622, 585, 3, 1);
INSERT INTO Sets VALUES (1411, 1, 8, 25);
INSERT INTO Sets VALUES (1411, 2, 25, 1);
INSERT INTO Sets VALUES (1411, 3, 25, 8);
INSERT INTO Sets VALUES (1411, 4, 25, 7);
INSERT INTO Matches VALUES (1412, 20, 579, 593, 3, 2);
INSERT INTO Sets VALUES (1412, 1, 25, 17);
INSERT INTO Sets VALUES (1412, 2, 25, 16);
INSERT INTO Sets VALUES (1412, 3, 19, 25);
INSERT INTO Sets VALUES (1412, 4, 16, 25);
INSERT INTO Sets VALUES (1412, 5, 15, 8);
INSERT INTO Matches VALUES (1413, 20, 551, 573, 3, 1);
INSERT INTO Sets VALUES (1413, 1, 3, 25);
INSERT INTO Sets VALUES (1413, 2, 25, 6);
INSERT INTO Sets VALUES (1413, 3, 25, 7);
INSERT INTO Sets VALUES (1413, 4, 25, 1);
INSERT INTO Matches VALUES (1414, 20, 609, 599, 3, 0);
INSERT INTO Sets VALUES (1414, 1, 25, 19);
INSERT INTO Sets VALUES (1414, 2, 25, 16);
INSERT INTO Sets VALUES (1414, 3, 25, 16);
INSERT INTO Matches VALUES (1415, 20, 604, 541, 3, 0);
INSERT INTO Sets VALUES (1415, 1, 25, 16);
INSERT INTO Sets VALUES (1415, 2, 25, 11);
INSERT INTO Sets VALUES (1415, 3, 25, 9);
INSERT INTO Matches VALUES (1416, 20, 622, 585, 3, 1);
INSERT INTO Sets VALUES (1416, 1, 25, 15);
INSERT INTO Sets VALUES (1416, 2, 16, 25);
INSERT INTO Sets VALUES (1416, 3, 25, 6);
INSERT INTO Sets VALUES (1416, 4, 25, 19);
INSERT INTO Matches VALUES (1417, 21, 655, 650, 3, 1);
INSERT INTO Sets VALUES (1417, 1, 25, 15);
INSERT INTO Sets VALUES (1417, 2, 25, 20);
INSERT INTO Sets VALUES (1417, 3, 2, 25);
INSERT INTO Sets VALUES (1417, 4, 25, 9);
INSERT INTO Matches VALUES (1418, 21, 674, 650, 2, 3);
INSERT INTO Sets VALUES (1418, 1, 20, 25);
INSERT INTO Sets VALUES (1418, 2, 25, 1);
INSERT INTO Sets VALUES (1418, 3, 22, 25);
INSERT INTO Sets VALUES (1418, 4, 25, 20);
INSERT INTO Sets VALUES (1418, 5, 2, 15);
INSERT INTO Matches VALUES (1419, 21, 655, 650, 3, 0);
INSERT INTO Sets VALUES (1419, 1, 25, 2);
INSERT INTO Sets VALUES (1419, 2, 25, 7);
INSERT INTO Sets VALUES (1419, 3, 25, 16);
INSERT INTO Matches VALUES (1420, 21, 687, 686, 3, 2);
INSERT INTO Sets VALUES (1420, 1, 25, 10);
INSERT INTO Sets VALUES (1420, 2, 25, 22);
INSERT INTO Sets VALUES (1420, 3, 17, 25);
INSERT INTO Sets VALUES (1420, 4, 13, 25);
INSERT INTO Sets VALUES (1420, 5, 15, 6);
INSERT INTO Matches VALUES (1421, 21, 656, 623, 3, 0);
INSERT INTO Sets VALUES (1421, 1, 25, 11);
INSERT INTO Sets VALUES (1421, 2, 25, 2);
INSERT INTO Sets VALUES (1421, 3, 25, 20);
INSERT INTO Matches VALUES (1422, 21, 682, 656, 3, 0);
INSERT INTO Sets VALUES (1422, 1, 25, 22);
INSERT INTO Sets VALUES (1422, 2, 25, 13);
INSERT INTO Sets VALUES (1422, 3, 25, 10);
INSERT INTO Matches VALUES (1423, 21, 682, 656, 3, 1);
INSERT INTO Sets VALUES (1423, 1, 15, 25);
INSERT INTO Sets VALUES (1423, 2, 25, 14);
INSERT INTO Sets VALUES (1423, 3, 25, 15);
INSERT INTO Sets VALUES (1423, 4, 25, 4);
INSERT INTO Matches VALUES (1424, 21, 674, 650, 3, 0);
INSERT INTO Sets VALUES (1424, 1, 25, 8);
INSERT INTO Sets VALUES (1424, 2, 25, 15);
INSERT INTO Sets VALUES (1424, 3, 25, 7);
INSERT INTO Matches VALUES (1425, 21, 655, 656, 3, 2);
INSERT INTO Sets VALUES (1425, 1, 25, 20);
INSERT INTO Sets VALUES (1425, 2, 1, 25);
INSERT INTO Sets VALUES (1425, 3, 25, 21);
INSERT INTO Sets VALUES (1425, 4, 22, 25);
INSERT INTO Sets VALUES (1425, 5, 15, 3);
INSERT INTO Matches VALUES (1426, 21, 650, 656, 3, 0);
INSERT INTO Sets VALUES (1426, 1, 25, 12);
INSERT INTO Sets VALUES (1426, 2, 25, 8);
INSERT INTO Sets VALUES (1426, 3, 25, 9);
INSERT INTO Matches VALUES (1427, 21, 687, 674, 3, 2);
INSERT INTO Sets VALUES (1427, 1, 25, 1);
INSERT INTO Sets VALUES (1427, 2, 16, 25);
INSERT INTO Sets VALUES (1427, 3, 9, 25);
INSERT INTO Sets VALUES (1427, 4, 25, 2);
INSERT INTO Sets VALUES (1427, 5, 15, 9);
INSERT INTO Matches VALUES (1428, 21, 655, 669, 3, 2);
INSERT INTO Sets VALUES (1428, 1, 10, 25);
INSERT INTO Sets VALUES (1428, 2, 25, 15);
INSERT INTO Sets VALUES (1428, 3, 17, 25);
INSERT INTO Sets VALUES (1428, 4, 25, 21);
INSERT INTO Sets VALUES (1428, 5, 15, 10);
INSERT INTO Matches VALUES (1429, 21, 687, 639, NULL, NULL);
INSERT INTO Matches VALUES (1430, 21, 623, 687, 3, 1);
INSERT INTO Sets VALUES (1430, 1, 8, 25);
INSERT INTO Sets VALUES (1430, 2, 25, 10);
INSERT INTO Sets VALUES (1430, 3, 25, 21);
INSERT INTO Sets VALUES (1430, 4, 25, 9);
INSERT INTO Matches VALUES (1431, 21, 669, 632, 3, 0);
INSERT INTO Sets VALUES (1431, 1, 25, 0);
INSERT INTO Sets VALUES (1431, 2, 25, 21);
INSERT INTO Sets VALUES (1431, 3, 25, 10);
INSERT INTO Matches VALUES (1432, 21, 687, 674, 3, 1);
INSERT INTO Sets VALUES (1432, 1, 25, 15);
INSERT INTO Sets VALUES (1432, 2, 21, 25);
INSERT INTO Sets VALUES (1432, 3, 25, 1);
INSERT INTO Sets VALUES (1432, 4, 25, 11);
INSERT INTO Matches VALUES (1433, 21, 623, 687, 3, 1);
INSERT INTO Sets VALUES (1433, 1, 25, 20);
INSERT INTO Sets VALUES (1433, 2, 25, 6);
INSERT INTO Sets VALUES (1433, 3, 9, 25);
INSERT INTO Sets VALUES (1433, 4, 25, 6);
INSERT INTO Matches VALUES (1434, 21, 639, 632, 2, 3);
INSERT INTO Sets VALUES (1434, 1, 25, 18);
INSERT INTO Sets VALUES (1434, 2, 25, 19);
INSERT INTO Sets VALUES (1434, 3, 1, 25);
INSERT INTO Sets VALUES (1434, 4, 0, 25);
INSERT INTO Sets VALUES (1434, 5, 0, 15);
INSERT INTO Matches VALUES (1435, 21, 674, 686, 3, 1);
INSERT INTO Sets VALUES (1435, 1, -1, 25);
INSERT INTO Sets VALUES (1435, 2, 25, 6);
INSERT INTO Sets VALUES (1435, 3, 25, 7);
INSERT INTO Sets VALUES (1435, 4, 25, 11);
INSERT INTO Matches VALUES (1436, 21, 623, 656, 3, 0);
INSERT INTO Sets VALUES (1436, 1, 25, 18);
INSERT INTO Sets VALUES (1436, 2, 25, 6);
INSERT INTO Sets VALUES (1436, 3, 25, 13);
INSERT INTO Matches VALUES (1437, 21, 650, 669, 3, 1);
INSERT INTO Sets VALUES (1437, 1, 12, 25);
INSERT INTO Sets VALUES (1437, 2, 25, 19);
INSERT INTO Sets VALUES (1437, 3, 25, 6);
INSERT INTO Sets VALUES (1437, 4, 25, 11);
INSERT INTO Matches VALUES (1438, 21, 669, 686, 3, 1);
INSERT INTO Sets VALUES (1438, 1, 25, 21);
INSERT INTO Sets VALUES (1438, 2, 8, 25);
INSERT INTO Sets VALUES (1438, 3, 25, 5);
INSERT INTO Sets VALUES (1438, 4, 25, 14);
INSERT INTO Matches VALUES (1439, 21, 669, 686, 3, 1);
INSERT INTO Sets VALUES (1439, 1, 25, 5);
INSERT INTO Sets VALUES (1439, 2, 1, 25);
INSERT INTO Sets VALUES (1439, 3, 25, 12);
INSERT INTO Sets VALUES (1439, 4, 25, 11);
INSERT INTO Matches VALUES (1440, 21, 623, 650, 3, 0);
INSERT INTO Sets VALUES (1440, 1, 25, 17);
INSERT INTO Sets VALUES (1440, 2, 25, 9);
INSERT INTO Sets VALUES (1440, 3, 25, 0);
INSERT INTO Matches VALUES (1441, 21, 686, 669, 3, 0);
INSERT INTO Sets VALUES (1441, 1, 25, 22);
INSERT INTO Sets VALUES (1441, 2, 25, 12);
INSERT INTO Sets VALUES (1441, 3, 25, 10);
INSERT INTO Matches VALUES (1442, 21, 687, 632, 1, 3);
INSERT INTO Sets VALUES (1442, 1, 25, 1);
INSERT INTO Sets VALUES (1442, 2, 19, 25);
INSERT INTO Sets VALUES (1442, 3, 13, 25);
INSERT INTO Sets VALUES (1442, 4, 0, 25);
INSERT INTO Matches VALUES (1443, 21, 656, 682, 3, 2);
INSERT INTO Sets VALUES (1443, 1, 25, 8);
INSERT INTO Sets VALUES (1443, 2, 11, 25);
INSERT INTO Sets VALUES (1443, 3, 25, 4);
INSERT INTO Sets VALUES (1443, 4, 11, 25);
INSERT INTO Sets VALUES (1443, 5, 15, 8);
INSERT INTO Matches VALUES (1444, 21, 674, 682, 3, 1);
INSERT INTO Sets VALUES (1444, 1, 25, 13);
INSERT INTO Sets VALUES (1444, 2, 25, 15);
INSERT INTO Sets VALUES (1444, 3, 13, 25);
INSERT INTO Sets VALUES (1444, 4, 25, 6);
INSERT INTO Matches VALUES (1445, 21, 674, 623, 3, 1);
INSERT INTO Sets VALUES (1445, 1, 19, 25);
INSERT INTO Sets VALUES (1445, 2, 25, 3);
INSERT INTO Sets VALUES (1445, 3, 25, 6);
INSERT INTO Sets VALUES (1445, 4, 25, 8);
INSERT INTO Matches VALUES (1446, 21, 656, 686, 3, 0);
INSERT INTO Sets VALUES (1446, 1, 25, 1);
INSERT INTO Sets VALUES (1446, 2, 25, 5);
INSERT INTO Sets VALUES (1446, 3, 25, 5);
INSERT INTO Matches VALUES (1447, 21, 655, 686, 3, 1);
INSERT INTO Sets VALUES (1447, 1, 25, 18);
INSERT INTO Sets VALUES (1447, 2, 25, 5);
INSERT INTO Sets VALUES (1447, 3, 22, 25);
INSERT INTO Sets VALUES (1447, 4, 25, 13);
INSERT INTO Matches VALUES (1448, 21, 669, 623, 3, 2);
INSERT INTO Sets VALUES (1448, 1, 25, 19);
INSERT INTO Sets VALUES (1448, 2, 25, 16);
INSERT INTO Sets VALUES (1448, 3, 13, 25);
INSERT INTO Sets VALUES (1448, 4, 7, 25);
INSERT INTO Sets VALUES (1448, 5, 15, 1);
INSERT INTO Matches VALUES (1449, 21, 623, 632, 3, 2);
INSERT INTO Sets VALUES (1449, 1, 1, 25);
INSERT INTO Sets VALUES (1449, 2, 0, 25);
INSERT INTO Sets VALUES (1449, 3, 25, 20);
INSERT INTO Sets VALUES (1449, 4, 25, 17);
INSERT INTO Sets VALUES (1449, 5, 15, 9);
INSERT INTO Matches VALUES (1450, 21, 639, 674, 3, 2);
INSERT INTO Sets VALUES (1450, 1, 25, 13);
INSERT INTO Sets VALUES (1450, 2, 19, 25);
INSERT INTO Sets VALUES (1450, 3, 6, 25);
INSERT INTO Sets VALUES (1450, 4, 25, 5);
INSERT INTO Sets VALUES (1450, 5, 15, 8);
INSERT INTO Matches VALUES (1451, 21, 656, 669, NULL, NULL);
INSERT INTO Matches VALUES (1452, 21, 623, 650, 3, 0);
INSERT INTO Sets VALUES (1452, 1, 25, 1);
INSERT INTO Sets VALUES (1452, 2, 25, 11);
INSERT INTO Sets VALUES (1452, 3, 25, 22);
INSERT INTO Matches VALUES (1453, 21, 674, 623, 3, 2);
INSERT INTO Sets VALUES (1453, 1, 25, 2);
INSERT INTO Sets VALUES (1453, 2, 6, 25);
INSERT INTO Sets VALUES (1453, 3, 3, 25);
INSERT INTO Sets VALUES (1453, 4, 25, 19);
INSERT INTO Sets VALUES (1453, 5, 15, 5);
INSERT INTO Matches VALUES (1454, 21, 686, 655, 3, 0);
INSERT INTO Sets VALUES (1454, 1, 25, 4);
INSERT INTO Sets VALUES (1454, 2, 25, 14);
INSERT INTO Sets VALUES (1454, 3, 25, 6);
INSERT INTO Matches VALUES (1455, 21, 656, 687, 3, 2);
INSERT INTO Sets VALUES (1455, 1, 25, 11);
INSERT INTO Sets VALUES (1455, 2, 7, 25);
INSERT INTO Sets VALUES (1455, 3, 1, 25);
INSERT INTO Sets VALUES (1455, 4, 25, 18);
INSERT INTO Sets VALUES (1455, 5, 15, 6);
INSERT INTO Matches VALUES (1456, 21, 623, 650, 3, 1);
INSERT INTO Sets VALUES (1456, 1, 25, 10);
INSERT INTO Sets VALUES (1456, 2, 25, 22);
INSERT INTO Sets VALUES (1456, 3, 17, 25);
INSERT INTO Sets VALUES (1456, 4, 25, 5);
INSERT INTO Matches VALUES (1457, 21, 623, 686, 2, 3);
INSERT INTO Sets VALUES (1457, 1, 10, 25);
INSERT INTO Sets VALUES (1457, 2, 2, 25);
INSERT INTO Sets VALUES (1457, 3, 25, 16);
INSERT INTO Sets VALUES (1457, 4, 25, 13);
INSERT INTO Sets VALUES (1457, 5, 18, 15);
INSERT INTO Matches VALUES (1458, 21, 650, 687, 3, 0);
INSERT INTO Sets VALUES (1458, 1, 25, 21);
INSERT INTO Sets VALUES (1458, 2, 25, 18);
INSERT INTO Sets VALUES (1458, 3, 25, 1);
INSERT INTO Matches VALUES (1459, 21, 655, 686, 3, 0);
INSERT INTO Sets VALUES (1459, 1, 25, 11);
INSERT INTO Sets VALUES (1459, 2, 25, 3);
INSERT INTO Sets VALUES (1459, 3, 25, 6);
INSERT INTO Matches VALUES (1460, 21, 686, 687, 3, 0);
INSERT INTO Sets VALUES (1460, 1, 25, 13);
INSERT INTO Sets VALUES (1460, 2, 25, 16);
INSERT INTO Sets VALUES (1460, 3, 25, 12);
INSERT INTO Matches VALUES (1461, 21, 650, 639, 3, 2);
INSERT INTO Sets VALUES (1461, 1, 9, 25);
INSERT INTO Sets VALUES (1461, 2, 3, 25);
INSERT INTO Sets VALUES (1461, 3, 25, 13);
INSERT INTO Sets VALUES (1461, 4, 25, 8);
INSERT INTO Sets VALUES (1461, 5, 15, 5);
INSERT INTO Matches VALUES (1462, 21, 655, 623, 3, 0);
INSERT INTO Sets VALUES (1462, 1, 25, 13);
INSERT INTO Sets VALUES (1462, 2, 25, 0);
INSERT INTO Sets VALUES (1462, 3, 25, 16);
INSERT INTO Matches VALUES (1463, 21, 687, 639, 3, 0);
INSERT INTO Sets VALUES (1463, 1, 25, 5);
INSERT INTO Sets VALUES (1463, 2, 25, 11);
INSERT INTO Sets VALUES (1463, 3, 25, 9);
INSERT INTO Matches VALUES (1464, 21, 682, 674, 3, 2);
INSERT INTO Sets VALUES (1464, 1, 9, 25);
INSERT INTO Sets VALUES (1464, 2, 0, 25);
INSERT INTO Sets VALUES (1464, 3, 25, 5);
INSERT INTO Sets VALUES (1464, 4, 25, 8);
INSERT INTO Sets VALUES (1464, 5, 15, 9);
INSERT INTO Matches VALUES (1465, 21, 639, 623, 1, 3);
INSERT INTO Sets VALUES (1465, 1, 11, 25);
INSERT INTO Sets VALUES (1465, 2, 3, 25);
INSERT INTO Sets VALUES (1465, 3, 25, 5);
INSERT INTO Sets VALUES (1465, 4, 2, 25);
INSERT INTO Matches VALUES (1466, 21, 656, 669, 3, 0);
INSERT INTO Sets VALUES (1466, 1, 25, 11);
INSERT INTO Sets VALUES (1466, 2, 25, 15);
INSERT INTO Sets VALUES (1466, 3, 25, 18);
INSERT INTO Matches VALUES (1467, 21, 632, 686, 3, 0);
INSERT INTO Sets VALUES (1467, 1, 25, 11);
INSERT INTO Sets VALUES (1467, 2, 25, 14);
INSERT INTO Sets VALUES (1467, 3, 25, 16);
INSERT INTO Matches VALUES (1468, 21, 687, 686, 3, 0);
INSERT INTO Sets VALUES (1468, 1, 25, 0);
INSERT INTO Sets VALUES (1468, 2, 25, 21);
INSERT INTO Sets VALUES (1468, 3, 25, 21);
INSERT INTO Matches VALUES (1469, 21, 674, 623, 3, 1);
INSERT INTO Sets VALUES (1469, 1, 25, 14);
INSERT INTO Sets VALUES (1469, 2, 25, 14);
INSERT INTO Sets VALUES (1469, 3, 16, 25);
INSERT INTO Sets VALUES (1469, 4, 25, 1);
INSERT INTO Matches VALUES (1470, 21, 656, 687, 3, 0);
INSERT INTO Sets VALUES (1470, 1, 25, 22);
INSERT INTO Sets VALUES (1470, 2, 25, 6);
INSERT INTO Sets VALUES (1470, 3, 25, 10);
INSERT INTO Matches VALUES (1471, 21, 687, 674, 2, 3);
INSERT INTO Sets VALUES (1471, 1, 25, 20);
INSERT INTO Sets VALUES (1471, 2, 11, 25);
INSERT INTO Sets VALUES (1471, 3, 25, 6);
INSERT INTO Sets VALUES (1471, 4, 9, 25);
INSERT INTO Sets VALUES (1471, 5, 0, 15);
INSERT INTO Matches VALUES (1472, 21, 674, 682, 3, 0);
INSERT INTO Sets VALUES (1472, 1, 25, 11);
INSERT INTO Sets VALUES (1472, 2, 25, 15);
INSERT INTO Sets VALUES (1472, 3, 25, 0);
INSERT INTO Matches VALUES (1473, 21, 639, 669, NULL, NULL);
INSERT INTO Matches VALUES (1474, 21, 639, 686, 3, 0);
INSERT INTO Sets VALUES (1474, 1, 25, 6);
INSERT INTO Sets VALUES (1474, 2, 25, 11);
INSERT INTO Sets VALUES (1474, 3, 25, 10);
INSERT INTO Matches VALUES (1475, 21, 682, 623, 3, 2);
INSERT INTO Sets VALUES (1475, 1, 25, 10);
INSERT INTO Sets VALUES (1475, 2, 1, 25);
INSERT INTO Sets VALUES (1475, 3, 0, 25);
INSERT INTO Sets VALUES (1475, 4, 25, 14);
INSERT INTO Sets VALUES (1475, 5, 15, 5);
INSERT INTO Matches VALUES (1476, 21, 639, 655, 3, 0);
INSERT INTO Sets VALUES (1476, 1, 25, 12);
INSERT INTO Sets VALUES (1476, 2, 25, 6);
INSERT INTO Sets VALUES (1476, 3, 25, 17);
INSERT INTO Matches VALUES (1477, 21, 632, 669, 3, 0);
INSERT INTO Sets VALUES (1477, 1, 25, 2);
INSERT INTO Sets VALUES (1477, 2, 25, 9);
INSERT INTO Sets VALUES (1477, 3, 25, 6);
INSERT INTO Matches VALUES (1478, 21, 656, 669, 3, 0);
INSERT INTO Sets VALUES (1478, 1, 25, 16);
INSERT INTO Sets VALUES (1478, 2, 25, 17);
INSERT INTO Sets VALUES (1478, 3, 25, 0);
INSERT INTO Matches VALUES (1479, 21, 632, 623, 3, 0);
INSERT INTO Sets VALUES (1479, 1, 25, 17);
INSERT INTO Sets VALUES (1479, 2, 25, 16);
INSERT INTO Sets VALUES (1479, 3, 25, 21);
INSERT INTO Matches VALUES (1480, 21, 650, 655, 3, 2);
INSERT INTO Sets VALUES (1480, 1, 1, 25);
INSERT INTO Sets VALUES (1480, 2, 25, 9);
INSERT INTO Sets VALUES (1480, 3, 9, 25);
INSERT INTO Sets VALUES (1480, 4, 25, 20);
INSERT INTO Sets VALUES (1480, 5, 15, 11);
INSERT INTO Matches VALUES (1481, 21, 632, 650, 3, 1);
INSERT INTO Sets VALUES (1481, 1, 9, 25);
INSERT INTO Sets VALUES (1481, 2, 25, 16);
INSERT INTO Sets VALUES (1481, 3, 25, 18);
INSERT INTO Sets VALUES (1481, 4, 25, 1);
INSERT INTO Matches VALUES (1482, 21, 656, 623, 2, 3);
INSERT INTO Sets VALUES (1482, 1, 21, 25);
INSERT INTO Sets VALUES (1482, 2, 11, 25);
INSERT INTO Sets VALUES (1482, 3, 25, 12);
INSERT INTO Sets VALUES (1482, 4, 25, 8);
INSERT INTO Sets VALUES (1482, 5, 0, 15);
INSERT INTO Matches VALUES (1483, 21, 687, 656, 3, 0);
INSERT INTO Sets VALUES (1483, 1, 25, 17);
INSERT INTO Sets VALUES (1483, 2, 25, 19);
INSERT INTO Sets VALUES (1483, 3, 25, 10);
INSERT INTO Matches VALUES (1484, 21, 669, 656, 3, 1);
INSERT INTO Sets VALUES (1484, 1, 25, 11);
INSERT INTO Sets VALUES (1484, 2, 6, 25);
INSERT INTO Sets VALUES (1484, 3, 25, 13);
INSERT INTO Sets VALUES (1484, 4, 25, 12);
INSERT INTO Matches VALUES (1485, 21, 650, 623, 3, 2);
INSERT INTO Sets VALUES (1485, 1, 25, 7);
INSERT INTO Sets VALUES (1485, 2, 25, 15);
INSERT INTO Sets VALUES (1485, 3, 8, 25);
INSERT INTO Sets VALUES (1485, 4, 0, 25);
INSERT INTO Sets VALUES (1485, 5, 15, 10);
INSERT INTO Matches VALUES (1486, 21, 655, 682, NULL, NULL);
INSERT INTO Matches VALUES (1487, 21, 655, 632, 3, 2);
INSERT INTO Sets VALUES (1487, 1, 5, 25);
INSERT INTO Sets VALUES (1487, 2, 25, 5);
INSERT INTO Sets VALUES (1487, 3, 19, 25);
INSERT INTO Sets VALUES (1487, 4, 25, 5);
INSERT INTO Sets VALUES (1487, 5, 15, 4);
INSERT INTO Matches VALUES (1488, 21, 650, 639, 3, 0);
INSERT INTO Sets VALUES (1488, 1, 25, 18);
INSERT INTO Sets VALUES (1488, 2, 25, 19);
INSERT INTO Sets VALUES (1488, 3, 25, 21);
INSERT INTO Matches VALUES (1489, 21, 639, 669, 3, 2);
INSERT INTO Sets VALUES (1489, 1, 15, 25);
INSERT INTO Sets VALUES (1489, 2, 2, 25);
INSERT INTO Sets VALUES (1489, 3, 25, 12);
INSERT INTO Sets VALUES (1489, 4, 25, 1);
INSERT INTO Sets VALUES (1489, 5, 15, 2);
INSERT INTO Matches VALUES (1490, 21, 632, 686, 2, 3);
INSERT INTO Sets VALUES (1490, 1, 1, 25);
INSERT INTO Sets VALUES (1490, 2, 0, 25);
INSERT INTO Sets VALUES (1490, 3, 25, 2);
INSERT INTO Sets VALUES (1490, 4, 25, 5);
INSERT INTO Sets VALUES (1490, 5, 16, 15);
INSERT INTO Matches VALUES (1491, 21, 656, 623, 1, 3);
INSERT INTO Sets VALUES (1491, 1, 10, 25);
INSERT INTO Sets VALUES (1491, 2, 25, 19);
INSERT INTO Sets VALUES (1491, 3, 0, 25);
INSERT INTO Sets VALUES (1491, 4, 0, 25);
INSERT INTO Matches VALUES (1492, 21, 656, 682, 3, 2);
INSERT INTO Sets VALUES (1492, 1, 0, 25);
INSERT INTO Sets VALUES (1492, 2, 0, 25);
INSERT INTO Sets VALUES (1492, 3, 25, 13);
INSERT INTO Sets VALUES (1492, 4, 25, 14);
INSERT INTO Sets VALUES (1492, 5, 15, 0);
INSERT INTO Matches VALUES (1493, 21, 674, 655, 3, 0);
INSERT INTO Sets VALUES (1493, 1, 25, 17);
INSERT INTO Sets VALUES (1493, 2, 25, 17);
INSERT INTO Sets VALUES (1493, 3, 25, 1);
INSERT INTO Matches VALUES (1494, 21, 655, 682, 1, 3);
INSERT INTO Sets VALUES (1494, 1, 2, 25);
INSERT INTO Sets VALUES (1494, 2, 0, 25);
INSERT INTO Sets VALUES (1494, 3, 25, 3);
INSERT INTO Sets VALUES (1494, 4, 1, 25);
INSERT INTO Matches VALUES (1495, 21, 639, 674, NULL, NULL);
INSERT INTO Matches VALUES (1496, 21, 655, 669, 2, 3);
INSERT INTO Sets VALUES (1496, 1, 25, 17);
INSERT INTO Sets VALUES (1496, 2, 17, 25);
INSERT INTO Sets VALUES (1496, 3, 25, 11);
INSERT INTO Sets VALUES (1496, 4, 10, 25);
INSERT INTO Sets VALUES (1496, 5, 6, 15);
INSERT INTO Matches VALUES (1497, 21, 669, 674, 3, 0);
INSERT INTO Sets VALUES (1497, 1, 25, 13);
INSERT INTO Sets VALUES (1497, 2, 25, 2);
INSERT INTO Sets VALUES (1497, 3, 25, 7);
INSERT INTO Matches VALUES (1498, 21, 639, 687, 3, 1);
INSERT INTO Sets VALUES (1498, 1, 25, 17);
INSERT INTO Sets VALUES (1498, 2, 25, 6);
INSERT INTO Sets VALUES (1498, 3, 13, 25);
INSERT INTO Sets VALUES (1498, 4, 25, 4);
INSERT INTO Matches VALUES (1499, 21, 632, 623, NULL, NULL);
INSERT INTO Matches VALUES (1500, 21, 687, 656, 1, 3);
INSERT INTO Sets VALUES (1500, 1, 20, 25);
INSERT INTO Sets VALUES (1500, 2, 25, 17);
INSERT INTO Sets VALUES (1500, 3, 10, 25);
INSERT INTO Sets VALUES (1500, 4, 2, 25);
INSERT INTO Matches VALUES (1501, 21, 655, 650, 3, 1);
INSERT INTO Sets VALUES (1501, 1, 25, 16);
INSERT INTO Sets VALUES (1501, 2, 16, 25);
INSERT INTO Sets VALUES (1501, 3, 25, 14);
INSERT INTO Sets VALUES (1501, 4, 25, 10);
INSERT INTO Matches VALUES (1502, 21, 669, 632, 3, 2);
INSERT INTO Sets VALUES (1502, 1, 6, 25);
INSERT INTO Sets VALUES (1502, 2, 25, 9);
INSERT INTO Sets VALUES (1502, 3, 25, 4);
INSERT INTO Sets VALUES (1502, 4, 11, 25);
INSERT INTO Sets VALUES (1502, 5, 15, 10);
INSERT INTO Matches VALUES (1503, 21, 623, 686, NULL, NULL);
INSERT INTO Matches VALUES (1504, 21, 682, 655, 3, 0);
INSERT INTO Sets VALUES (1504, 1, 25, 15);
INSERT INTO Sets VALUES (1504, 2, 25, 3);
INSERT INTO Sets VALUES (1504, 3, 25, 4);
INSERT INTO Matches VALUES (1505, 21, 650, 669, NULL, NULL);
INSERT INTO Matches VALUES (1506, 21, 623, 682, 3, 1);
INSERT INTO Sets VALUES (1506, 1, 13, 25);
INSERT INTO Sets VALUES (1506, 2, 25, 12);
INSERT INTO Sets VALUES (1506, 3, 25, 8);
INSERT INTO Sets VALUES (1506, 4, 25, 13);
INSERT INTO Matches VALUES (1507, 21, 669, 686, NULL, NULL);
INSERT INTO Matches VALUES (1508, 21, 632, 655, 3, 0);
INSERT INTO Sets VALUES (1508, 1, 25, 5);
INSERT INTO Sets VALUES (1508, 2, 25, 21);
INSERT INTO Sets VALUES (1508, 3, 25, 22);
INSERT INTO Matches VALUES (1509, 21, 674, 623, NULL, NULL);
INSERT INTO Matches VALUES (1510, 21, 655, 656, 3, 1);
INSERT INTO Sets VALUES (1510, 1, 25, 1);
INSERT INTO Sets VALUES (1510, 2, 13, 25);
INSERT INTO Sets VALUES (1510, 3, 25, 10);
INSERT INTO Sets VALUES (1510, 4, 25, 9);
INSERT INTO Matches VALUES (1511, 22, 624, 636, 3, 0);
INSERT INTO Sets VALUES (1511, 1, 25, 15);
INSERT INTO Sets VALUES (1511, 2, 25, 19);
INSERT INTO Sets VALUES (1511, 3, 25, 14);
INSERT INTO Matches VALUES (1512, 22, 648, 671, 3, 1);
INSERT INTO Sets VALUES (1512, 1, 25, 5);
INSERT INTO Sets VALUES (1512, 2, 25, 18);
INSERT INTO Sets VALUES (1512, 3, 21, 25);
INSERT INTO Sets VALUES (1512, 4, 25, 18);
INSERT INTO Matches VALUES (1513, 22, 648, 675, 3, 0);
INSERT INTO Sets VALUES (1513, 1, 25, 5);
INSERT INTO Sets VALUES (1513, 2, 25, 0);
INSERT INTO Sets VALUES (1513, 3, 25, 10);
INSERT INTO Matches VALUES (1514, 22, 635, 675, 3, 0);
INSERT INTO Sets VALUES (1514, 1, 25, 20);
INSERT INTO Sets VALUES (1514, 2, 25, 7);
INSERT INTO Sets VALUES (1514, 3, 25, 10);
INSERT INTO Matches VALUES (1515, 22, 642, 636, 3, 0);
INSERT INTO Sets VALUES (1515, 1, 25, 20);
INSERT INTO Sets VALUES (1515, 2, 25, 22);
INSERT INTO Sets VALUES (1515, 3, 25, 13);
INSERT INTO Matches VALUES (1516, 22, 659, 688, 3, 0);
INSERT INTO Sets VALUES (1516, 1, 25, 17);
INSERT INTO Sets VALUES (1516, 2, 25, 7);
INSERT INTO Sets VALUES (1516, 3, 25, 2);
INSERT INTO Matches VALUES (1517, 22, 648, 652, 3, 1);
INSERT INTO Sets VALUES (1517, 1, 25, 3);
INSERT INTO Sets VALUES (1517, 2, 25, 22);
INSERT INTO Sets VALUES (1517, 3, 15, 25);
INSERT INTO Sets VALUES (1517, 4, 25, 15);
INSERT INTO Matches VALUES (1518, 22, 635, 675, 3, 0);
INSERT INTO Sets VALUES (1518, 1, 25, 18);
INSERT INTO Sets VALUES (1518, 2, 25, 5);
INSERT INTO Sets VALUES (1518, 3, 25, 8);
INSERT INTO Matches VALUES (1519, 22, 642, 624, 3, 0);
INSERT INTO Sets VALUES (1519, 1, 25, 22);
INSERT INTO Sets VALUES (1519, 2, 25, 9);
INSERT INTO Sets VALUES (1519, 3, 25, 20);
INSERT INTO Matches VALUES (1520, 22, 659, 648, 2, 3);
INSERT INTO Sets VALUES (1520, 1, 1, 25);
INSERT INTO Sets VALUES (1520, 2, 25, 9);
INSERT INTO Sets VALUES (1520, 3, 25, 6);
INSERT INTO Sets VALUES (1520, 4, 1, 25);
INSERT INTO Sets VALUES (1520, 5, 0, 15);
INSERT INTO Matches VALUES (1521, 22, 636, 675, 1, 3);
INSERT INTO Sets VALUES (1521, 1, 0, 25);
INSERT INTO Sets VALUES (1521, 2, 25, 12);
INSERT INTO Sets VALUES (1521, 3, 18, 25);
INSERT INTO Sets VALUES (1521, 4, 6, 25);
INSERT INTO Matches VALUES (1522, 22, 642, 671, 3, 2);
INSERT INTO Sets VALUES (1522, 1, 1, 25);
INSERT INTO Sets VALUES (1522, 2, 25, 14);
INSERT INTO Sets VALUES (1522, 3, 25, 4);
INSERT INTO Sets VALUES (1522, 4, 6, 25);
INSERT INTO Sets VALUES (1522, 5, 15, 1);
INSERT INTO Matches VALUES (1523, 22, 635, 675, 3, 0);
INSERT INTO Sets VALUES (1523, 1, 25, 0);
INSERT INTO Sets VALUES (1523, 2, 25, 11);
INSERT INTO Sets VALUES (1523, 3, 25, 18);
INSERT INTO Matches VALUES (1524, 22, 635, 664, 3, 1);
INSERT INTO Sets VALUES (1524, 1, 25, 7);
INSERT INTO Sets VALUES (1524, 2, 25, 8);
INSERT INTO Sets VALUES (1524, 3, 1, 25);
INSERT INTO Sets VALUES (1524, 4, 25, 12);
INSERT INTO Matches VALUES (1525, 22, 636, 642, 3, 1);
INSERT INTO Sets VALUES (1525, 1, 21, 25);
INSERT INTO Sets VALUES (1525, 2, 25, 1);
INSERT INTO Sets VALUES (1525, 3, 25, 17);
INSERT INTO Sets VALUES (1525, 4, 25, 6);
INSERT INTO Matches VALUES (1526, 22, 652, 635, 3, 0);
INSERT INTO Sets VALUES (1526, 1, 25, 1);
INSERT INTO Sets VALUES (1526, 2, 25, 17);
INSERT INTO Sets VALUES (1526, 3, 25, 13);
INSERT INTO Matches VALUES (1527, 22, 675, 648, 3, 0);
INSERT INTO Sets VALUES (1527, 1, 25, 12);
INSERT INTO Sets VALUES (1527, 2, 25, 5);
INSERT INTO Sets VALUES (1527, 3, 25, 20);
INSERT INTO Matches VALUES (1528, 22, 652, 659, 0, 3);
INSERT INTO Sets VALUES (1528, 1, 3, 25);
INSERT INTO Sets VALUES (1528, 2, 0, 25);
INSERT INTO Sets VALUES (1528, 3, -1, 25);
INSERT INTO Matches VALUES (1529, 22, 648, 671, 3, 1);
INSERT INTO Sets VALUES (1529, 1, 25, 7);
INSERT INTO Sets VALUES (1529, 2, 13, 25);
INSERT INTO Sets VALUES (1529, 3, 25, 5);
INSERT INTO Sets VALUES (1529, 4, 25, 0);
INSERT INTO Matches VALUES (1530, 22, 688, 635, NULL, NULL);
INSERT INTO Matches VALUES (1531, 22, 636, 675, 1, 3);
INSERT INTO Sets VALUES (1531, 1, 25, 21);
INSERT INTO Sets VALUES (1531, 2, 22, 25);
INSERT INTO Sets VALUES (1531, 3, 0, 25);
INSERT INTO Sets VALUES (1531, 4, -1, 25);
INSERT INTO Matches VALUES (1532, 22, 671, 636, 3, 2);
INSERT INTO Sets VALUES (1532, 1, -2, 25);
INSERT INTO Sets VALUES (1532, 2, -1, 25);
INSERT INTO Sets VALUES (1532, 3, 25, 21);
INSERT INTO Sets VALUES (1532, 4, 25, 6);
INSERT INTO Sets VALUES (1532, 5, 15, 3);
INSERT INTO Matches VALUES (1533, 22, 642, 659, 3, 0);
INSERT INTO Sets VALUES (1533, 1, 25, 0);
INSERT INTO Sets VALUES (1533, 2, 25, 0);
INSERT INTO Sets VALUES (1533, 3, 25, 12);
INSERT INTO Matches VALUES (1534, 22, 624, 671, 3, 0);
INSERT INTO Sets VALUES (1534, 1, 25, 20);
INSERT INTO Sets VALUES (1534, 2, 25, 4);
INSERT INTO Sets VALUES (1534, 3, 25, 17);
INSERT INTO Matches VALUES (1535, 22, 688, 648, 3, 0);
INSERT INTO Sets VALUES (1535, 1, 25, 2);
INSERT INTO Sets VALUES (1535, 2, 25, 0);
INSERT INTO Sets VALUES (1535, 3, 25, 2);
INSERT INTO Matches VALUES (1536, 22, 671, 675, 3, 2);
INSERT INTO Sets VALUES (1536, 1, 3, 25);
INSERT INTO Sets VALUES (1536, 2, 25, 15);
INSERT INTO Sets VALUES (1536, 3, 25, 13);
INSERT INTO Sets VALUES (1536, 4, 14, 25);
INSERT INTO Sets VALUES (1536, 5, 15, 12);
INSERT INTO Matches VALUES (1537, 22, 636, 635, 3, 1);
INSERT INTO Sets VALUES (1537, 1, 25, 17);
INSERT INTO Sets VALUES (1537, 2, 22, 25);
INSERT INTO Sets VALUES (1537, 3, 25, 21);
INSERT INTO Sets VALUES (1537, 4, 25, 10);
INSERT INTO Matches VALUES (1538, 22, 624, 671, 3, 0);
INSERT INTO Sets VALUES (1538, 1, 25, 16);
INSERT INTO Sets VALUES (1538, 2, 25, 2);
INSERT INTO Sets VALUES (1538, 3, 25, 21);
INSERT INTO Matches VALUES (1539, 22, 664, 652, NULL, NULL);
INSERT INTO Matches VALUES (1540, 22, 648, 652, 3, 0);
INSERT INTO Sets VALUES (1540, 1, 25, 11);
INSERT INTO Sets VALUES (1540, 2, 25, 18);
INSERT INTO Sets VALUES (1540, 3, 25, 17);
INSERT INTO Matches VALUES (1541, 22, 659, 642, 3, 1);
INSERT INTO Sets VALUES (1541, 1, 25, 17);
INSERT INTO Sets VALUES (1541, 2, 10, 25);
INSERT INTO Sets VALUES (1541, 3, 25, 12);
INSERT INTO Sets VALUES (1541, 4, 25, 12);
INSERT INTO Matches VALUES (1542, 22, 671, 636, 3, 2);
INSERT INTO Sets VALUES (1542, 1, 25, 5);
INSERT INTO Sets VALUES (1542, 2, 2, 25);
INSERT INTO Sets VALUES (1542, 3, 25, 15);
INSERT INTO Sets VALUES (1542, 4, 22, 25);
INSERT INTO Sets VALUES (1542, 5, 15, 6);
INSERT INTO Matches VALUES (1543, 22, 652, 642, 3, 1);
INSERT INTO Sets VALUES (1543, 1, 1, 25);
INSERT INTO Sets VALUES (1543, 2, 25, 15);
INSERT INTO Sets VALUES (1543, 3, 25, 8);
INSERT INTO Sets VALUES (1543, 4, 25, 17);
INSERT INTO Matches VALUES (1544, 22, 642, 675, 3, 1);
INSERT INTO Sets VALUES (1544, 1, 25, 6);
INSERT INTO Sets VALUES (1544, 2, 13, 25);
INSERT INTO Sets VALUES (1544, 3, 25, 7);
INSERT INTO Sets VALUES (1544, 4, 25, 22);
INSERT INTO Matches VALUES (1545, 22, 652, 675, 3, 0);
INSERT INTO Sets VALUES (1545, 1, 25, 4);
INSERT INTO Sets VALUES (1545, 2, 25, 10);
INSERT INTO Sets VALUES (1545, 3, 25, 9);
INSERT INTO Matches VALUES (1546, 22, 642, 688, 3, 1);
INSERT INTO Sets VALUES (1546, 1, 25, 11);
INSERT INTO Sets VALUES (1546, 2, 25, 7);
INSERT INTO Sets VALUES (1546, 3, 8, 25);
INSERT INTO Sets VALUES (1546, 4, 25, 15);
INSERT INTO Matches VALUES (1547, 22, 636, 671, 3, 0);
INSERT INTO Sets VALUES (1547, 1, 25, 18);
INSERT INTO Sets VALUES (1547, 2, 25, 13);
INSERT INTO Sets VALUES (1547, 3, 25, 20);
INSERT INTO Matches VALUES (1548, 22, 659, 671, 3, 0);
INSERT INTO Sets VALUES (1548, 1, 25, 6);
INSERT INTO Sets VALUES (1548, 2, 25, 1);
INSERT INTO Sets VALUES (1548, 3, 25, 12);
INSERT INTO Matches VALUES (1549, 22, 648, 652, 2, 3);
INSERT INTO Sets VALUES (1549, 1, 25, 7);
INSERT INTO Sets VALUES (1549, 2, 25, 3);
INSERT INTO Sets VALUES (1549, 3, 10, 25);
INSERT INTO Sets VALUES (1549, 4, 3, 25);
INSERT INTO Sets VALUES (1549, 5, 0, 15);
INSERT INTO Matches VALUES (1550, 22, 624, 659, 3, 0);
INSERT INTO Sets VALUES (1550, 1, 25, 7);
INSERT INTO Sets VALUES (1550, 2, 25, 7);
INSERT INTO Sets VALUES (1550, 3, 25, 8);
INSERT INTO Matches VALUES (1551, 22, 675, 671, 3, 2);
INSERT INTO Sets VALUES (1551, 1, 2, 25);
INSERT INTO Sets VALUES (1551, 2, 25, 17);
INSERT INTO Sets VALUES (1551, 3, 25, 12);
INSERT INTO Sets VALUES (1551, 4, 3, 25);
INSERT INTO Sets VALUES (1551, 5, 15, 12);
INSERT INTO Matches VALUES (1552, 22, 664, 675, 3, 0);
INSERT INTO Sets VALUES (1552, 1, 25, 7);
INSERT INTO Sets VALUES (1552, 2, 25, 20);
INSERT INTO Sets VALUES (1552, 3, 25, 4);
INSERT INTO Matches VALUES (1553, 22, 642, 664, 2, 3);
INSERT INTO Sets VALUES (1553, 1, 25, 18);
INSERT INTO Sets VALUES (1553, 2, 2, 25);
INSERT INTO Sets VALUES (1553, 3, 25, 22);
INSERT INTO Sets VALUES (1553, 4, 5, 25);
INSERT INTO Sets VALUES (1553, 5, 2, 15);
INSERT INTO Matches VALUES (1554, 22, 664, 652, 3, 1);
INSERT INTO Sets VALUES (1554, 1, 0, 25);
INSERT INTO Sets VALUES (1554, 2, 25, 10);
INSERT INTO Sets VALUES (1554, 3, 25, 20);
INSERT INTO Sets VALUES (1554, 4, 25, 8);
INSERT INTO Matches VALUES (1555, 22, 652, 648, 3, 0);
INSERT INTO Sets VALUES (1555, 1, 25, 15);
INSERT INTO Sets VALUES (1555, 2, 25, 15);
INSERT INTO Sets VALUES (1555, 3, 25, 5);
INSERT INTO Matches VALUES (1556, 22, 671, 648, 3, 0);
INSERT INTO Sets VALUES (1556, 1, 25, 8);
INSERT INTO Sets VALUES (1556, 2, 25, 21);
INSERT INTO Sets VALUES (1556, 3, 25, 15);
INSERT INTO Matches VALUES (1557, 22, 671, 635, 1, 3);
INSERT INTO Sets VALUES (1557, 1, 13, 25);
INSERT INTO Sets VALUES (1557, 2, 25, 1);
INSERT INTO Sets VALUES (1557, 3, 19, 25);
INSERT INTO Sets VALUES (1557, 4, 16, 25);
INSERT INTO Matches VALUES (1558, 22, 671, 659, 3, 1);
INSERT INTO Sets VALUES (1558, 1, 25, 1);
INSERT INTO Sets VALUES (1558, 2, 8, 25);
INSERT INTO Sets VALUES (1558, 3, 25, 14);
INSERT INTO Sets VALUES (1558, 4, 25, 9);
INSERT INTO Matches VALUES (1559, 22, 624, 642, 3, 1);
INSERT INTO Sets VALUES (1559, 1, 25, 16);
INSERT INTO Sets VALUES (1559, 2, 1, 25);
INSERT INTO Sets VALUES (1559, 3, 25, 21);
INSERT INTO Sets VALUES (1559, 4, 25, 11);
INSERT INTO Matches VALUES (1560, 22, 664, 675, 1, 3);
INSERT INTO Sets VALUES (1560, 1, 21, 25);
INSERT INTO Sets VALUES (1560, 2, 9, 25);
INSERT INTO Sets VALUES (1560, 3, 25, 16);
INSERT INTO Sets VALUES (1560, 4, 22, 25);
INSERT INTO Matches VALUES (1561, 22, 648, 624, 3, 1);
INSERT INTO Sets VALUES (1561, 1, 6, 25);
INSERT INTO Sets VALUES (1561, 2, 25, 5);
INSERT INTO Sets VALUES (1561, 3, 25, 0);
INSERT INTO Sets VALUES (1561, 4, 25, 3);
INSERT INTO Matches VALUES (1562, 22, 648, 675, 3, 2);
INSERT INTO Sets VALUES (1562, 1, 10, 25);
INSERT INTO Sets VALUES (1562, 2, 1, 25);
INSERT INTO Sets VALUES (1562, 3, 25, 1);
INSERT INTO Sets VALUES (1562, 4, 25, 22);
INSERT INTO Sets VALUES (1562, 5, 15, 10);
INSERT INTO Matches VALUES (1563, 22, 675, 688, 3, 0);
INSERT INTO Sets VALUES (1563, 1, 25, 2);
INSERT INTO Sets VALUES (1563, 2, 25, 11);
INSERT INTO Sets VALUES (1563, 3, 25, 20);
INSERT INTO Matches VALUES (1564, 22, 688, 664, 3, 1);
INSERT INTO Sets VALUES (1564, 1, 9, 25);
INSERT INTO Sets VALUES (1564, 2, 25, 7);
INSERT INTO Sets VALUES (1564, 3, 25, 7);
INSERT INTO Sets VALUES (1564, 4, 25, 10);
INSERT INTO Matches VALUES (1565, 22, 671, 642, 2, 3);
INSERT INTO Sets VALUES (1565, 1, 25, 9);
INSERT INTO Sets VALUES (1565, 2, 15, 25);
INSERT INTO Sets VALUES (1565, 3, 7, 25);
INSERT INTO Sets VALUES (1565, 4, 25, 17);
INSERT INTO Sets VALUES (1565, 5, 7, 15);
INSERT INTO Matches VALUES (1566, 22, 635, 664, 3, 1);
INSERT INTO Sets VALUES (1566, 1, 25, 13);
INSERT INTO Sets VALUES (1566, 2, 25, 6);
INSERT INTO Sets VALUES (1566, 3, 3, 25);
INSERT INTO Sets VALUES (1566, 4, 25, 2);
INSERT INTO Matches VALUES (1567, 22, 652, 624, 3, 1);
INSERT INTO Sets VALUES (1567, 1, 8, 25);
INSERT INTO Sets VALUES (1567, 2, 25, 9);
INSERT INTO Sets VALUES (1567, 3, 25, 10);
INSERT INTO Sets VALUES (1567, 4, 25, 13);
INSERT INTO Matches VALUES (1568, 22, 664, 688, 2, 3);
INSERT INTO Sets VALUES (1568, 1, 25, 19);
INSERT INTO Sets VALUES (1568, 2, 12, 25);
INSERT INTO Sets VALUES (1568, 3, 25, 19);
INSERT INTO Sets VALUES (1568, 4, 18, 25);
INSERT INTO Sets VALUES (1568, 5, 11, 15);
INSERT INTO Matches VALUES (1569, 22, 642, 652, 3, 1);
INSERT INTO Sets VALUES (1569, 1, 2, 25);
INSERT INTO Sets VALUES (1569, 2, 25, 5);
INSERT INTO Sets VALUES (1569, 3, 25, 6);
INSERT INTO Sets VALUES (1569, 4, 25, 21);
INSERT INTO Matches VALUES (1570, 22, 652, 664, 3, 0);
INSERT INTO Sets VALUES (1570, 1, 25, 8);
INSERT INTO Sets VALUES (1570, 2, 25, 13);
INSERT INTO Sets VALUES (1570, 3, 25, 19);
INSERT INTO Matches VALUES (1571, 22, 624, 652, 3, 0);
INSERT INTO Sets VALUES (1571, 1, 25, 7);
INSERT INTO Sets VALUES (1571, 2, 25, 2);
INSERT INTO Sets VALUES (1571, 3, 25, 14);
INSERT INTO Matches VALUES (1572, 22, 675, 635, 3, 1);
INSERT INTO Sets VALUES (1572, 1, 25, 18);
INSERT INTO Sets VALUES (1572, 2, 25, 11);
INSERT INTO Sets VALUES (1572, 3, 9, 25);
INSERT INTO Sets VALUES (1572, 4, 25, 20);
INSERT INTO Matches VALUES (1573, 22, 642, 659, 2, 3);
INSERT INTO Sets VALUES (1573, 1, 25, 5);
INSERT INTO Sets VALUES (1573, 2, 25, 4);
INSERT INTO Sets VALUES (1573, 3, 11, 25);
INSERT INTO Sets VALUES (1573, 4, 2, 25);
INSERT INTO Sets VALUES (1573, 5, 0, 15);
INSERT INTO Matches VALUES (1574, 22, 635, 659, 0, 3);
INSERT INTO Sets VALUES (1574, 1, 0, 25);
INSERT INTO Sets VALUES (1574, 2, -1, 25);
INSERT INTO Sets VALUES (1574, 3, -2, 25);
INSERT INTO Matches VALUES (1575, 22, 652, 659, 3, 1);
INSERT INTO Sets VALUES (1575, 1, 0, 25);
INSERT INTO Sets VALUES (1575, 2, 25, 3);
INSERT INTO Sets VALUES (1575, 3, 25, 2);
INSERT INTO Sets VALUES (1575, 4, 25, 11);
INSERT INTO Matches VALUES (1576, 22, 664, 675, 1, 3);
INSERT INTO Sets VALUES (1576, 1, 25, 4);
INSERT INTO Sets VALUES (1576, 2, 22, 25);
INSERT INTO Sets VALUES (1576, 3, 9, 25);
INSERT INTO Sets VALUES (1576, 4, 3, 25);
INSERT INTO Matches VALUES (1577, 22, 636, 659, 3, 0);
INSERT INTO Sets VALUES (1577, 1, 25, 8);
INSERT INTO Sets VALUES (1577, 2, 25, 4);
INSERT INTO Sets VALUES (1577, 3, 25, 2);
INSERT INTO Matches VALUES (1578, 22, 675, 636, 2, 3);
INSERT INTO Sets VALUES (1578, 1, 25, 22);
INSERT INTO Sets VALUES (1578, 2, 0, 25);
INSERT INTO Sets VALUES (1578, 3, 0, 25);
INSERT INTO Sets VALUES (1578, 4, 25, 5);
INSERT INTO Sets VALUES (1578, 5, 20, 15);
INSERT INTO Matches VALUES (1579, 22, 688, 659, 3, 2);
INSERT INTO Sets VALUES (1579, 1, 25, 14);
INSERT INTO Sets VALUES (1579, 2, 25, 8);
INSERT INTO Sets VALUES (1579, 3, 18, 25);
INSERT INTO Sets VALUES (1579, 4, 0, 25);
INSERT INTO Sets VALUES (1579, 5, 15, 0);
INSERT INTO Matches VALUES (1580, 22, 688, 636, 2, 3);
INSERT INTO Sets VALUES (1580, 1, 25, 11);
INSERT INTO Sets VALUES (1580, 2, 0, 25);
INSERT INTO Sets VALUES (1580, 3, -1, 25);
INSERT INTO Sets VALUES (1580, 4, 25, 3);
INSERT INTO Sets VALUES (1580, 5, 4, 15);
INSERT INTO Matches VALUES (1581, 22, 671, 624, 3, 1);
INSERT INTO Sets VALUES (1581, 1, 25, 18);
INSERT INTO Sets VALUES (1581, 2, 0, 25);
INSERT INTO Sets VALUES (1581, 3, 25, 8);
INSERT INTO Sets VALUES (1581, 4, 25, 17);
INSERT INTO Matches VALUES (1582, 22, 642, 636, 3, 0);
INSERT INTO Sets VALUES (1582, 1, 25, 6);
INSERT INTO Sets VALUES (1582, 2, 25, 19);
INSERT INTO Sets VALUES (1582, 3, 25, 5);
INSERT INTO Matches VALUES (1583, 22, 636, 652, 3, 2);
INSERT INTO Sets VALUES (1583, 1, 21, 25);
INSERT INTO Sets VALUES (1583, 2, 25, 2);
INSERT INTO Sets VALUES (1583, 3, 15, 25);
INSERT INTO Sets VALUES (1583, 4, 25, 7);
INSERT INTO Sets VALUES (1583, 5, 15, 8);
INSERT INTO Matches VALUES (1584, 22, 659, 675, 3, 2);
INSERT INTO Sets VALUES (1584, 1, 25, 22);
INSERT INTO Sets VALUES (1584, 2, 10, 25);
INSERT INTO Sets VALUES (1584, 3, 25, 13);
INSERT INTO Sets VALUES (1584, 4, 16, 25);
INSERT INTO Sets VALUES (1584, 5, 15, 4);
INSERT INTO Matches VALUES (1585, 22, 635, 671, 3, 0);
INSERT INTO Sets VALUES (1585, 1, 25, 1);
INSERT INTO Sets VALUES (1585, 2, 25, 1);
INSERT INTO Sets VALUES (1585, 3, 25, 5);
INSERT INTO Matches VALUES (1586, 22, 635, 636, 3, 1);
INSERT INTO Sets VALUES (1586, 1, 25, 1);
INSERT INTO Sets VALUES (1586, 2, 25, 3);
INSERT INTO Sets VALUES (1586, 3, 3, 25);
INSERT INTO Sets VALUES (1586, 4, 25, 16);
INSERT INTO Matches VALUES (1587, 22, 635, 675, 3, 0);
INSERT INTO Sets VALUES (1587, 1, 25, 4);
INSERT INTO Sets VALUES (1587, 2, 25, 1);
INSERT INTO Sets VALUES (1587, 3, 25, 4);
INSERT INTO Matches VALUES (1588, 22, 648, 652, 3, 1);
INSERT INTO Sets VALUES (1588, 1, 25, 15);
INSERT INTO Sets VALUES (1588, 2, 21, 25);
INSERT INTO Sets VALUES (1588, 3, 25, 21);
INSERT INTO Sets VALUES (1588, 4, 25, 14);
INSERT INTO Matches VALUES (1589, 22, 688, 635, 3, 0);
INSERT INTO Sets VALUES (1589, 1, 25, 2);
INSERT INTO Sets VALUES (1589, 2, 25, 1);
INSERT INTO Sets VALUES (1589, 3, 25, 10);
INSERT INTO Matches VALUES (1590, 22, 636, 659, 3, 0);
INSERT INTO Sets VALUES (1590, 1, 25, 15);
INSERT INTO Sets VALUES (1590, 2, 25, 10);
INSERT INTO Sets VALUES (1590, 3, 25, 8);
INSERT INTO Matches VALUES (1591, 22, 636, 659, 3, 2);
INSERT INTO Sets VALUES (1591, 1, 25, 4);
INSERT INTO Sets VALUES (1591, 2, 20, 25);
INSERT INTO Sets VALUES (1591, 3, 15, 25);
INSERT INTO Sets VALUES (1591, 4, 25, 5);
INSERT INTO Sets VALUES (1591, 5, 15, 5);
INSERT INTO Matches VALUES (1592, 22, 648, 664, 3, 2);
INSERT INTO Sets VALUES (1592, 1, 3, 25);
INSERT INTO Sets VALUES (1592, 2, 25, 1);
INSERT INTO Sets VALUES (1592, 3, 3, 25);
INSERT INTO Sets VALUES (1592, 4, 25, 15);
INSERT INTO Sets VALUES (1592, 5, 15, 6);
INSERT INTO Matches VALUES (1593, 22, 688, 635, 3, 1);
INSERT INTO Sets VALUES (1593, 1, 25, 21);
INSERT INTO Sets VALUES (1593, 2, 18, 25);
INSERT INTO Sets VALUES (1593, 3, 25, 9);
INSERT INTO Sets VALUES (1593, 4, 25, 1);
INSERT INTO Matches VALUES (1594, 22, 688, 648, 3, 0);
INSERT INTO Sets VALUES (1594, 1, 25, 11);
INSERT INTO Sets VALUES (1594, 2, 25, 9);
INSERT INTO Sets VALUES (1594, 3, 25, 13);
INSERT INTO Matches VALUES (1595, 22, 664, 624, 3, 0);
INSERT INTO Sets VALUES (1595, 1, 25, 17);
INSERT INTO Sets VALUES (1595, 2, 25, 3);
INSERT INTO Sets VALUES (1595, 3, 25, 18);
INSERT INTO Matches VALUES (1596, 22, 648, 636, 1, 3);
INSERT INTO Sets VALUES (1596, 1, 19, 25);
INSERT INTO Sets VALUES (1596, 2, 3, 25);
INSERT INTO Sets VALUES (1596, 3, 25, 20);
INSERT INTO Sets VALUES (1596, 4, 7, 25);
INSERT INTO Matches VALUES (1597, 22, 652, 648, 3, 0);
INSERT INTO Sets VALUES (1597, 1, 25, 14);
INSERT INTO Sets VALUES (1597, 2, 25, 4);
INSERT INTO Sets VALUES (1597, 3, 25, 12);
INSERT INTO Matches VALUES (1598, 22, 624, 636, 3, 1);
INSERT INTO Sets VALUES (1598, 1, 3, 25);
INSERT INTO Sets VALUES (1598, 2, 25, 14);
INSERT INTO Sets VALUES (1598, 3, 25, 5);
INSERT INTO Sets VALUES (1598, 4, 25, 9);
INSERT INTO Matches VALUES (1599, 23, 672, 668, 1, 3);
INSERT INTO Sets VALUES (1599, 1, 15, 25);
INSERT INTO Sets VALUES (1599, 2, 25, 11);
INSERT INTO Sets VALUES (1599, 3, 9, 25);
INSERT INTO Sets VALUES (1599, 4, 4, 25);
INSERT INTO Matches VALUES (1600, 23, 673, 654, 3, 2);
INSERT INTO Sets VALUES (1600, 1, 25, 8);
INSERT INTO Sets VALUES (1600, 2, 25, 19);
INSERT INTO Sets VALUES (1600, 3, 18, 25);
INSERT INTO Sets VALUES (1600, 4, 5, 25);
INSERT INTO Sets VALUES (1600, 5, 15, 0);
INSERT INTO Matches VALUES (1601, 23, 679, 683, 1, 3);
INSERT INTO Sets VALUES (1601, 1, 4, 25);
INSERT INTO Sets VALUES (1601, 2, 25, 0);
INSERT INTO Sets VALUES (1601, 3, 12, 25);
INSERT INTO Sets VALUES (1601, 4, 0, 25);
INSERT INTO Matches VALUES (1602, 23, 653, 668, 1, 3);
INSERT INTO Sets VALUES (1602, 1, 0, 25);
INSERT INTO Sets VALUES (1602, 2, 0, 25);
INSERT INTO Sets VALUES (1602, 3, 25, 7);
INSERT INTO Sets VALUES (1602, 4, 7, 25);
INSERT INTO Matches VALUES (1603, 23, 663, 628, NULL, NULL);
INSERT INTO Matches VALUES (1604, 23, 653, 668, 2, 3);
INSERT INTO Sets VALUES (1604, 1, 1, 25);
INSERT INTO Sets VALUES (1604, 2, 25, 11);
INSERT INTO Sets VALUES (1604, 3, 12, 25);
INSERT INTO Sets VALUES (1604, 4, 25, 11);
INSERT INTO Sets VALUES (1604, 5, 2, 15);
INSERT INTO Matches VALUES (1605, 23, 663, 649, 3, 0);
INSERT INTO Sets VALUES (1605, 1, 25, 15);
INSERT INTO Sets VALUES (1605, 2, 25, 8);
INSERT INTO Sets VALUES (1605, 3, 25, 12);
INSERT INTO Matches VALUES (1606, 23, 683, 679, 3, 1);
INSERT INTO Sets VALUES (1606, 1, 8, 25);
INSERT INTO Sets VALUES (1606, 2, 25, 3);
INSERT INTO Sets VALUES (1606, 3, 25, 3);
INSERT INTO Sets VALUES (1606, 4, 25, 9);
INSERT INTO Matches VALUES (1607, 23, 692, 673, 3, 2);
INSERT INTO Sets VALUES (1607, 1, 22, 25);
INSERT INTO Sets VALUES (1607, 2, 12, 25);
INSERT INTO Sets VALUES (1607, 3, 25, 1);
INSERT INTO Sets VALUES (1607, 4, 25, 15);
INSERT INTO Sets VALUES (1607, 5, 15, 11);
INSERT INTO Matches VALUES (1608, 23, 694, 668, 3, 0);
INSERT INTO Sets VALUES (1608, 1, 25, 16);
INSERT INTO Sets VALUES (1608, 2, 25, 22);
INSERT INTO Sets VALUES (1608, 3, 25, 13);
INSERT INTO Matches VALUES (1609, 23, 683, 663, 0, 3);
INSERT INTO Sets VALUES (1609, 1, 20, 25);
INSERT INTO Sets VALUES (1609, 2, 15, 25);
INSERT INTO Sets VALUES (1609, 3, 0, 25);
INSERT INTO Matches VALUES (1610, 23, 683, 653, 3, 2);
INSERT INTO Sets VALUES (1610, 1, 0, 25);
INSERT INTO Sets VALUES (1610, 2, 25, 17);
INSERT INTO Sets VALUES (1610, 3, 15, 25);
INSERT INTO Sets VALUES (1610, 4, 25, 22);
INSERT INTO Sets VALUES (1610, 5, 15, 4);
INSERT INTO Matches VALUES (1611, 23, 654, 692, 3, 1);
INSERT INTO Sets VALUES (1611, 1, 25, 12);
INSERT INTO Sets VALUES (1611, 2, 25, 5);
INSERT INTO Sets VALUES (1611, 3, 20, 25);
INSERT INTO Sets VALUES (1611, 4, 25, 16);
INSERT INTO Matches VALUES (1612, 23, 673, 683, 3, 1);
INSERT INTO Sets VALUES (1612, 1, 19, 25);
INSERT INTO Sets VALUES (1612, 2, 25, 10);
INSERT INTO Sets VALUES (1612, 3, 25, 16);
INSERT INTO Sets VALUES (1612, 4, 25, 20);
INSERT INTO Matches VALUES (1613, 23, 668, 673, 1, 3);
INSERT INTO Sets VALUES (1613, 1, 11, 25);
INSERT INTO Sets VALUES (1613, 2, 25, 6);
INSERT INTO Sets VALUES (1613, 3, 1, 25);
INSERT INTO Sets VALUES (1613, 4, 0, 25);
INSERT INTO Matches VALUES (1614, 23, 673, 679, 3, 2);
INSERT INTO Sets VALUES (1614, 1, -1, 25);
INSERT INTO Sets VALUES (1614, 2, 25, 22);
INSERT INTO Sets VALUES (1614, 3, 10, 25);
INSERT INTO Sets VALUES (1614, 4, 25, 18);
INSERT INTO Sets VALUES (1614, 5, 15, 6);
INSERT INTO Matches VALUES (1615, 23, 694, 644, 3, 1);
INSERT INTO Sets VALUES (1615, 1, 25, 0);
INSERT INTO Sets VALUES (1615, 2, 25, 21);
INSERT INTO Sets VALUES (1615, 3, 22, 25);
INSERT INTO Sets VALUES (1615, 4, 25, 4);
INSERT INTO Matches VALUES (1616, 23, 649, 654, 3, 0);
INSERT INTO Sets VALUES (1616, 1, 25, 10);
INSERT INTO Sets VALUES (1616, 2, 25, 18);
INSERT INTO Sets VALUES (1616, 3, 25, 16);
INSERT INTO Matches VALUES (1617, 23, 683, 653, 3, 0);
INSERT INTO Sets VALUES (1617, 1, 25, 12);
INSERT INTO Sets VALUES (1617, 2, 25, 21);
INSERT INTO Sets VALUES (1617, 3, 25, 14);
INSERT INTO Matches VALUES (1618, 23, 644, 654, 3, 1);
INSERT INTO Sets VALUES (1618, 1, 18, 25);
INSERT INTO Sets VALUES (1618, 2, 25, 4);
INSERT INTO Sets VALUES (1618, 3, 25, 17);
INSERT INTO Sets VALUES (1618, 4, 25, 13);
INSERT INTO Matches VALUES (1619, 23, 679, 628, 3, 2);
INSERT INTO Sets VALUES (1619, 1, 13, 25);
INSERT INTO Sets VALUES (1619, 2, 6, 25);
INSERT INTO Sets VALUES (1619, 3, 25, 17);
INSERT INTO Sets VALUES (1619, 4, 25, 6);
INSERT INTO Sets VALUES (1619, 5, 15, 2);
INSERT INTO Matches VALUES (1620, 23, 672, 654, 3, 0);
INSERT INTO Sets VALUES (1620, 1, 25, 22);
INSERT INTO Sets VALUES (1620, 2, 25, 12);
INSERT INTO Sets VALUES (1620, 3, 25, 8);
INSERT INTO Matches VALUES (1621, 23, 628, 672, 3, 1);
INSERT INTO Sets VALUES (1621, 1, 25, 8);
INSERT INTO Sets VALUES (1621, 2, 25, 12);
INSERT INTO Sets VALUES (1621, 3, 11, 25);
INSERT INTO Sets VALUES (1621, 4, 25, 19);
INSERT INTO Matches VALUES (1622, 23, 683, 649, 1, 3);
INSERT INTO Sets VALUES (1622, 1, 20, 25);
INSERT INTO Sets VALUES (1622, 2, 25, 19);
INSERT INTO Sets VALUES (1622, 3, 18, 25);
INSERT INTO Sets VALUES (1622, 4, 12, 25);
INSERT INTO Matches VALUES (1623, 23, 628, 694, 3, 2);
INSERT INTO Sets VALUES (1623, 1, 25, 13);
INSERT INTO Sets VALUES (1623, 2, 10, 25);
INSERT INTO Sets VALUES (1623, 3, 4, 25);
INSERT INTO Sets VALUES (1623, 4, 25, 2);
INSERT INTO Sets VALUES (1623, 5, 15, 11);
INSERT INTO Matches VALUES (1624, 23, 668, 654, 3, 0);
INSERT INTO Sets VALUES (1624, 1, 25, 7);
INSERT INTO Sets VALUES (1624, 2, 25, 1);
INSERT INTO Sets VALUES (1624, 3, 25, 17);
INSERT INTO Matches VALUES (1625, 23, 694, 653, 3, 0);
INSERT INTO Sets VALUES (1625, 1, 25, 18);
INSERT INTO Sets VALUES (1625, 2, 25, 17);
INSERT INTO Sets VALUES (1625, 3, 25, 1);
INSERT INTO Matches VALUES (1626, 23, 628, 649, 3, 2);
INSERT INTO Sets VALUES (1626, 1, 25, 7);
INSERT INTO Sets VALUES (1626, 2, 25, 6);
INSERT INTO Sets VALUES (1626, 3, 2, 25);
INSERT INTO Sets VALUES (1626, 4, 0, 25);
INSERT INTO Sets VALUES (1626, 5, 15, 1);
INSERT INTO Matches VALUES (1627, 23, 644, 663, 2, 3);
INSERT INTO Sets VALUES (1627, 1, 25, 8);
INSERT INTO Sets VALUES (1627, 2, 25, 3);
INSERT INTO Sets VALUES (1627, 3, 16, 25);
INSERT INTO Sets VALUES (1627, 4, 7, 25);
INSERT INTO Sets VALUES (1627, 5, 0, 15);
INSERT INTO Matches VALUES (1628, 23, 644, 649, 3, 2);
INSERT INTO Sets VALUES (1628, 1, 0, 25);
INSERT INTO Sets VALUES (1628, 2, 25, 2);
INSERT INTO Sets VALUES (1628, 3, 14, 25);
INSERT INTO Sets VALUES (1628, 4, 25, 8);
INSERT INTO Sets VALUES (1628, 5, 15, 3);
INSERT INTO Matches VALUES (1629, 23, 683, 692, NULL, NULL);
INSERT INTO Matches VALUES (1630, 23, 694, 679, 2, 3);
INSERT INTO Sets VALUES (1630, 1, 25, 4);
INSERT INTO Sets VALUES (1630, 2, 25, 21);
INSERT INTO Sets VALUES (1630, 3, 13, 25);
INSERT INTO Sets VALUES (1630, 4, 6, 25);
INSERT INTO Sets VALUES (1630, 5, 3, 15);
INSERT INTO Matches VALUES (1631, 23, 683, 672, 3, 2);
INSERT INTO Sets VALUES (1631, 1, 0, 25);
INSERT INTO Sets VALUES (1631, 2, -1, 25);
INSERT INTO Sets VALUES (1631, 3, 25, 16);
INSERT INTO Sets VALUES (1631, 4, 25, 7);
INSERT INTO Sets VALUES (1631, 5, 15, 6);
INSERT INTO Matches VALUES (1632, 23, 628, 673, 3, 0);
INSERT INTO Sets VALUES (1632, 1, 25, 5);
INSERT INTO Sets VALUES (1632, 2, 25, 7);
INSERT INTO Sets VALUES (1632, 3, 25, 8);
INSERT INTO Matches VALUES (1633, 23, 673, 672, 3, 0);
INSERT INTO Sets VALUES (1633, 1, 25, 21);
INSERT INTO Sets VALUES (1633, 2, 25, 21);
INSERT INTO Sets VALUES (1633, 3, 25, 13);
INSERT INTO Matches VALUES (1634, 23, 663, 653, 3, 1);
INSERT INTO Sets VALUES (1634, 1, 3, 25);
INSERT INTO Sets VALUES (1634, 2, 25, 17);
INSERT INTO Sets VALUES (1634, 3, 25, 9);
INSERT INTO Sets VALUES (1634, 4, 25, 12);
INSERT INTO Matches VALUES (1635, 23, 649, 644, 3, 0);
INSERT INTO Sets VALUES (1635, 1, 25, 18);
INSERT INTO Sets VALUES (1635, 2, 25, 9);
INSERT INTO Sets VALUES (1635, 3, 25, 20);
INSERT INTO Matches VALUES (1636, 23, 663, 679, 3, 0);
INSERT INTO Sets VALUES (1636, 1, 25, 8);
INSERT INTO Sets VALUES (1636, 2, 25, 9);
INSERT INTO Sets VALUES (1636, 3, 25, 16);
INSERT INTO Matches VALUES (1637, 23, 683, 694, 3, 0);
INSERT INTO Sets VALUES (1637, 1, 25, 13);
INSERT INTO Sets VALUES (1637, 2, 25, 1);
INSERT INTO Sets VALUES (1637, 3, 25, 19);
INSERT INTO Matches VALUES (1638, 23, 654, 668, 3, 0);
INSERT INTO Sets VALUES (1638, 1, 25, 2);
INSERT INTO Sets VALUES (1638, 2, 25, 6);
INSERT INTO Sets VALUES (1638, 3, 25, 17);
INSERT INTO Matches VALUES (1639, 23, 673, 672, NULL, NULL);
INSERT INTO Matches VALUES (1640, 23, 683, 654, 3, 1);
INSERT INTO Sets VALUES (1640, 1, 25, 4);
INSERT INTO Sets VALUES (1640, 2, 25, 14);
INSERT INTO Sets VALUES (1640, 3, 16, 25);
INSERT INTO Sets VALUES (1640, 4, 25, 11);
INSERT INTO Matches VALUES (1641, 23, 653, 644, 3, 1);
INSERT INTO Sets VALUES (1641, 1, 25, 11);
INSERT INTO Sets VALUES (1641, 2, 9, 25);
INSERT INTO Sets VALUES (1641, 3, 25, 5);
INSERT INTO Sets VALUES (1641, 4, 25, 5);
INSERT INTO Matches VALUES (1642, 23, 654, 663, 3, 2);
INSERT INTO Sets VALUES (1642, 1, 1, 25);
INSERT INTO Sets VALUES (1642, 2, 25, 10);
INSERT INTO Sets VALUES (1642, 3, 25, 17);
INSERT INTO Sets VALUES (1642, 4, 14, 25);
INSERT INTO Sets VALUES (1642, 5, 15, 7);
INSERT INTO Matches VALUES (1643, 23, 628, 663, 3, 2);
INSERT INTO Sets VALUES (1643, 1, 1, 25);
INSERT INTO Sets VALUES (1643, 2, 25, 21);
INSERT INTO Sets VALUES (1643, 3, 3, 25);
INSERT INTO Sets VALUES (1643, 4, 25, 16);
INSERT INTO Sets VALUES (1643, 5, 15, 6);
INSERT INTO Matches VALUES (1644, 23, 673, 649, 3, 1);
INSERT INTO Sets VALUES (1644, 1, 25, 6);
INSERT INTO Sets VALUES (1644, 2, 25, 6);
INSERT INTO Sets VALUES (1644, 3, 19, 25);
INSERT INTO Sets VALUES (1644, 4, 25, 3);
INSERT INTO Matches VALUES (1645, 23, 628, 653, NULL, NULL);
INSERT INTO Matches VALUES (1646, 23, 679, 663, 3, 0);
INSERT INTO Sets VALUES (1646, 1, 25, 1);
INSERT INTO Sets VALUES (1646, 2, 25, 3);
INSERT INTO Sets VALUES (1646, 3, 25, 1);
INSERT INTO Matches VALUES (1647, 23, 683, 673, 3, 0);
INSERT INTO Sets VALUES (1647, 1, 25, 16);
INSERT INTO Sets VALUES (1647, 2, 25, 6);
INSERT INTO Sets VALUES (1647, 3, 25, 11);
INSERT INTO Matches VALUES (1648, 23, 692, 679, 3, 1);
INSERT INTO Sets VALUES (1648, 1, 25, 14);
INSERT INTO Sets VALUES (1648, 2, 25, 4);
INSERT INTO Sets VALUES (1648, 3, 10, 25);
INSERT INTO Sets VALUES (1648, 4, 25, 17);
INSERT INTO Matches VALUES (1649, 23, 653, 628, 2, 3);
INSERT INTO Sets VALUES (1649, 1, 22, 25);
INSERT INTO Sets VALUES (1649, 2, 25, 3);
INSERT INTO Sets VALUES (1649, 3, 25, 10);
INSERT INTO Sets VALUES (1649, 4, 7, 25);
INSERT INTO Sets VALUES (1649, 5, 0, 15);
INSERT INTO Matches VALUES (1650, 23, 692, 628, 0, 3);
INSERT INTO Sets VALUES (1650, 1, -1, 25);
INSERT INTO Sets VALUES (1650, 2, 0, 25);
INSERT INTO Sets VALUES (1650, 3, 0, 25);
INSERT INTO Matches VALUES (1651, 23, 653, 692, 3, 1);
INSERT INTO Sets VALUES (1651, 1, 25, 0);
INSERT INTO Sets VALUES (1651, 2, 18, 25);
INSERT INTO Sets VALUES (1651, 3, 25, 18);
INSERT INTO Sets VALUES (1651, 4, 25, 11);
INSERT INTO Matches VALUES (1652, 23, 649, 644, 2, 3);
INSERT INTO Sets VALUES (1652, 1, 25, 5);
INSERT INTO Sets VALUES (1652, 2, 25, 12);
INSERT INTO Sets VALUES (1652, 3, 15, 25);
INSERT INTO Sets VALUES (1652, 4, 12, 25);
INSERT INTO Sets VALUES (1652, 5, 1, 15);
INSERT INTO Matches VALUES (1653, 23, 673, 628, 3, 0);
INSERT INTO Sets VALUES (1653, 1, 25, 20);
INSERT INTO Sets VALUES (1653, 2, 25, 1);
INSERT INTO Sets VALUES (1653, 3, 25, 10);
INSERT INTO Matches VALUES (1654, 23, 663, 644, 3, 1);
INSERT INTO Sets VALUES (1654, 1, 2, 25);
INSERT INTO Sets VALUES (1654, 2, 25, 16);
INSERT INTO Sets VALUES (1654, 3, 25, 15);
INSERT INTO Sets VALUES (1654, 4, 25, 18);
INSERT INTO Matches VALUES (1655, 23, 668, 649, 3, 2);
INSERT INTO Sets VALUES (1655, 1, 21, 25);
INSERT INTO Sets VALUES (1655, 2, 25, 7);
INSERT INTO Sets VALUES (1655, 3, 16, 25);
INSERT INTO Sets VALUES (1655, 4, 25, 17);
INSERT INTO Sets VALUES (1655, 5, 15, 12);
INSERT INTO Matches VALUES (1656, 23, 672, 663, NULL, NULL);
INSERT INTO Matches VALUES (1657, 23, 694, 653, 1, 3);
INSERT INTO Sets VALUES (1657, 1, 5, 25);
INSERT INTO Sets VALUES (1657, 2, 1, 25);
INSERT INTO Sets VALUES (1657, 3, 25, 5);
INSERT INTO Sets VALUES (1657, 4, 1, 25);
INSERT INTO Matches VALUES (1658, 23, 692, 663, 3, 1);
INSERT INTO Sets VALUES (1658, 1, 25, 11);
INSERT INTO Sets VALUES (1658, 2, 25, 12);
INSERT INTO Sets VALUES (1658, 3, 17, 25);
INSERT INTO Sets VALUES (1658, 4, 25, 2);
INSERT INTO Matches VALUES (1659, 23, 679, 644, 3, 0);
INSERT INTO Sets VALUES (1659, 1, 25, 19);
INSERT INTO Sets VALUES (1659, 2, 25, 20);
INSERT INTO Sets VALUES (1659, 3, 25, 3);
INSERT INTO Matches VALUES (1660, 23, 692, 668, 3, 1);
INSERT INTO Sets VALUES (1660, 1, 25, 13);
INSERT INTO Sets VALUES (1660, 2, 3, 25);
INSERT INTO Sets VALUES (1660, 3, 25, 17);
INSERT INTO Sets VALUES (1660, 4, 25, 17);
INSERT INTO Matches VALUES (1661, 23, 672, 679, 2, 3);
INSERT INTO Sets VALUES (1661, 1, 19, 25);
INSERT INTO Sets VALUES (1661, 2, 25, 20);
INSERT INTO Sets VALUES (1661, 3, 25, 7);
INSERT INTO Sets VALUES (1661, 4, 16, 25);
INSERT INTO Sets VALUES (1661, 5, 11, 15);
INSERT INTO Matches VALUES (1662, 23, 654, 628, 0, 3);
INSERT INTO Sets VALUES (1662, 1, 3, 25);
INSERT INTO Sets VALUES (1662, 2, 0, 25);
INSERT INTO Sets VALUES (1662, 3, 0, 25);
INSERT INTO Matches VALUES (1663, 23, 694, 628, 3, 0);
INSERT INTO Sets VALUES (1663, 1, 25, 7);
INSERT INTO Sets VALUES (1663, 2, 25, 3);
INSERT INTO Sets VALUES (1663, 3, 25, 22);
INSERT INTO Matches VALUES (1664, 23, 628, 692, 3, 2);
INSERT INTO Sets VALUES (1664, 1, 25, 0);
INSERT INTO Sets VALUES (1664, 2, 15, 25);
INSERT INTO Sets VALUES (1664, 3, 25, 11);
INSERT INTO Sets VALUES (1664, 4, 12, 25);
INSERT INTO Sets VALUES (1664, 5, 15, 6);
INSERT INTO Matches VALUES (1665, 23, 649, 644, 3, 1);
INSERT INTO Sets VALUES (1665, 1, 25, 19);
INSERT INTO Sets VALUES (1665, 2, 25, 18);
INSERT INTO Sets VALUES (1665, 3, 11, 25);
INSERT INTO Sets VALUES (1665, 4, 25, 14);
INSERT INTO Matches VALUES (1666, 23, 644, 653, 3, 1);
INSERT INTO Sets VALUES (1666, 1, 25, 18);
INSERT INTO Sets VALUES (1666, 2, 0, 25);
INSERT INTO Sets VALUES (1666, 3, 25, 1);
INSERT INTO Sets VALUES (1666, 4, 25, 7);
INSERT INTO Matches VALUES (1667, 23, 628, 692, 3, 2);
INSERT INTO Sets VALUES (1667, 1, 15, 25);
INSERT INTO Sets VALUES (1667, 2, 25, 14);
INSERT INTO Sets VALUES (1667, 3, 25, 14);
INSERT INTO Sets VALUES (1667, 4, 20, 25);
INSERT INTO Sets VALUES (1667, 5, 15, 0);
INSERT INTO Matches VALUES (1668, 23, 649, 663, 3, 0);
INSERT INTO Sets VALUES (1668, 1, 25, 21);
INSERT INTO Sets VALUES (1668, 2, 25, 11);
INSERT INTO Sets VALUES (1668, 3, 25, 11);
INSERT INTO Matches VALUES (1669, 23, 694, 673, 3, 0);
INSERT INTO Sets VALUES (1669, 1, 25, 18);
INSERT INTO Sets VALUES (1669, 2, 25, 22);
INSERT INTO Sets VALUES (1669, 3, 25, 5);
INSERT INTO Matches VALUES (1670, 23, 673, 692, NULL, NULL);
INSERT INTO Matches VALUES (1671, 23, 654, 694, 3, 1);
INSERT INTO Sets VALUES (1671, 1, 11, 25);
INSERT INTO Sets VALUES (1671, 2, 25, 7);
INSERT INTO Sets VALUES (1671, 3, 25, 1);
INSERT INTO Sets VALUES (1671, 4, 25, 13);
INSERT INTO Matches VALUES (1672, 23, 654, 663, 3, 2);
INSERT INTO Sets VALUES (1672, 1, 5, 25);
INSERT INTO Sets VALUES (1672, 2, 25, 15);
INSERT INTO Sets VALUES (1672, 3, 17, 25);
INSERT INTO Sets VALUES (1672, 4, 25, 13);
INSERT INTO Sets VALUES (1672, 5, 15, 6);
INSERT INTO Matches VALUES (1673, 23, 672, 653, 3, 1);
INSERT INTO Sets VALUES (1673, 1, 25, 13);
INSERT INTO Sets VALUES (1673, 2, 5, 25);
INSERT INTO Sets VALUES (1673, 3, 25, 2);
INSERT INTO Sets VALUES (1673, 4, 25, 19);
INSERT INTO Matches VALUES (1674, 23, 692, 679, NULL, NULL);
INSERT INTO Matches VALUES (1675, 23, 654, 644, 3, 0);
INSERT INTO Sets VALUES (1675, 1, 25, 0);
INSERT INTO Sets VALUES (1675, 2, 25, 5);
INSERT INTO Sets VALUES (1675, 3, 25, 22);
INSERT INTO Matches VALUES (1676, 23, 628, 654, 3, 1);
INSERT INTO Sets VALUES (1676, 1, 25, 11);
INSERT INTO Sets VALUES (1676, 2, 25, 6);
INSERT INTO Sets VALUES (1676, 3, 8, 25);
INSERT INTO Sets VALUES (1676, 4, 25, 10);
INSERT INTO Matches VALUES (1677, 23, 692, 694, 3, 1);
INSERT INTO Sets VALUES (1677, 1, 9, 25);
INSERT INTO Sets VALUES (1677, 2, 25, 2);
INSERT INTO Sets VALUES (1677, 3, 25, 18);
INSERT INTO Sets VALUES (1677, 4, 25, 20);
INSERT INTO Matches VALUES (1678, 23, 683, 679, 3, 1);
INSERT INTO Sets VALUES (1678, 1, 14, 25);
INSERT INTO Sets VALUES (1678, 2, 25, 12);
INSERT INTO Sets VALUES (1678, 3, 25, 14);
INSERT INTO Sets VALUES (1678, 4, 25, 15);
INSERT INTO Matches VALUES (1679, 23, 654, 672, 3, 0);
INSERT INTO Sets VALUES (1679, 1, 25, 4);
INSERT INTO Sets VALUES (1679, 2, 25, 20);
INSERT INTO Sets VALUES (1679, 3, 25, 14);
INSERT INTO Matches VALUES (1680, 23, 668, 672, 1, 3);
INSERT INTO Sets VALUES (1680, 1, 22, 25);
INSERT INTO Sets VALUES (1680, 2, 5, 25);
INSERT INTO Sets VALUES (1680, 3, 25, 10);
INSERT INTO Sets VALUES (1680, 4, 20, 25);
INSERT INTO Matches VALUES (1681, 23, 692, 653, 3, 0);
INSERT INTO Sets VALUES (1681, 1, 25, 17);
INSERT INTO Sets VALUES (1681, 2, 25, 0);
INSERT INTO Sets VALUES (1681, 3, 25, 0);
INSERT INTO Matches VALUES (1682, 23, 654, 663, 3, 1);
INSERT INTO Sets VALUES (1682, 1, 25, 21);
INSERT INTO Sets VALUES (1682, 2, 13, 25);
INSERT INTO Sets VALUES (1682, 3, 25, 10);
INSERT INTO Sets VALUES (1682, 4, 25, 15);
INSERT INTO Matches VALUES (1683, 23, 672, 663, 3, 2);
INSERT INTO Sets VALUES (1683, 1, 18, 25);
INSERT INTO Sets VALUES (1683, 2, 11, 25);
INSERT INTO Sets VALUES (1683, 3, 25, 7);
INSERT INTO Sets VALUES (1683, 4, 25, 1);
INSERT INTO Sets VALUES (1683, 5, 15, 9);
INSERT INTO Matches VALUES (1684, 23, 649, 668, 3, 0);
INSERT INTO Sets VALUES (1684, 1, 25, 16);
INSERT INTO Sets VALUES (1684, 2, 25, 1);
INSERT INTO Sets VALUES (1684, 3, 25, 19);
INSERT INTO Matches VALUES (1685, 23, 663, 692, 3, 1);
INSERT INTO Sets VALUES (1685, 1, 25, 15);
INSERT INTO Sets VALUES (1685, 2, 25, 11);
INSERT INTO Sets VALUES (1685, 3, 10, 25);
INSERT INTO Sets VALUES (1685, 4, 25, 19);
INSERT INTO Matches VALUES (1686, 23, 649, 654, 3, 0);
INSERT INTO Sets VALUES (1686, 1, 25, 4);
INSERT INTO Sets VALUES (1686, 2, 25, 1);
INSERT INTO Sets VALUES (1686, 3, 25, 9);
INSERT INTO Matches VALUES (1687, 23, 628, 649, 3, 1);
INSERT INTO Sets VALUES (1687, 1, 25, 0);
INSERT INTO Sets VALUES (1687, 2, 25, 7);
INSERT INTO Sets VALUES (1687, 3, 18, 25);
INSERT INTO Sets VALUES (1687, 4, 25, 4);
INSERT INTO Matches VALUES (1688, 23, 668, 692, 3, 2);
INSERT INTO Sets VALUES (1688, 1, 1, 25);
INSERT INTO Sets VALUES (1688, 2, 25, 6);
INSERT INTO Sets VALUES (1688, 3, 13, 25);
INSERT INTO Sets VALUES (1688, 4, 25, 9);
INSERT INTO Sets VALUES (1688, 5, 15, 11);
INSERT INTO Matches VALUES (1689, 23, 673, 692, 3, 1);
INSERT INTO Sets VALUES (1689, 1, 25, 19);
INSERT INTO Sets VALUES (1689, 2, 25, 19);
INSERT INTO Sets VALUES (1689, 3, 4, 25);
INSERT INTO Sets VALUES (1689, 4, 25, 10);
INSERT INTO Matches VALUES (1690, 23, 663, 673, 3, 2);
INSERT INTO Sets VALUES (1690, 1, 8, 25);
INSERT INTO Sets VALUES (1690, 2, 25, 6);
INSERT INTO Sets VALUES (1690, 3, 17, 25);
INSERT INTO Sets VALUES (1690, 4, 25, 17);
INSERT INTO Sets VALUES (1690, 5, 15, 9);
INSERT INTO Matches VALUES (1691, 23, 649, 673, 3, 2);
INSERT INTO Sets VALUES (1691, 1, 8, 25);
INSERT INTO Sets VALUES (1691, 2, 25, 2);
INSERT INTO Sets VALUES (1691, 3, 2, 25);
INSERT INTO Sets VALUES (1691, 4, 25, 14);
INSERT INTO Sets VALUES (1691, 5, 15, 7);
INSERT INTO Matches VALUES (1692, 23, 644, 668, 3, 0);
INSERT INTO Sets VALUES (1692, 1, 25, 7);
INSERT INTO Sets VALUES (1692, 2, 25, 9);
INSERT INTO Sets VALUES (1692, 3, 25, 14);
INSERT INTO Matches VALUES (1693, 23, 673, 694, 3, 2);
INSERT INTO Sets VALUES (1693, 1, 4, 25);
INSERT INTO Sets VALUES (1693, 2, 25, 22);
INSERT INTO Sets VALUES (1693, 3, 25, 8);
INSERT INTO Sets VALUES (1693, 4, 19, 25);
INSERT INTO Sets VALUES (1693, 5, 15, 7);
INSERT INTO Matches VALUES (1694, 23, 649, 654, 1, 3);
INSERT INTO Sets VALUES (1694, 1, 8, 25);
INSERT INTO Sets VALUES (1694, 2, 5, 25);
INSERT INTO Sets VALUES (1694, 3, 25, 20);
INSERT INTO Sets VALUES (1694, 4, 20, 25);
INSERT INTO Matches VALUES (1695, 23, 679, 694, 3, 1);
INSERT INTO Sets VALUES (1695, 1, 25, 18);
INSERT INTO Sets VALUES (1695, 2, 22, 25);
INSERT INTO Sets VALUES (1695, 3, 25, 21);
INSERT INTO Sets VALUES (1695, 4, 25, 5);
INSERT INTO Matches VALUES (1696, 23, 673, 628, 3, 0);
INSERT INTO Sets VALUES (1696, 1, 25, 16);
INSERT INTO Sets VALUES (1696, 2, 25, 6);
INSERT INTO Sets VALUES (1696, 3, 25, 19);
INSERT INTO Matches VALUES (1697, 23, 663, 628, 0, 3);
INSERT INTO Sets VALUES (1697, 1, 4, 25);
INSERT INTO Sets VALUES (1697, 2, 1, 25);
INSERT INTO Sets VALUES (1697, 3, 0, 25);
INSERT INTO Matches VALUES (1698, 23, 649, 679, 3, 2);
INSERT INTO Sets VALUES (1698, 1, -1, 25);
INSERT INTO Sets VALUES (1698, 2, 25, 15);
INSERT INTO Sets VALUES (1698, 3, 25, 11);
INSERT INTO Sets VALUES (1698, 4, 14, 25);
INSERT INTO Sets VALUES (1698, 5, 15, 12);
INSERT INTO Matches VALUES (1699, 23, 654, 694, 3, 0);
INSERT INTO Sets VALUES (1699, 1, 25, 3);
INSERT INTO Sets VALUES (1699, 2, 25, 6);
INSERT INTO Sets VALUES (1699, 3, 25, 8);
INSERT INTO Matches VALUES (1700, 23, 628, 649, 0, 3);
INSERT INTO Sets VALUES (1700, 1, 12, 25);
INSERT INTO Sets VALUES (1700, 2, 1, 25);
INSERT INTO Sets VALUES (1700, 3, 0, 25);
INSERT INTO Matches VALUES (1701, 23, 663, 683, 3, 1);
INSERT INTO Sets VALUES (1701, 1, 25, 2);
INSERT INTO Sets VALUES (1701, 2, 25, 12);
INSERT INTO Sets VALUES (1701, 3, 5, 25);
INSERT INTO Sets VALUES (1701, 4, 25, 14);
INSERT INTO Matches VALUES (1702, 23, 694, 683, NULL, NULL);
INSERT INTO Matches VALUES (1703, 23, 683, 692, NULL, NULL);
INSERT INTO Matches VALUES (1704, 23, 672, 668, 3, 2);
INSERT INTO Sets VALUES (1704, 1, 25, 20);
INSERT INTO Sets VALUES (1704, 2, 18, 25);
INSERT INTO Sets VALUES (1704, 3, 11, 25);
INSERT INTO Sets VALUES (1704, 4, 25, 11);
INSERT INTO Sets VALUES (1704, 5, 15, 10);
INSERT INTO TeamsInDivisions VALUES (401, 1);
INSERT INTO TeamsInDivisions VALUES (403, 4);
INSERT INTO TeamsInDivisions VALUES (404, 16);
INSERT INTO TeamsInDivisions VALUES (407, 19);
INSERT INTO TeamsInDivisions VALUES (409, 22);
INSERT INTO TeamsInDivisions VALUES (51, 5);

COMMIT;
